<?xml version="1.0" encoding="UTF-8"?>

<Immunization xmlns="http://hl7.org/fhir">
  <id value="immunization-example-not-given-stock"/>
  <meta>
    <profile value="https://www.hl7belgium.org/fhir/StructureDefinition/be-vaccination"/>
  </meta>
  <language value="nl-BE"/>
  <text>
    <status value="extensions"/><div xmlns="http://www.w3.org/1999/xhtml" xml:lang="nl-BE" lang="nl-BE"><p><b>Generated Narrative</b></p><p><b>Who recorded the information</b>: <a href="Organization-org-kind-en-gezin.html">Generated Summary: id: 457223509; active; name: Kind en Gezin; https://www.kindengezin.be/</a></p><p><b>Location (reference, code or text) of the vaccination</b>: <a href="Organization-org-kind-en-gezin.html">Generated Summary: id: 457223509; active; name: Kind en Gezin; https://www.kindengezin.be/</a></p><p><b>identifier</b>: id: 6025645645645</p><p><b>status</b>: not-done</p><p><b>statusReason</b>: <span title="Codes: ">Geen voorraad</span></p><p><b>vaccineCode</b>: <span title="Codes: ">Hepatitis B</span></p><p><b>patient</b>: <span></span></p><p><b>occurrence</b>: 2020-03-12</p><p><b>recorded</b>: 2020-03-12</p><h3>Performers</h3><table class="grid"><tr><td>-</td><td><b>Actor</b></td></tr><tr><td>*</td><td><a href="Organization-org-kind-en-gezin.html">Generated Summary: id: 457223509; active; name: Kind en Gezin; https://www.kindengezin.be/</a></td></tr></table></div>
  </text>
  <extension url="https://www.hl7belgium.org/fhir/StructureDefinition/be-ext-recorder">
    <valueReference>
      <reference value="Organization/org-kind-en-gezin"/>
    </valueReference>
  </extension>
  <extension url="https://www.hl7belgium.org/fhir/StructureDefinition/be-ext-vaccination-location">
    <valueReference>
      <reference value="Organization/org-kind-en-gezin"/>
    </valueReference>
  </extension>
  <identifier>
    <system value="https://www.kindengezin.be/vaccinatie/vaccination-register"/>
    <value value="6025645645645"/>
  </identifier>
  <status value="not-done"/>
  <statusReason>
    <coding>
      <code value="OSTOCK"/>
      <display value="Geen voorraad"/>
    </coding>
  </statusReason>
  <vaccineCode>
    <coding>
      <code value="HBV"/>
      <display value="Hepatitis B"/>
    </coding>
  </vaccineCode>
  <patient>
    <identifier>
      <system value="https://www.ehealth.fgov.be/standards/fhir/NamingSystem/ssin"/>
      <value value="59050937740"/>
    </identifier>
  </patient>
  <occurrenceDateTime value="2020-03-12"/>
  <recorded value="2020-03-12"/>
  <performer>
    <actor>
      <reference value="Organization/org-kind-en-gezin"/>
    </actor>
  </performer>
</Immunization>