<?xml version="1.0" encoding="UTF-8"?>

<NamingSystem xmlns="http://hl7.org/fhir">
  <id value="be-ns-nihdi-professional"/>
  <text>
    <status value="generated"/><div xmlns="http://www.w3.org/1999/xhtml"><h3>Summary</h3><table class="grid"><tr><td>Defining URL</td><td>https://www.hl7belgium.org/fhir/NamingSystem/be-ns-nihdi-professional</td></tr><tr><td>Version</td><td>0.1.0</td></tr><tr><td>Name</td><td>BeNSNIHDIProfessional</td></tr><tr><td>Status</td><td>active</td></tr><tr><td>Definition</td><td><div><p>Naming System - Nihdi - Professional</p>
</div></td></tr><tr><td>Publisher</td><td>RIZIV-INAMI</td></tr></table><h3>Identifiers</h3><table class="grid"><tr><td><b>Type</b></td><td><b>Value</b></td><td><b>Preferred</b></td></tr><tr><td>URI</td><td>https://www.ehealth.fgov.be/standards/fhir/NamingSystem/nihdi-professional</td><td>true</td></tr></table></div>
  </text>
  <name value="BeNSNIHDIProfessional"/>
  <status value="active"/>
  <kind value="identifier"/>
  <date value="2020-07-24"/>
  <publisher value="RIZIV-INAMI"/>
  <contact>
    <telecom>
      <system value="url"/>
      <value value="http://somewhere.org"/>
    </telecom>
  </contact>
  <description value="Naming System - Nihdi - Professional"/>
  <jurisdiction>
    <coding>
      <system value="http://unstats.un.org/unsd/methods/m49/m49.htm"/>
      <code value="056"/>
    </coding>
    <coding>
      <system value="urn:iso:std:iso:3166"/>
      <code value="BE"/>
    </coding>
  </jurisdiction>
  <uniqueId>
    <type value="uri"/>
    <value value="https://www.ehealth.fgov.be/standards/fhir/NamingSystem/nihdi-professional"/>
    <preferred value="true"/>
  </uniqueId>
</NamingSystem>