<?xml version="1.0" encoding="UTF-8"?>

<StructureDefinition xmlns="http://hl7.org/fhir">
  <id value="be-model-vaccination"/>
  <text>
    <status value="extensions"/><div xmlns="http://www.w3.org/1999/xhtml"><table border="0" cellpadding="0" cellspacing="0" style="border: 0px #F0F0F0 solid; font-size: 11px; font-family: verdana; vertical-align: top;"><tr style="border: 1px #F0F0F0 solid; font-size: 11px; font-family: verdana; vertical-align: top"><th style="vertical-align: top; text-align : left; background-color: white; border: 0px #F0F0F0 solid; padding:0px 4px 0px 4px" class="hierarchy"><a href="http://hl7.org/fhir/R4/formats.html#table" title="The logical name of the element">Name</a></th><th style="vertical-align: top; text-align : left; background-color: white; border: 0px #F0F0F0 solid; padding:0px 4px 0px 4px" class="hierarchy"><a href="http://hl7.org/fhir/R4/formats.html#table" title="Information about the use of the element">Flags</a></th><th style="vertical-align: top; text-align : left; background-color: white; border: 0px #F0F0F0 solid; padding:0px 4px 0px 4px" class="hierarchy"><a href="http://hl7.org/fhir/R4/formats.html#table" title="Minimum and Maximum # of times the the element can appear in the instance">Card.</a></th><th style="width: 100px" class="hierarchy"><a href="http://hl7.org/fhir/R4/formats.html#table" title="Reference to the type of the element">Type</a></th><th style="vertical-align: top; text-align : left; background-color: white; border: 0px #F0F0F0 solid; padding:0px 4px 0px 4px" class="hierarchy"><a href="http://hl7.org/fhir/R4/formats.html#table" title="Additional information about the element">Description &amp; Constraints</a><span style="float: right"><a href="http://hl7.org/fhir/R4/formats.html#table" title="Legend for this format"><img src="http://hl7.org/fhir/R4/help16.png" alt="doco" style="background-color: inherit"/></a></span></th></tr><tr style="border: 0px #F0F0F0 solid; padding:0px; vertical-align: top; background-color: white"><td style="vertical-align: top; text-align : left; background-color: white; border: 0px #F0F0F0 solid; padding:0px 4px 0px 4px; white-space: nowrap; background-image: url(tbl_bck1.png)" class="hierarchy"><img src="tbl_spacer.png" alt="." style="background-color: inherit" class="hierarchy"/><img src="icon_element.gif" alt="." style="background-color: white; background-color: inherit" title="Element" class="hierarchy"/> <a href="StructureDefinition-be-model-vaccination-definitions.html#BEVaccination" title="A record of an immunization or vaccination">BEVaccination</a><a name="BEVaccination"> </a></td><td style="vertical-align: top; text-align : left; background-color: white; border: 0px #F0F0F0 solid; padding:0px 4px 0px 4px" class="hierarchy"/><td style="vertical-align: top; text-align : left; background-color: white; border: 0px #F0F0F0 solid; padding:0px 4px 0px 4px" class="hierarchy">0..*</td><td style="vertical-align: top; text-align : left; background-color: white; border: 0px #F0F0F0 solid; padding:0px 4px 0px 4px" class="hierarchy"><a href="http://hl7.org/fhir/R4/resource.html">Resource</a></td><td style="vertical-align: top; text-align : left; background-color: white; border: 0px #F0F0F0 solid; padding:0px 4px 0px 4px" class="hierarchy">A record of an immunization or vaccination<br/></td></tr>
<tr style="border: 0px #F0F0F0 solid; padding:0px; vertical-align: top; background-color: #F7F7F7"><td style="vertical-align: top; text-align : left; background-color: #F7F7F7; border: 0px #F0F0F0 solid; padding:0px 4px 0px 4px; white-space: nowrap; background-image: url(tbl_bck10.png)" class="hierarchy"><img src="tbl_spacer.png" alt="." style="background-color: inherit" class="hierarchy"/><img src="tbl_vjoin.png" alt="." style="background-color: inherit" class="hierarchy"/><img src="icon_datatype.gif" alt="." style="background-color: #F7F7F7; background-color: inherit" title="Data Type" class="hierarchy"/> <a href="StructureDefinition-be-model-vaccination-definitions.html#BEVaccination.identifier" title="The business identifier(s) for the vaccination entry - This is an optional attribute, used for example to track an entry throughout its lifecycle, or across vaults.">identifier</a><a name="BEVaccination.identifier"> </a></td><td style="vertical-align: top; text-align : left; background-color: #F7F7F7; border: 0px #F0F0F0 solid; padding:0px 4px 0px 4px" class="hierarchy"/><td style="vertical-align: top; text-align : left; background-color: #F7F7F7; border: 0px #F0F0F0 solid; padding:0px 4px 0px 4px" class="hierarchy">0..1</td><td style="vertical-align: top; text-align : left; background-color: #F7F7F7; border: 0px #F0F0F0 solid; padding:0px 4px 0px 4px" class="hierarchy"><a href="http://hl7.org/fhir/R4/datatypes.html#Identifier">Identifier</a></td><td style="vertical-align: top; text-align : left; background-color: #F7F7F7; border: 0px #F0F0F0 solid; padding:0px 4px 0px 4px" class="hierarchy">The business identifier(s) for the vaccination entry</td></tr>
<tr style="border: 0px #F0F0F0 solid; padding:0px; vertical-align: top; background-color: white"><td style="vertical-align: top; text-align : left; background-color: white; border: 0px #F0F0F0 solid; padding:0px 4px 0px 4px; white-space: nowrap; background-image: url(tbl_bck10.png)" class="hierarchy"><img src="tbl_spacer.png" alt="." style="background-color: inherit" class="hierarchy"/><img src="tbl_vjoin.png" alt="." style="background-color: inherit" class="hierarchy"/><img src="icon_primitive.png" alt="." style="background-color: white; background-color: inherit" title="Primitive Data Type" class="hierarchy"/> <a href="StructureDefinition-be-model-vaccination-definitions.html#BEVaccination.status" title="The status of the vaccination record entry - whether it is active, entered in error, etc.">status</a><a name="BEVaccination.status"> </a></td><td style="vertical-align: top; text-align : left; background-color: white; border: 0px #F0F0F0 solid; padding:0px 4px 0px 4px" class="hierarchy"/><td style="vertical-align: top; text-align : left; background-color: white; border: 0px #F0F0F0 solid; padding:0px 4px 0px 4px" class="hierarchy">1..1</td><td style="vertical-align: top; text-align : left; background-color: white; border: 0px #F0F0F0 solid; padding:0px 4px 0px 4px" class="hierarchy"><a href="http://hl7.org/fhir/R4/datatypes.html#code" title="code">code</a></td><td style="vertical-align: top; text-align : left; background-color: white; border: 0px #F0F0F0 solid; padding:0px 4px 0px 4px" class="hierarchy">The status of this vaccination record entry</td></tr>
<tr style="border: 0px #F0F0F0 solid; padding:0px; vertical-align: top; background-color: #F7F7F7"><td style="vertical-align: top; text-align : left; background-color: #F7F7F7; border: 0px #F0F0F0 solid; padding:0px 4px 0px 4px; white-space: nowrap; background-image: url(tbl_bck10.png)" class="hierarchy"><img src="tbl_spacer.png" alt="." style="background-color: inherit" class="hierarchy"/><img src="tbl_vjoin.png" alt="." style="background-color: inherit" class="hierarchy"/><img src="icon_datatype.gif" alt="." style="background-color: #F7F7F7; background-color: inherit" title="Data Type" class="hierarchy"/> <a href="StructureDefinition-be-model-vaccination-definitions.html#BEVaccination.statusReason" title="Supporting reason for status information.">statusReason</a><a name="BEVaccination.statusReason"> </a></td><td style="vertical-align: top; text-align : left; background-color: #F7F7F7; border: 0px #F0F0F0 solid; padding:0px 4px 0px 4px" class="hierarchy"/><td style="vertical-align: top; text-align : left; background-color: #F7F7F7; border: 0px #F0F0F0 solid; padding:0px 4px 0px 4px" class="hierarchy">0..1</td><td style="vertical-align: top; text-align : left; background-color: #F7F7F7; border: 0px #F0F0F0 solid; padding:0px 4px 0px 4px" class="hierarchy"><a href="http://hl7.org/fhir/R4/datatypes.html#CodeableConcept" title="CodeableConcept">CodeableConcept</a></td><td style="vertical-align: top; text-align : left; background-color: #F7F7F7; border: 0px #F0F0F0 solid; padding:0px 4px 0px 4px" class="hierarchy">The reason for the status e.g. 'not completed because...'<br/><span style="font-weight:bold">Binding: </span><a href="ValueSet-be-vs-vaccination-status-reason.html">Vaccination status reason Value Set</a> (<a href="http://hl7.org/fhir/R4/terminologies.html#required" title="To be conformant, the concept in this element SHALL be from the specified value set.">required</a>): Belgium codes to describe reasons considered for status of vaccination actions, e.g. reasons for not administering vaccine<br/><br/></td></tr>
<tr style="border: 0px #F0F0F0 solid; padding:0px; vertical-align: top; background-color: white"><td style="vertical-align: top; text-align : left; background-color: white; border: 0px #F0F0F0 solid; padding:0px 4px 0px 4px; white-space: nowrap; background-image: url(tbl_bck10.png)" class="hierarchy"><img src="tbl_spacer.png" alt="." style="background-color: inherit" class="hierarchy"/><img src="tbl_vjoin.png" alt="." style="background-color: inherit" class="hierarchy"/><img src="icon_reference.png" alt="." style="background-color: white; background-color: inherit" title="Reference to another Resource" class="hierarchy"/> <a href="StructureDefinition-be-model-vaccination-definitions.html#BEVaccination.patient" title="The patient that has received the vaccination.">patient</a><a name="BEVaccination.patient"> </a></td><td style="vertical-align: top; text-align : left; background-color: white; border: 0px #F0F0F0 solid; padding:0px 4px 0px 4px" class="hierarchy"/><td style="vertical-align: top; text-align : left; background-color: white; border: 0px #F0F0F0 solid; padding:0px 4px 0px 4px" class="hierarchy">1..1</td><td style="vertical-align: top; text-align : left; background-color: white; border: 0px #F0F0F0 solid; padding:0px 4px 0px 4px" class="hierarchy"><a href="http://hl7.org/fhir/R4/references.html">Reference</a>(<a href="StructureDefinition-be-patient.html">BePatient</a>)</td><td style="vertical-align: top; text-align : left; background-color: white; border: 0px #F0F0F0 solid; padding:0px 4px 0px 4px" class="hierarchy">The patient that received vaccination.</td></tr>
<tr style="border: 0px #F0F0F0 solid; padding:0px; vertical-align: top; background-color: #F7F7F7"><td style="vertical-align: top; text-align : left; background-color: #F7F7F7; border: 0px #F0F0F0 solid; padding:0px 4px 0px 4px; white-space: nowrap; background-image: url(tbl_bck10.png)" class="hierarchy"><img src="tbl_spacer.png" alt="." style="background-color: inherit" class="hierarchy"/><img src="tbl_vjoin.png" alt="." style="background-color: inherit" class="hierarchy"/><img src="icon_datatype.gif" alt="." style="background-color: #F7F7F7; background-color: inherit" title="Data Type" class="hierarchy"/> <a href="StructureDefinition-be-model-vaccination-definitions.html#BEVaccination.vaccineCode" title="The vaccine code - a type of vaccine, typically identified by the disease(s) it covers. For example MMR, HPV, Tetanus, DTPa. This should be a coded value.">vaccineCode</a><a name="BEVaccination.vaccineCode"> </a></td><td style="vertical-align: top; text-align : left; background-color: #F7F7F7; border: 0px #F0F0F0 solid; padding:0px 4px 0px 4px" class="hierarchy"/><td style="vertical-align: top; text-align : left; background-color: #F7F7F7; border: 0px #F0F0F0 solid; padding:0px 4px 0px 4px" class="hierarchy">1..1</td><td style="vertical-align: top; text-align : left; background-color: #F7F7F7; border: 0px #F0F0F0 solid; padding:0px 4px 0px 4px" class="hierarchy"><a href="http://hl7.org/fhir/R4/datatypes.html#CodeableConcept">CodeableConcept</a></td><td style="vertical-align: top; text-align : left; background-color: #F7F7F7; border: 0px #F0F0F0 solid; padding:0px 4px 0px 4px" class="hierarchy">The vaccine code, typically identified by the diseas(s) it covers. For example MMR, HPV, Tetanus, DTPa</td></tr>
<tr style="border: 0px #F0F0F0 solid; padding:0px; vertical-align: top; background-color: white"><td style="vertical-align: top; text-align : left; background-color: white; border: 0px #F0F0F0 solid; padding:0px 4px 0px 4px; white-space: nowrap; background-image: url(tbl_bck11.png)" class="hierarchy"><img src="tbl_spacer.png" alt="." style="background-color: inherit" class="hierarchy"/><img src="tbl_vjoin.png" alt="." style="background-color: inherit" class="hierarchy"/><img src="icon_choice.gif" alt="." style="background-color: white; background-color: inherit" title="Choice of Types" class="hierarchy"/> <a href="StructureDefinition-be-model-vaccination-definitions.html#BEVaccination.vaccinationDate[x]" title="The date and/or time when the vaccine administration has been administered or presumed to be administered">vaccinationDate[x]</a><a name="BEVaccination.vaccinationDate_x_"> </a></td><td style="vertical-align: top; text-align : left; background-color: white; border: 0px #F0F0F0 solid; padding:0px 4px 0px 4px" class="hierarchy"/><td style="vertical-align: top; text-align : left; background-color: white; border: 0px #F0F0F0 solid; padding:0px 4px 0px 4px" class="hierarchy">0..1</td><td style="vertical-align: top; text-align : left; background-color: white; border: 0px #F0F0F0 solid; padding:0px 4px 0px 4px" class="hierarchy"/><td style="vertical-align: top; text-align : left; background-color: white; border: 0px #F0F0F0 solid; padding:0px 4px 0px 4px" class="hierarchy">The date and time when the vaccination has been administered</td></tr>
<tr style="border: 0px #F0F0F0 solid; padding:0px; vertical-align: top; background-color: #F7F7F7"><td style="vertical-align: top; text-align : left; background-color: #F7F7F7; border: 0px #F0F0F0 solid; padding:0px 4px 0px 4px; white-space: nowrap; background-image: url(tbl_bck110.png)" class="hierarchy"><img src="tbl_spacer.png" alt="." style="background-color: inherit" class="hierarchy"/><img src="tbl_vline.png" alt="." style="background-color: inherit" class="hierarchy"/><img src="tbl_vjoin.png" alt="." style="background-color: inherit" class="hierarchy"/><img src="icon_primitive.png" alt="." style="background-color: #F7F7F7; background-color: inherit" title="Primitive Data Type" class="hierarchy"/> <span title="Base StructureDefinition for dateTime Type: A date, date-time or partial date (e.g. just year or year + month).  If hours and minutes are specified, a time zone SHALL be populated. The format is a union of the schema types gYear, gYearMonth, date and dateTime. Seconds must be provided due to schema type constraints but may be zero-filled and may be ignored.                 Dates SHALL be valid dates.">vaccinationDateDateTime</span></td><td style="vertical-align: top; text-align : left; background-color: #F7F7F7; border: 0px #F0F0F0 solid; padding:0px 4px 0px 4px" class="hierarchy"/><td style="vertical-align: top; text-align : left; background-color: #F7F7F7; border: 0px #F0F0F0 solid; padding:0px 4px 0px 4px" class="hierarchy"></td><td style="vertical-align: top; text-align : left; background-color: #F7F7F7; border: 0px #F0F0F0 solid; padding:0px 4px 0px 4px" class="hierarchy"><a href="http://hl7.org/fhir/R4/datatypes.html#dateTime">dateTime</a></td><td style="vertical-align: top; text-align : left; background-color: #F7F7F7; border: 0px #F0F0F0 solid; padding:0px 4px 0px 4px" class="hierarchy"/></tr>
<tr style="border: 0px #F0F0F0 solid; padding:0px; vertical-align: top; background-color: white"><td style="vertical-align: top; text-align : left; background-color: white; border: 0px #F0F0F0 solid; padding:0px 4px 0px 4px; white-space: nowrap; background-image: url(tbl_bck100.png)" class="hierarchy"><img src="tbl_spacer.png" alt="." style="background-color: inherit" class="hierarchy"/><img src="tbl_vline.png" alt="." style="background-color: inherit" class="hierarchy"/><img src="tbl_vjoin_end.png" alt="." style="background-color: inherit" class="hierarchy"/><img src="icon_primitive.png" alt="." style="background-color: white; background-color: inherit" title="Primitive Data Type" class="hierarchy"/> <span title="Base StructureDefinition for string Type: A sequence of Unicode characters">vaccinationDateString</span></td><td style="vertical-align: top; text-align : left; background-color: white; border: 0px #F0F0F0 solid; padding:0px 4px 0px 4px" class="hierarchy"/><td style="vertical-align: top; text-align : left; background-color: white; border: 0px #F0F0F0 solid; padding:0px 4px 0px 4px" class="hierarchy"></td><td style="vertical-align: top; text-align : left; background-color: white; border: 0px #F0F0F0 solid; padding:0px 4px 0px 4px" class="hierarchy"><a href="http://hl7.org/fhir/R4/datatypes.html#string">string</a></td><td style="vertical-align: top; text-align : left; background-color: white; border: 0px #F0F0F0 solid; padding:0px 4px 0px 4px" class="hierarchy"/></tr>
<tr style="border: 0px #F0F0F0 solid; padding:0px; vertical-align: top; background-color: #F7F7F7"><td style="vertical-align: top; text-align : left; background-color: #F7F7F7; border: 0px #F0F0F0 solid; padding:0px 4px 0px 4px; white-space: nowrap; background-image: url(tbl_bck10.png)" class="hierarchy"><img src="tbl_spacer.png" alt="." style="background-color: inherit" class="hierarchy"/><img src="tbl_vjoin.png" alt="." style="background-color: inherit" class="hierarchy"/><img src="icon_reference.png" alt="." style="background-color: #F7F7F7; background-color: inherit" title="Reference to another Resource" class="hierarchy"/> <a href="StructureDefinition-be-model-vaccination-definitions.html#BEVaccination.vaccinationRequest" title="The patient-specific order or recommendation for the vaccination, for example a prescription or a request for vaccination for a patient by a physician, for example for optional vaccines.">vaccinationRequest</a><a name="BEVaccination.vaccinationRequest"> </a></td><td style="vertical-align: top; text-align : left; background-color: #F7F7F7; border: 0px #F0F0F0 solid; padding:0px 4px 0px 4px" class="hierarchy"/><td style="vertical-align: top; text-align : left; background-color: #F7F7F7; border: 0px #F0F0F0 solid; padding:0px 4px 0px 4px" class="hierarchy">0..1</td><td style="vertical-align: top; text-align : left; background-color: #F7F7F7; border: 0px #F0F0F0 solid; padding:0px 4px 0px 4px" class="hierarchy"><a href="http://hl7.org/fhir/R4/references.html">Reference</a>()</td><td style="vertical-align: top; text-align : left; background-color: #F7F7F7; border: 0px #F0F0F0 solid; padding:0px 4px 0px 4px" class="hierarchy">The patient-specific order or recommendation for the vaccination</td></tr>
<tr style="border: 0px #F0F0F0 solid; padding:0px; vertical-align: top; background-color: white"><td style="vertical-align: top; text-align : left; background-color: white; border: 0px #F0F0F0 solid; padding:0px 4px 0px 4px; white-space: nowrap; background-image: url(tbl_bck10.png)" class="hierarchy"><img src="tbl_spacer.png" alt="." style="background-color: inherit" class="hierarchy"/><img src="tbl_vjoin.png" alt="." style="background-color: inherit" class="hierarchy"/><img src="icon_reference.png" alt="." style="background-color: white; background-color: inherit" title="Reference to another Resource" class="hierarchy"/> <a href="StructureDefinition-be-model-vaccination-definitions.html#BEVaccination.protocol" title="The vaccination plan or protocol (not patient-specific) that this vaccination is fulfilling. For example 'Basisvaccinatieschema'">protocol</a><a name="BEVaccination.protocol"> </a></td><td style="vertical-align: top; text-align : left; background-color: white; border: 0px #F0F0F0 solid; padding:0px 4px 0px 4px" class="hierarchy"/><td style="vertical-align: top; text-align : left; background-color: white; border: 0px #F0F0F0 solid; padding:0px 4px 0px 4px" class="hierarchy">0..1</td><td style="vertical-align: top; text-align : left; background-color: white; border: 0px #F0F0F0 solid; padding:0px 4px 0px 4px" class="hierarchy"><a href="http://hl7.org/fhir/R4/references.html">Reference</a>()</td><td style="vertical-align: top; text-align : left; background-color: white; border: 0px #F0F0F0 solid; padding:0px 4px 0px 4px" class="hierarchy">The vaccination plan or protocol (not patient-specific) that this vaccination is fulfilling</td></tr>
<tr style="border: 0px #F0F0F0 solid; padding:0px; vertical-align: top; background-color: #F7F7F7"><td style="vertical-align: top; text-align : left; background-color: #F7F7F7; border: 0px #F0F0F0 solid; padding:0px 4px 0px 4px; white-space: nowrap; background-image: url(tbl_bck10.png)" class="hierarchy"><img src="tbl_spacer.png" alt="." style="background-color: inherit" class="hierarchy"/><img src="tbl_vjoin.png" alt="." style="background-color: inherit" class="hierarchy"/><img src="icon_primitive.png" alt="." style="background-color: #F7F7F7; background-color: inherit" title="Primitive Data Type" class="hierarchy"/> <a href="StructureDefinition-be-model-vaccination-definitions.html#BEVaccination.type" title="The type of vaccination action - for example first dose or reinforcement.">type</a><a name="BEVaccination.type"> </a></td><td style="vertical-align: top; text-align : left; background-color: #F7F7F7; border: 0px #F0F0F0 solid; padding:0px 4px 0px 4px" class="hierarchy"/><td style="vertical-align: top; text-align : left; background-color: #F7F7F7; border: 0px #F0F0F0 solid; padding:0px 4px 0px 4px" class="hierarchy">1..1</td><td style="vertical-align: top; text-align : left; background-color: #F7F7F7; border: 0px #F0F0F0 solid; padding:0px 4px 0px 4px" class="hierarchy"><a href="http://hl7.org/fhir/R4/datatypes.html#code">code</a></td><td style="vertical-align: top; text-align : left; background-color: #F7F7F7; border: 0px #F0F0F0 solid; padding:0px 4px 0px 4px" class="hierarchy">The type of vaccination action - for example first dose or reinforcement.</td></tr>
<tr style="border: 0px #F0F0F0 solid; padding:0px; vertical-align: top; background-color: white"><td style="vertical-align: top; text-align : left; background-color: white; border: 0px #F0F0F0 solid; padding:0px 4px 0px 4px; white-space: nowrap; background-image: url(tbl_bck10.png)" class="hierarchy"><img src="tbl_spacer.png" alt="." style="background-color: inherit" class="hierarchy"/><img src="tbl_vjoin.png" alt="." style="background-color: inherit" class="hierarchy"/><img src="icon_primitive.png" alt="." style="background-color: white; background-color: inherit" title="Primitive Data Type" class="hierarchy"/> <a href="StructureDefinition-be-model-vaccination-definitions.html#BEVaccination.sequenceNumber" title="The sequence number of an immunization when part of a protocol - if it is the first dose, or second dose...">sequenceNumber</a><a name="BEVaccination.sequenceNumber"> </a></td><td style="vertical-align: top; text-align : left; background-color: white; border: 0px #F0F0F0 solid; padding:0px 4px 0px 4px" class="hierarchy"/><td style="vertical-align: top; text-align : left; background-color: white; border: 0px #F0F0F0 solid; padding:0px 4px 0px 4px" class="hierarchy">0..1</td><td style="vertical-align: top; text-align : left; background-color: white; border: 0px #F0F0F0 solid; padding:0px 4px 0px 4px" class="hierarchy"><a href="http://hl7.org/fhir/R4/datatypes.html#string">string</a></td><td style="vertical-align: top; text-align : left; background-color: white; border: 0px #F0F0F0 solid; padding:0px 4px 0px 4px" class="hierarchy">The sequence number of an immunization - whether it is the first dose, or second dose...</td></tr>
<tr style="border: 0px #F0F0F0 solid; padding:0px; vertical-align: top; background-color: #F7F7F7"><td style="vertical-align: top; text-align : left; background-color: #F7F7F7; border: 0px #F0F0F0 solid; padding:0px 4px 0px 4px; white-space: nowrap; background-image: url(tbl_bck10.png)" class="hierarchy"><img src="tbl_spacer.png" alt="." style="background-color: inherit" class="hierarchy"/><img src="tbl_vjoin.png" alt="." style="background-color: inherit" class="hierarchy"/><img src="icon_reference.png" alt="." style="background-color: #F7F7F7; background-color: inherit" title="Reference to another Resource" class="hierarchy"/> <a href="StructureDefinition-be-model-vaccination-definitions.html#BEVaccination.reporter" title="The professional that recorded the administration of the vaccine.">reporter</a><a name="BEVaccination.reporter"> </a></td><td style="vertical-align: top; text-align : left; background-color: #F7F7F7; border: 0px #F0F0F0 solid; padding:0px 4px 0px 4px" class="hierarchy"/><td style="vertical-align: top; text-align : left; background-color: #F7F7F7; border: 0px #F0F0F0 solid; padding:0px 4px 0px 4px" class="hierarchy">1..1</td><td style="vertical-align: top; text-align : left; background-color: #F7F7F7; border: 0px #F0F0F0 solid; padding:0px 4px 0px 4px" class="hierarchy"><a href="http://hl7.org/fhir/R4/references.html">Reference</a>(<a href="StructureDefinition-be-practitioner.html">BePractitioner</a>)</td><td style="vertical-align: top; text-align : left; background-color: #F7F7F7; border: 0px #F0F0F0 solid; padding:0px 4px 0px 4px" class="hierarchy">The professional that recorded the administration of the vaccine</td></tr>
<tr style="border: 0px #F0F0F0 solid; padding:0px; vertical-align: top; background-color: white"><td style="vertical-align: top; text-align : left; background-color: white; border: 0px #F0F0F0 solid; padding:0px 4px 0px 4px; white-space: nowrap; background-image: url(tbl_bck10.png)" class="hierarchy"><img src="tbl_spacer.png" alt="." style="background-color: inherit" class="hierarchy"/><img src="tbl_vjoin.png" alt="." style="background-color: inherit" class="hierarchy"/><img src="icon_primitive.png" alt="." style="background-color: white; background-color: inherit" title="Primitive Data Type" class="hierarchy"/> <a href="StructureDefinition-be-model-vaccination-definitions.html#BEVaccination.recorded" title="The date and time when the administration of the vaccine was recorded - typically used when the vaccine event is recorded a posteriori.">recorded</a><a name="BEVaccination.recorded"> </a></td><td style="vertical-align: top; text-align : left; background-color: white; border: 0px #F0F0F0 solid; padding:0px 4px 0px 4px" class="hierarchy"/><td style="vertical-align: top; text-align : left; background-color: white; border: 0px #F0F0F0 solid; padding:0px 4px 0px 4px" class="hierarchy">1..1</td><td style="vertical-align: top; text-align : left; background-color: white; border: 0px #F0F0F0 solid; padding:0px 4px 0px 4px" class="hierarchy"><a href="http://hl7.org/fhir/R4/datatypes.html#dateTime">dateTime</a></td><td style="vertical-align: top; text-align : left; background-color: white; border: 0px #F0F0F0 solid; padding:0px 4px 0px 4px" class="hierarchy">The date and time when the administration of the vaccine was recorded</td></tr>
<tr style="border: 0px #F0F0F0 solid; padding:0px; vertical-align: top; background-color: #F7F7F7"><td style="vertical-align: top; text-align : left; background-color: #F7F7F7; border: 0px #F0F0F0 solid; padding:0px 4px 0px 4px; white-space: nowrap; background-image: url(tbl_bck10.png)" class="hierarchy"><img src="tbl_spacer.png" alt="." style="background-color: inherit" class="hierarchy"/><img src="tbl_vjoin.png" alt="." style="background-color: inherit" class="hierarchy"/><img src="icon_reference.png" alt="." style="background-color: #F7F7F7; background-color: inherit" title="Reference to another Resource" class="hierarchy"/> <a href="StructureDefinition-be-model-vaccination-definitions.html#BEVaccination.performer" title="The professional that administered the medication. Use code &quot;unknown&quot; if not known.">performer</a><a name="BEVaccination.performer"> </a></td><td style="vertical-align: top; text-align : left; background-color: #F7F7F7; border: 0px #F0F0F0 solid; padding:0px 4px 0px 4px" class="hierarchy"/><td style="vertical-align: top; text-align : left; background-color: #F7F7F7; border: 0px #F0F0F0 solid; padding:0px 4px 0px 4px" class="hierarchy">1..1</td><td style="vertical-align: top; text-align : left; background-color: #F7F7F7; border: 0px #F0F0F0 solid; padding:0px 4px 0px 4px" class="hierarchy"><a href="http://hl7.org/fhir/R4/references.html">Reference</a>(<a href="StructureDefinition-be-practitioner.html">BePractitioner</a>)</td><td style="vertical-align: top; text-align : left; background-color: #F7F7F7; border: 0px #F0F0F0 solid; padding:0px 4px 0px 4px" class="hierarchy">The professional that administered the medication</td></tr>
<tr style="border: 0px #F0F0F0 solid; padding:0px; vertical-align: top; background-color: white"><td style="vertical-align: top; text-align : left; background-color: white; border: 0px #F0F0F0 solid; padding:0px 4px 0px 4px; white-space: nowrap; background-image: url(tbl_bck10.png)" class="hierarchy"><img src="tbl_spacer.png" alt="." style="background-color: inherit" class="hierarchy"/><img src="tbl_vjoin.png" alt="." style="background-color: inherit" class="hierarchy"/><img src="icon_datatype.gif" alt="." style="background-color: white; background-color: inherit" title="Data Type" class="hierarchy"/> <a href="StructureDefinition-be-model-vaccination-definitions.html#BEVaccination.route" title="The route of administration for the vaccine. This can be free text (not desired) or a code">route</a><a name="BEVaccination.route"> </a></td><td style="vertical-align: top; text-align : left; background-color: white; border: 0px #F0F0F0 solid; padding:0px 4px 0px 4px" class="hierarchy"/><td style="vertical-align: top; text-align : left; background-color: white; border: 0px #F0F0F0 solid; padding:0px 4px 0px 4px" class="hierarchy">0..1</td><td style="vertical-align: top; text-align : left; background-color: white; border: 0px #F0F0F0 solid; padding:0px 4px 0px 4px" class="hierarchy"><a href="http://hl7.org/fhir/R4/datatypes.html#CodeableConcept">CodeableConcept</a></td><td style="vertical-align: top; text-align : left; background-color: white; border: 0px #F0F0F0 solid; padding:0px 4px 0px 4px" class="hierarchy">The route of administration.</td></tr>
<tr style="border: 0px #F0F0F0 solid; padding:0px; vertical-align: top; background-color: #F7F7F7"><td style="vertical-align: top; text-align : left; background-color: #F7F7F7; border: 0px #F0F0F0 solid; padding:0px 4px 0px 4px; white-space: nowrap; background-image: url(tbl_bck11.png)" class="hierarchy"><img src="tbl_spacer.png" alt="." style="background-color: inherit" class="hierarchy"/><img src="tbl_vjoin.png" alt="." style="background-color: inherit" class="hierarchy"/><img src="icon_datatype.gif" alt="." style="background-color: #F7F7F7; background-color: inherit" title="Data Type" class="hierarchy"/> <a href="StructureDefinition-be-model-vaccination-definitions.html#BEVaccination.administeredProduct" title="The details of the product that was administered">administeredProduct</a><a name="BEVaccination.administeredProduct"> </a></td><td style="vertical-align: top; text-align : left; background-color: #F7F7F7; border: 0px #F0F0F0 solid; padding:0px 4px 0px 4px" class="hierarchy"/><td style="vertical-align: top; text-align : left; background-color: #F7F7F7; border: 0px #F0F0F0 solid; padding:0px 4px 0px 4px" class="hierarchy">0..1</td><td style="vertical-align: top; text-align : left; background-color: #F7F7F7; border: 0px #F0F0F0 solid; padding:0px 4px 0px 4px" class="hierarchy"><a href="http://hl7.org/fhir/R4/datatypes.html#BackboneElement">BackboneElement</a></td><td style="vertical-align: top; text-align : left; background-color: #F7F7F7; border: 0px #F0F0F0 solid; padding:0px 4px 0px 4px" class="hierarchy">The details of the product that was administered.</td></tr>
<tr style="border: 0px #F0F0F0 solid; padding:0px; vertical-align: top; background-color: white"><td style="vertical-align: top; text-align : left; background-color: white; border: 0px #F0F0F0 solid; padding:0px 4px 0px 4px; white-space: nowrap; background-image: url(tbl_bck110.png)" class="hierarchy"><img src="tbl_spacer.png" alt="." style="background-color: inherit" class="hierarchy"/><img src="tbl_vline.png" alt="." style="background-color: inherit" class="hierarchy"/><img src="tbl_vjoin.png" alt="." style="background-color: inherit" class="hierarchy"/><img src="icon_reference.png" alt="." style="background-color: white; background-color: inherit" title="Reference to another Resource" class="hierarchy"/> <a href="StructureDefinition-be-model-vaccination-definitions.html#BEVaccination.administeredProduct.product" title="The actual product that was administered. This can be just text (not desired), or a code (e.g. 1696392 = Neisvac C Dos 0,5ml) or a reference to an actual Medication product (e.g. http://server/Medication/1696392)">product</a><a name="BEVaccination.administeredProduct.product"> </a></td><td style="vertical-align: top; text-align : left; background-color: white; border: 0px #F0F0F0 solid; padding:0px 4px 0px 4px" class="hierarchy"/><td style="vertical-align: top; text-align : left; background-color: white; border: 0px #F0F0F0 solid; padding:0px 4px 0px 4px" class="hierarchy">1..1</td><td style="vertical-align: top; text-align : left; background-color: white; border: 0px #F0F0F0 solid; padding:0px 4px 0px 4px" class="hierarchy"><a href="http://hl7.org/fhir/R4/references.html">Reference</a>()</td><td style="vertical-align: top; text-align : left; background-color: white; border: 0px #F0F0F0 solid; padding:0px 4px 0px 4px" class="hierarchy">The actual product that was administered. This should be a produc code or a reference to an actual Medication resource</td></tr>
<tr style="border: 0px #F0F0F0 solid; padding:0px; vertical-align: top; background-color: #F7F7F7"><td style="vertical-align: top; text-align : left; background-color: #F7F7F7; border: 0px #F0F0F0 solid; padding:0px 4px 0px 4px; white-space: nowrap; background-image: url(tbl_bck110.png)" class="hierarchy"><img src="tbl_spacer.png" alt="." style="background-color: inherit" class="hierarchy"/><img src="tbl_vline.png" alt="." style="background-color: inherit" class="hierarchy"/><img src="tbl_vjoin.png" alt="." style="background-color: inherit" class="hierarchy"/><img src="icon_primitive.png" alt="." style="background-color: #F7F7F7; background-color: inherit" title="Primitive Data Type" class="hierarchy"/> <a href="StructureDefinition-be-model-vaccination-definitions.html#BEVaccination.administeredProduct.lotNumber" title="The lot number">lotNumber</a><a name="BEVaccination.administeredProduct.lotNumber"> </a></td><td style="vertical-align: top; text-align : left; background-color: #F7F7F7; border: 0px #F0F0F0 solid; padding:0px 4px 0px 4px" class="hierarchy"/><td style="vertical-align: top; text-align : left; background-color: #F7F7F7; border: 0px #F0F0F0 solid; padding:0px 4px 0px 4px" class="hierarchy">0..1</td><td style="vertical-align: top; text-align : left; background-color: #F7F7F7; border: 0px #F0F0F0 solid; padding:0px 4px 0px 4px" class="hierarchy"><a href="http://hl7.org/fhir/R4/datatypes.html#string">string</a></td><td style="vertical-align: top; text-align : left; background-color: #F7F7F7; border: 0px #F0F0F0 solid; padding:0px 4px 0px 4px" class="hierarchy">The lot number</td></tr>
<tr style="border: 0px #F0F0F0 solid; padding:0px; vertical-align: top; background-color: white"><td style="vertical-align: top; text-align : left; background-color: white; border: 0px #F0F0F0 solid; padding:0px 4px 0px 4px; white-space: nowrap; background-image: url(tbl_bck100.png)" class="hierarchy"><img src="tbl_spacer.png" alt="." style="background-color: inherit" class="hierarchy"/><img src="tbl_vline.png" alt="." style="background-color: inherit" class="hierarchy"/><img src="tbl_vjoin_end.png" alt="." style="background-color: inherit" class="hierarchy"/><img src="icon_primitive.png" alt="." style="background-color: white; background-color: inherit" title="Primitive Data Type" class="hierarchy"/> <a href="StructureDefinition-be-model-vaccination-definitions.html#BEVaccination.administeredProduct.expirationDate" title="The expiration date of the product.">expirationDate</a><a name="BEVaccination.administeredProduct.expirationDate"> </a></td><td style="vertical-align: top; text-align : left; background-color: white; border: 0px #F0F0F0 solid; padding:0px 4px 0px 4px" class="hierarchy"/><td style="vertical-align: top; text-align : left; background-color: white; border: 0px #F0F0F0 solid; padding:0px 4px 0px 4px" class="hierarchy">0..1</td><td style="vertical-align: top; text-align : left; background-color: white; border: 0px #F0F0F0 solid; padding:0px 4px 0px 4px" class="hierarchy"><a href="http://hl7.org/fhir/R4/datatypes.html#date">date</a></td><td style="vertical-align: top; text-align : left; background-color: white; border: 0px #F0F0F0 solid; padding:0px 4px 0px 4px" class="hierarchy">The expiration date of the product.</td></tr>
<tr style="border: 0px #F0F0F0 solid; padding:0px; vertical-align: top; background-color: #F7F7F7"><td style="vertical-align: top; text-align : left; background-color: #F7F7F7; border: 0px #F0F0F0 solid; padding:0px 4px 0px 4px; white-space: nowrap; background-image: url(tbl_bck10.png)" class="hierarchy"><img src="tbl_spacer.png" alt="." style="background-color: inherit" class="hierarchy"/><img src="tbl_vjoin.png" alt="." style="background-color: inherit" class="hierarchy"/><img src="icon_reference.png" alt="." style="background-color: #F7F7F7; background-color: inherit" title="Reference to another Resource" class="hierarchy"/> <a href="StructureDefinition-be-model-vaccination-definitions.html#BEVaccination.location" title="The location where the immunization administration was performed. This can be a text (e.g. 'at the physician's office' or a code e.g. '00078' meaning 'patient's home' or a resource (Location) if one exists e.g. 'Location/kind-en-gezin-092375' which could be defining 'Kind en Gezin Gent Koepoortkaai' ">location</a><a name="BEVaccination.location"> </a></td><td style="vertical-align: top; text-align : left; background-color: #F7F7F7; border: 0px #F0F0F0 solid; padding:0px 4px 0px 4px" class="hierarchy"/><td style="vertical-align: top; text-align : left; background-color: #F7F7F7; border: 0px #F0F0F0 solid; padding:0px 4px 0px 4px" class="hierarchy">0..1</td><td style="vertical-align: top; text-align : left; background-color: #F7F7F7; border: 0px #F0F0F0 solid; padding:0px 4px 0px 4px" class="hierarchy"><a href="http://hl7.org/fhir/R4/references.html">Reference</a>()</td><td style="vertical-align: top; text-align : left; background-color: #F7F7F7; border: 0px #F0F0F0 solid; padding:0px 4px 0px 4px" class="hierarchy">The location where the immunization is performed.</td></tr>
<tr style="border: 0px #F0F0F0 solid; padding:0px; vertical-align: top; background-color: white"><td style="vertical-align: top; text-align : left; background-color: white; border: 0px #F0F0F0 solid; padding:0px 4px 0px 4px; white-space: nowrap; background-image: url(tbl_bck00.png)" class="hierarchy"><img src="tbl_spacer.png" alt="." style="background-color: inherit" class="hierarchy"/><img src="tbl_vjoin_end.png" alt="." style="background-color: inherit" class="hierarchy"/><img src="icon_datatype.gif" alt="." style="background-color: white; background-color: inherit" title="Data Type" class="hierarchy"/> <a href="StructureDefinition-be-model-vaccination-definitions.html#BEVaccination.note" title="Additional notes for the vaccination">note</a><a name="BEVaccination.note"> </a></td><td style="vertical-align: top; text-align : left; background-color: white; border: 0px #F0F0F0 solid; padding:0px 4px 0px 4px" class="hierarchy"/><td style="vertical-align: top; text-align : left; background-color: white; border: 0px #F0F0F0 solid; padding:0px 4px 0px 4px" class="hierarchy">0..1</td><td style="vertical-align: top; text-align : left; background-color: white; border: 0px #F0F0F0 solid; padding:0px 4px 0px 4px" class="hierarchy"><a href="http://hl7.org/fhir/R4/datatypes.html#Attachment" title="Attachment">Attachment</a></td><td style="vertical-align: top; text-align : left; background-color: white; border: 0px #F0F0F0 solid; padding:0px 4px 0px 4px" class="hierarchy">Additional notes for the vaccination.</td></tr>
<tr><td colspan="5" class="hierarchy"><br/><a href="http://hl7.org/fhir/R4/formats.html#table" title="Legend for this format"><img src="http://hl7.org/fhir/R4/help16.png" alt="doco" style="background-color: inherit"/> Documentation for this format</a></td></tr></table></div>
  </text>
  <url value="https://www.hl7belgium.org/fhir/StructureDefinition/be-model-vaccination"/>
  <version value="0.1.0"/>
  <name value="BEVaccination"/>
  <status value="draft"/>
  <date value="2021-07-13T23:17:19+00:00"/>
  <publisher value="RIZIV-INAMI"/>
  <contact>
    <telecom>
      <system value="url"/>
      <value value="http://somewhere.org"/>
    </telecom>
  </contact>
  <description value="This is the logical model of the patient&#39;s vaccination entries in an immunization or vaccination record. The patient vaccination record of several entries as modeled here."/>
  <jurisdiction>
    <coding>
      <system value="http://unstats.un.org/unsd/methods/m49/m49.htm"/>
      <code value="056"/>
    </coding>
    <coding>
      <system value="urn:iso:std:iso:3166"/>
      <code value="BE"/>
    </coding>
  </jurisdiction>
  <fhirVersion value="4.0.1"/>
  <mapping>
    <identity value="rim"/>
    <uri value="http://hl7.org/v3"/>
    <name value="RIM Mapping"/>
  </mapping>
  <kind value="logical"/>
  <abstract value="false"/>
  <type value="BEVaccination"/>
  <baseDefinition value="http://hl7.org/fhir/StructureDefinition/Resource"/>
  <derivation value="specialization"/>
  <snapshot>
    <element id="BEVaccination">
      <path value="BEVaccination"/>
      <short value="A record of an immunization or vaccination"/>
      <definition value="A record of an immunization or vaccination"/>
      <min value="0"/>
      <max value="*"/>
      <base>
        <path value="Resource"/>
        <min value="0"/>
        <max value="*"/>
      </base>
      <isModifier value="false"/>
      <isSummary value="false"/>
      <mapping>
        <identity value="rim"/>
        <map value="Entity. Role, or Act"/>
      </mapping>
    </element>
    <element id="BEVaccination.id">
      <path value="BEVaccination.id"/>
      <short value="Logical id of this artifact"/>
      <definition value="The logical id of the resource, as used in the URL for the resource. Once assigned, this value never changes."/>
      <comment value="The only time that a resource does not have an id is when it is being submitted to the server using a create operation."/>
      <min value="0"/>
      <max value="1"/>
      <base>
        <path value="Resource.id"/>
        <min value="0"/>
        <max value="1"/>
      </base>
      <type>
        <extension url="http://hl7.org/fhir/StructureDefinition/structuredefinition-fhir-type">
          <valueUrl value="string"/>
        </extension>
        <code value="http://hl7.org/fhirpath/System.String"/>
      </type>
      <isModifier value="false"/>
      <isSummary value="true"/>
    </element>
    <element id="BEVaccination.meta">
      <path value="BEVaccination.meta"/>
      <short value="Metadata about the resource"/>
      <definition value="The metadata about the resource. This is content that is maintained by the infrastructure. Changes to the content might not always be associated with version changes to the resource."/>
      <min value="0"/>
      <max value="1"/>
      <base>
        <path value="Resource.meta"/>
        <min value="0"/>
        <max value="1"/>
      </base>
      <type>
        <code value="Meta"/>
      </type>
      <constraint>
        <key value="ele-1"/>
        <severity value="error"/>
        <human value="All FHIR elements must have a @value or children"/>
        <expression value="hasValue() or (children().count() &gt; id.count())"/>
        <xpath value="@value|f:*|h:div"/>
        <source value="http://hl7.org/fhir/StructureDefinition/Element"/>
      </constraint>
      <isModifier value="false"/>
      <isSummary value="true"/>
    </element>
    <element id="BEVaccination.implicitRules">
      <path value="BEVaccination.implicitRules"/>
      <short value="A set of rules under which this content was created"/>
      <definition value="A reference to a set of rules that were followed when the resource was constructed, and which must be understood when processing the content. Often, this is a reference to an implementation guide that defines the special rules along with other profiles etc."/>
      <comment value="Asserting this rule set restricts the content to be only understood by a limited set of trading partners. This inherently limits the usefulness of the data in the long term. However, the existing health eco-system is highly fractured, and not yet ready to define, collect, and exchange data in a generally computable sense. Wherever possible, implementers and/or specification writers should avoid using this element. Often, when used, the URL is a reference to an implementation guide that defines these special rules as part of it&#39;s narrative along with other profiles, value sets, etc."/>
      <min value="0"/>
      <max value="1"/>
      <base>
        <path value="Resource.implicitRules"/>
        <min value="0"/>
        <max value="1"/>
      </base>
      <type>
        <code value="uri"/>
      </type>
      <constraint>
        <key value="ele-1"/>
        <severity value="error"/>
        <human value="All FHIR elements must have a @value or children"/>
        <expression value="hasValue() or (children().count() &gt; id.count())"/>
        <xpath value="@value|f:*|h:div"/>
        <source value="http://hl7.org/fhir/StructureDefinition/Element"/>
      </constraint>
      <isModifier value="true"/>
      <isModifierReason value="This element is labeled as a modifier because the implicit rules may provide additional knowledge about the resource that modifies it&#39;s meaning or interpretation"/>
      <isSummary value="true"/>
    </element>
    <element id="BEVaccination.language">
      <path value="BEVaccination.language"/>
      <short value="Language of the resource content"/>
      <definition value="The base language in which the resource is written."/>
      <comment value="Language is provided to support indexing and accessibility (typically, services such as text to speech use the language tag). The html language tag in the narrative applies  to the narrative. The language tag on the resource may be used to specify the language of other presentations generated from the data in the resource. Not all the content has to be in the base language. The Resource.language should not be assumed to apply to the narrative automatically. If a language is specified, it should it also be specified on the div element in the html (see rules in HTML5 for information about the relationship between xml:lang and the html lang attribute)."/>
      <min value="0"/>
      <max value="1"/>
      <base>
        <path value="Resource.language"/>
        <min value="0"/>
        <max value="1"/>
      </base>
      <type>
        <code value="code"/>
      </type>
      <constraint>
        <key value="ele-1"/>
        <severity value="error"/>
        <human value="All FHIR elements must have a @value or children"/>
        <expression value="hasValue() or (children().count() &gt; id.count())"/>
        <xpath value="@value|f:*|h:div"/>
        <source value="http://hl7.org/fhir/StructureDefinition/Element"/>
      </constraint>
      <isModifier value="false"/>
      <isSummary value="false"/>
      <binding>
        <extension url="http://hl7.org/fhir/StructureDefinition/elementdefinition-maxValueSet">
          <valueCanonical value="http://hl7.org/fhir/ValueSet/all-languages"/>
        </extension>
        <extension url="http://hl7.org/fhir/StructureDefinition/elementdefinition-bindingName">
          <valueString value="Language"/>
        </extension>
        <extension url="http://hl7.org/fhir/StructureDefinition/elementdefinition-isCommonBinding">
          <valueBoolean value="true"/>
        </extension>
        <strength value="preferred"/>
        <description value="A human language."/>
        <valueSet value="http://hl7.org/fhir/ValueSet/languages"/>
      </binding>
    </element>
    <element id="BEVaccination.identifier">
      <path value="BEVaccination.identifier"/>
      <short value="The business identifier(s) for the vaccination entry"/>
      <definition value="The business identifier(s) for the vaccination entry - This is an optional attribute, used for example to track an entry throughout its lifecycle, or across vaults."/>
      <min value="0"/>
      <max value="1"/>
      <base>
        <path value="BEVaccination.identifier"/>
        <min value="0"/>
        <max value="1"/>
      </base>
      <type>
        <code value="Identifier"/>
      </type>
    </element>
    <element id="BEVaccination.status">
      <path value="BEVaccination.status"/>
      <short value="The status of this vaccination record entry"/>
      <definition value="The status of the vaccination record entry - whether it is active, entered in error, etc."/>
      <min value="1"/>
      <max value="1"/>
      <base>
        <path value="BEVaccination.status"/>
        <min value="1"/>
        <max value="1"/>
      </base>
      <type>
        <code value="code"/>
        <profile value="http://hl7.org/fhir/StructureDefinition/code"/>
      </type>
    </element>
    <element id="BEVaccination.statusReason">
      <path value="BEVaccination.statusReason"/>
      <short value="The reason for the status e.g. &#39;not completed because...&#39;"/>
      <definition value="Supporting reason for status information."/>
      <min value="0"/>
      <max value="1"/>
      <base>
        <path value="BEVaccination.statusReason"/>
        <min value="0"/>
        <max value="1"/>
      </base>
      <type>
        <code value="CodeableConcept"/>
        <profile value="http://hl7.org/fhir/StructureDefinition/CodeableConcept"/>
      </type>
      <binding>
        <strength value="required"/>
        <description value="Belgium codes to describe reasons considered for status of vaccination actions, e.g. reasons for not administering vaccine"/>
        <valueSet value="https://www.hl7belgium.org/fhir/ValueSet/be-vs-vaccination-status-reason"/>
      </binding>
    </element>
    <element id="BEVaccination.patient">
      <path value="BEVaccination.patient"/>
      <short value="The patient that received vaccination."/>
      <definition value="The patient that has received the vaccination."/>
      <min value="1"/>
      <max value="1"/>
      <base>
        <path value="BEVaccination.patient"/>
        <min value="1"/>
        <max value="1"/>
      </base>
      <type>
        <code value="Reference"/>
        <targetProfile value="https://www.ehealth.fgov.be/standards/fhir/StructureDefinition/be-patient"/>
      </type>
    </element>
    <element id="BEVaccination.vaccineCode">
      <path value="BEVaccination.vaccineCode"/>
      <short value="The vaccine code, typically identified by the diseas(s) it covers. For example MMR, HPV, Tetanus, DTPa"/>
      <definition value="The vaccine code - a type of vaccine, typically identified by the disease(s) it covers. For example MMR, HPV, Tetanus, DTPa. This should be a coded value."/>
      <min value="1"/>
      <max value="1"/>
      <base>
        <path value="BEVaccination.vaccineCode"/>
        <min value="1"/>
        <max value="1"/>
      </base>
      <type>
        <code value="CodeableConcept"/>
      </type>
    </element>
    <element id="BEVaccination.vaccinationDate[x]">
      <path value="BEVaccination.vaccinationDate[x]"/>
      <short value="The date and time when the vaccination has been administered"/>
      <definition value="The date and/or time when the vaccine administration has been administered or presumed to be administered"/>
      <min value="0"/>
      <max value="1"/>
      <base>
        <path value="BEVaccination.vaccinationDate[x]"/>
        <min value="0"/>
        <max value="1"/>
      </base>
      <type>
        <code value="dateTime"/>
      </type>
      <type>
        <code value="string"/>
      </type>
    </element>
    <element id="BEVaccination.vaccinationRequest">
      <path value="BEVaccination.vaccinationRequest"/>
      <short value="The patient-specific order or recommendation for the vaccination"/>
      <definition value="The patient-specific order or recommendation for the vaccination, for example a prescription or a request for vaccination for a patient by a physician, for example for optional vaccines."/>
      <min value="0"/>
      <max value="1"/>
      <base>
        <path value="BEVaccination.vaccinationRequest"/>
        <min value="0"/>
        <max value="1"/>
      </base>
      <type>
        <code value="Reference"/>
      </type>
    </element>
    <element id="BEVaccination.protocol">
      <path value="BEVaccination.protocol"/>
      <short value="The vaccination plan or protocol (not patient-specific) that this vaccination is fulfilling"/>
      <definition value="The vaccination plan or protocol (not patient-specific) that this vaccination is fulfilling. For example &#39;Basisvaccinatieschema&#39;"/>
      <min value="0"/>
      <max value="1"/>
      <base>
        <path value="BEVaccination.protocol"/>
        <min value="0"/>
        <max value="1"/>
      </base>
      <type>
        <code value="Reference"/>
      </type>
    </element>
    <element id="BEVaccination.type">
      <path value="BEVaccination.type"/>
      <short value="The type of vaccination action - for example first dose or reinforcement."/>
      <definition value="The type of vaccination action - for example first dose or reinforcement."/>
      <min value="1"/>
      <max value="1"/>
      <base>
        <path value="BEVaccination.type"/>
        <min value="1"/>
        <max value="1"/>
      </base>
      <type>
        <code value="code"/>
      </type>
    </element>
    <element id="BEVaccination.sequenceNumber">
      <path value="BEVaccination.sequenceNumber"/>
      <short value="The sequence number of an immunization - whether it is the first dose, or second dose..."/>
      <definition value="The sequence number of an immunization when part of a protocol - if it is the first dose, or second dose..."/>
      <min value="0"/>
      <max value="1"/>
      <base>
        <path value="BEVaccination.sequenceNumber"/>
        <min value="0"/>
        <max value="1"/>
      </base>
      <type>
        <code value="string"/>
      </type>
    </element>
    <element id="BEVaccination.reporter">
      <path value="BEVaccination.reporter"/>
      <short value="The professional that recorded the administration of the vaccine"/>
      <definition value="The professional that recorded the administration of the vaccine."/>
      <min value="1"/>
      <max value="1"/>
      <base>
        <path value="BEVaccination.reporter"/>
        <min value="1"/>
        <max value="1"/>
      </base>
      <type>
        <code value="Reference"/>
        <targetProfile value="https://www.ehealth.fgov.be/standards/fhir/StructureDefinition/be-practitioner"/>
      </type>
    </element>
    <element id="BEVaccination.recorded">
      <path value="BEVaccination.recorded"/>
      <short value="The date and time when the administration of the vaccine was recorded"/>
      <definition value="The date and time when the administration of the vaccine was recorded - typically used when the vaccine event is recorded a posteriori."/>
      <min value="1"/>
      <max value="1"/>
      <base>
        <path value="BEVaccination.recorded"/>
        <min value="1"/>
        <max value="1"/>
      </base>
      <type>
        <code value="dateTime"/>
      </type>
    </element>
    <element id="BEVaccination.performer">
      <path value="BEVaccination.performer"/>
      <short value="The professional that administered the medication"/>
      <definition value="The professional that administered the medication. Use code &quot;unknown&quot; if not known."/>
      <min value="1"/>
      <max value="1"/>
      <base>
        <path value="BEVaccination.performer"/>
        <min value="1"/>
        <max value="1"/>
      </base>
      <type>
        <code value="Reference"/>
        <targetProfile value="https://www.ehealth.fgov.be/standards/fhir/StructureDefinition/be-practitioner"/>
      </type>
    </element>
    <element id="BEVaccination.route">
      <path value="BEVaccination.route"/>
      <short value="The route of administration."/>
      <definition value="The route of administration for the vaccine. This can be free text (not desired) or a code"/>
      <min value="0"/>
      <max value="1"/>
      <base>
        <path value="BEVaccination.route"/>
        <min value="0"/>
        <max value="1"/>
      </base>
      <type>
        <code value="CodeableConcept"/>
      </type>
    </element>
    <element id="BEVaccination.administeredProduct">
      <path value="BEVaccination.administeredProduct"/>
      <short value="The details of the product that was administered."/>
      <definition value="The details of the product that was administered"/>
      <min value="0"/>
      <max value="1"/>
      <base>
        <path value="BEVaccination.administeredProduct"/>
        <min value="0"/>
        <max value="1"/>
      </base>
      <type>
        <code value="BackboneElement"/>
      </type>
    </element>
    <element id="BEVaccination.administeredProduct.product">
      <path value="BEVaccination.administeredProduct.product"/>
      <short value="The actual product that was administered. This should be a produc code or a reference to an actual Medication resource"/>
      <definition value="The actual product that was administered. This can be just text (not desired), or a code (e.g. 1696392 = Neisvac C Dos 0,5ml) or a reference to an actual Medication product (e.g. http://server/Medication/1696392)"/>
      <comment value="In the case where the product is not known, use code &quot;unknown&quot;"/>
      <min value="1"/>
      <max value="1"/>
      <base>
        <path value="BEVaccination.administeredProduct.product"/>
        <min value="1"/>
        <max value="1"/>
      </base>
      <type>
        <code value="Reference"/>
      </type>
    </element>
    <element id="BEVaccination.administeredProduct.lotNumber">
      <path value="BEVaccination.administeredProduct.lotNumber"/>
      <short value="The lot number"/>
      <definition value="The lot number"/>
      <min value="0"/>
      <max value="1"/>
      <base>
        <path value="BEVaccination.administeredProduct.lotNumber"/>
        <min value="0"/>
        <max value="1"/>
      </base>
      <type>
        <code value="string"/>
      </type>
    </element>
    <element id="BEVaccination.administeredProduct.expirationDate">
      <path value="BEVaccination.administeredProduct.expirationDate"/>
      <short value="The expiration date of the product."/>
      <definition value="The expiration date of the product."/>
      <min value="0"/>
      <max value="1"/>
      <base>
        <path value="BEVaccination.administeredProduct.expirationDate"/>
        <min value="0"/>
        <max value="1"/>
      </base>
      <type>
        <code value="date"/>
      </type>
    </element>
    <element id="BEVaccination.location">
      <path value="BEVaccination.location"/>
      <short value="The location where the immunization is performed."/>
      <definition value="The location where the immunization administration was performed. This can be a text (e.g. &#39;at the physician&#39;s office&#39; or a code e.g. &#39;00078&#39; meaning &#39;patient&#39;s home&#39; or a resource (Location) if one exists e.g. &#39;Location/kind-en-gezin-092375&#39; which could be defining &#39;Kind en Gezin Gent Koepoortkaai&#39; "/>
      <min value="0"/>
      <max value="1"/>
      <base>
        <path value="BEVaccination.location"/>
        <min value="0"/>
        <max value="1"/>
      </base>
      <type>
        <code value="Reference"/>
      </type>
    </element>
    <element id="BEVaccination.note">
      <path value="BEVaccination.note"/>
      <short value="Additional notes for the vaccination."/>
      <definition value="Additional notes for the vaccination"/>
      <min value="0"/>
      <max value="1"/>
      <base>
        <path value="BEVaccination.note"/>
        <min value="0"/>
        <max value="1"/>
      </base>
      <type>
        <code value="Attachment"/>
        <profile value="http://hl7.org/fhir/StructureDefinition/Attachment"/>
      </type>
    </element>
  </snapshot>
  <differential>
    <element id="BEVaccination">
      <path value="BEVaccination"/>
      <short value="A record of an immunization or vaccination"/>
      <definition value="A record of an immunization or vaccination"/>
      <min value="0"/>
      <max value="*"/>
    </element>
    <element id="BEVaccination.identifier">
      <path value="BEVaccination.identifier"/>
      <short value="The business identifier(s) for the vaccination entry"/>
      <definition value="The business identifier(s) for the vaccination entry - This is an optional attribute, used for example to track an entry throughout its lifecycle, or across vaults."/>
      <min value="0"/>
      <max value="1"/>
      <type>
        <code value="Identifier"/>
      </type>
    </element>
    <element id="BEVaccination.status">
      <path value="BEVaccination.status"/>
      <short value="The status of this vaccination record entry"/>
      <definition value="The status of the vaccination record entry - whether it is active, entered in error, etc."/>
      <min value="1"/>
      <max value="1"/>
      <type>
        <code value="code"/>
        <profile value="http://hl7.org/fhir/StructureDefinition/code"/>
      </type>
    </element>
    <element id="BEVaccination.statusReason">
      <path value="BEVaccination.statusReason"/>
      <short value="The reason for the status e.g. &#39;not completed because...&#39;"/>
      <definition value="Supporting reason for status information."/>
      <min value="0"/>
      <max value="1"/>
      <type>
        <code value="CodeableConcept"/>
        <profile value="http://hl7.org/fhir/StructureDefinition/CodeableConcept"/>
      </type>
      <binding>
        <strength value="required"/>
        <description value="Belgium codes to describe reasons considered for status of vaccination actions, e.g. reasons for not administering vaccine"/>
        <valueSet value="https://www.hl7belgium.org/fhir/ValueSet/be-vs-vaccination-status-reason"/>
      </binding>
    </element>
    <element id="BEVaccination.patient">
      <path value="BEVaccination.patient"/>
      <short value="The patient that received vaccination."/>
      <definition value="The patient that has received the vaccination."/>
      <min value="1"/>
      <max value="1"/>
      <type>
        <code value="Reference"/>
        <targetProfile value="https://www.ehealth.fgov.be/standards/fhir/StructureDefinition/be-patient"/>
      </type>
    </element>
    <element id="BEVaccination.vaccineCode">
      <path value="BEVaccination.vaccineCode"/>
      <short value="The vaccine code, typically identified by the diseas(s) it covers. For example MMR, HPV, Tetanus, DTPa"/>
      <definition value="The vaccine code - a type of vaccine, typically identified by the disease(s) it covers. For example MMR, HPV, Tetanus, DTPa. This should be a coded value."/>
      <min value="1"/>
      <max value="1"/>
      <type>
        <code value="CodeableConcept"/>
      </type>
    </element>
    <element id="BEVaccination.vaccinationDate[x]">
      <path value="BEVaccination.vaccinationDate[x]"/>
      <short value="The date and time when the vaccination has been administered"/>
      <definition value="The date and/or time when the vaccine administration has been administered or presumed to be administered"/>
      <min value="0"/>
      <max value="1"/>
      <type>
        <code value="dateTime"/>
      </type>
      <type>
        <code value="string"/>
      </type>
    </element>
    <element id="BEVaccination.vaccinationRequest">
      <path value="BEVaccination.vaccinationRequest"/>
      <short value="The patient-specific order or recommendation for the vaccination"/>
      <definition value="The patient-specific order or recommendation for the vaccination, for example a prescription or a request for vaccination for a patient by a physician, for example for optional vaccines."/>
      <min value="0"/>
      <max value="1"/>
      <type>
        <code value="Reference"/>
      </type>
    </element>
    <element id="BEVaccination.protocol">
      <path value="BEVaccination.protocol"/>
      <short value="The vaccination plan or protocol (not patient-specific) that this vaccination is fulfilling"/>
      <definition value="The vaccination plan or protocol (not patient-specific) that this vaccination is fulfilling. For example &#39;Basisvaccinatieschema&#39;"/>
      <min value="0"/>
      <max value="1"/>
      <type>
        <code value="Reference"/>
      </type>
    </element>
    <element id="BEVaccination.type">
      <path value="BEVaccination.type"/>
      <short value="The type of vaccination action - for example first dose or reinforcement."/>
      <definition value="The type of vaccination action - for example first dose or reinforcement."/>
      <min value="1"/>
      <max value="1"/>
      <type>
        <code value="code"/>
      </type>
    </element>
    <element id="BEVaccination.sequenceNumber">
      <path value="BEVaccination.sequenceNumber"/>
      <short value="The sequence number of an immunization - whether it is the first dose, or second dose..."/>
      <definition value="The sequence number of an immunization when part of a protocol - if it is the first dose, or second dose..."/>
      <min value="0"/>
      <max value="1"/>
      <type>
        <code value="string"/>
      </type>
    </element>
    <element id="BEVaccination.reporter">
      <path value="BEVaccination.reporter"/>
      <short value="The professional that recorded the administration of the vaccine"/>
      <definition value="The professional that recorded the administration of the vaccine."/>
      <min value="1"/>
      <max value="1"/>
      <type>
        <code value="Reference"/>
        <targetProfile value="https://www.ehealth.fgov.be/standards/fhir/StructureDefinition/be-practitioner"/>
      </type>
    </element>
    <element id="BEVaccination.recorded">
      <path value="BEVaccination.recorded"/>
      <short value="The date and time when the administration of the vaccine was recorded"/>
      <definition value="The date and time when the administration of the vaccine was recorded - typically used when the vaccine event is recorded a posteriori."/>
      <min value="1"/>
      <max value="1"/>
      <type>
        <code value="dateTime"/>
      </type>
    </element>
    <element id="BEVaccination.performer">
      <path value="BEVaccination.performer"/>
      <short value="The professional that administered the medication"/>
      <definition value="The professional that administered the medication. Use code &quot;unknown&quot; if not known."/>
      <min value="1"/>
      <max value="1"/>
      <type>
        <code value="Reference"/>
        <targetProfile value="https://www.ehealth.fgov.be/standards/fhir/StructureDefinition/be-practitioner"/>
      </type>
    </element>
    <element id="BEVaccination.route">
      <path value="BEVaccination.route"/>
      <short value="The route of administration."/>
      <definition value="The route of administration for the vaccine. This can be free text (not desired) or a code"/>
      <min value="0"/>
      <max value="1"/>
      <type>
        <code value="CodeableConcept"/>
      </type>
    </element>
    <element id="BEVaccination.administeredProduct">
      <path value="BEVaccination.administeredProduct"/>
      <short value="The details of the product that was administered."/>
      <definition value="The details of the product that was administered"/>
      <min value="0"/>
      <max value="1"/>
      <type>
        <code value="BackboneElement"/>
      </type>
    </element>
    <element id="BEVaccination.administeredProduct.product">
      <path value="BEVaccination.administeredProduct.product"/>
      <short value="The actual product that was administered. This should be a produc code or a reference to an actual Medication resource"/>
      <definition value="The actual product that was administered. This can be just text (not desired), or a code (e.g. 1696392 = Neisvac C Dos 0,5ml) or a reference to an actual Medication product (e.g. http://server/Medication/1696392)"/>
      <comment value="In the case where the product is not known, use code &quot;unknown&quot;"/>
      <min value="1"/>
      <max value="1"/>
      <type>
        <code value="Reference"/>
      </type>
    </element>
    <element id="BEVaccination.administeredProduct.lotNumber">
      <path value="BEVaccination.administeredProduct.lotNumber"/>
      <short value="The lot number"/>
      <definition value="The lot number"/>
      <min value="0"/>
      <max value="1"/>
      <type>
        <code value="string"/>
      </type>
    </element>
    <element id="BEVaccination.administeredProduct.expirationDate">
      <path value="BEVaccination.administeredProduct.expirationDate"/>
      <short value="The expiration date of the product."/>
      <definition value="The expiration date of the product."/>
      <min value="0"/>
      <max value="1"/>
      <type>
        <code value="date"/>
      </type>
    </element>
    <element id="BEVaccination.location">
      <path value="BEVaccination.location"/>
      <short value="The location where the immunization is performed."/>
      <definition value="The location where the immunization administration was performed. This can be a text (e.g. &#39;at the physician&#39;s office&#39; or a code e.g. &#39;00078&#39; meaning &#39;patient&#39;s home&#39; or a resource (Location) if one exists e.g. &#39;Location/kind-en-gezin-092375&#39; which could be defining &#39;Kind en Gezin Gent Koepoortkaai&#39; "/>
      <min value="0"/>
      <max value="1"/>
      <type>
        <code value="Reference"/>
      </type>
    </element>
    <element id="BEVaccination.note">
      <path value="BEVaccination.note"/>
      <short value="Additional notes for the vaccination."/>
      <definition value="Additional notes for the vaccination"/>
      <min value="0"/>
      <max value="1"/>
      <type>
        <code value="Attachment"/>
        <profile value="http://hl7.org/fhir/StructureDefinition/Attachment"/>
      </type>
    </element>
  </differential>
</StructureDefinition>