<?xml version="1.0" encoding="UTF-8"?><ExampleScenario xmlns="http://hl7.org/fhir"><id value="scenario-allergy"/><url value="https://www.hl7belgium.org/fhir/ExampleScenario/scenario-allergy"/><version value="0.1.0"/><name value="AllergyScenario"/><status value="draft"/><experimental value="false"/><date value="2019-09-11T00:00:00.000+01:00"/><publisher value="RIZIV-INAMI"/><contact><telecom><system value="url"/><value value="http://somewhere.org"/></telecom></contact><jurisdiction><coding><system value="http://unstats.un.org/unsd/methods/m49/m49.htm"/><code value="056"/></coding><coding><system value="urn:iso:std:iso:3166"/><code value="BE"/></coding></jurisdiction><actor><actorId value="GP"/><type value="person"/><name value="Dr. Durant\n(GP)"/></actor><actor><actorId value="VAULT"/><type value="entity"/><name value="Vault"/></actor><actor><actorId value="SPEC"/><type value="person"/><name value="Dr. Lenoir\n(Specialist)"/></actor><instance><resourceId value="noel-allergy.v0"/><resourceType value="AllergyIntolerance"/><name value="Allergy Record"/></instance><instance><resourceId value="EB"/><resourceType value="Bundle"/><name value="Empty Bundle"/></instance><instance><resourceId value="noel-allergy.v1"/><resourceType value="AllergyIntolerance"/><name value="Updated Allergy Record"/></instance><process><title value="Allergy Intolerance Use Case"/><description value="description"/><preConditions value="The patient visits their GP and shows signs of inflammation. The GP will check for possible allergies, while presently there are no allergies registered for the patient."/><postConditions value="The patient&#39;s allergy information in the central vault is updated with a refuted allergy (which may or not be shown in the patient record)."/><step><operation><number value="1"/><name value="Get patient&#39;s allergies"/><initiator value="GP"/><receiver value="VAULT"/><response><resourceId value="EB"/></response></operation></step><step><operation><number value="2"/><name value="Create new Allergy record entry"/><initiator value="GP"/><receiver value="VAULT"/><request><resourceId value="noel-allergy.v0"/></request></operation></step><step><operation><number value="3"/><name value="Get patient&#39;s allergies"/><initiator value="SPEC"/><receiver value="VAULT"/><response><resourceId value="noel-allergy.v0"/></response></operation></step><step><operation><number value="4"/><name value="Update Allergy record"/><initiator value="SPEC"/><receiver value="VAULT"/><request><resourceId value="noel-allergy.v1"/></request></operation></step><step><operation><number value="5"/><name value="Get patient&#39;s allergies"/><initiator value="GP"/><receiver value="VAULT"/><response><resourceId value="noel-allergy.v1"/></response></operation></step></process></ExampleScenario>