<?xml version="1.0" encoding="UTF-8"?><StructureDefinition xmlns="http://hl7.org/fhir"><id value="be-model-problem"/><text><status value="extensions"/><div xmlns="http://www.w3.org/1999/xhtml"><table border="0" cellpadding="0" cellspacing="0" style="border: 0px #F0F0F0 solid; font-size: 11px; font-family: verdana; vertical-align: top;"><tr style="border: 1px #F0F0F0 solid; font-size: 11px; font-family: verdana; vertical-align: top"><th style="vertical-align: top; text-align : left; background-color: white; border: 0px #F0F0F0 solid; padding:0px 4px 0px 4px" class="hierarchy"><a href="http://hl7.org/fhir/R4/formats.html#table" title="The logical name of the element">Name</a></th><th style="vertical-align: top; text-align : left; background-color: white; border: 0px #F0F0F0 solid; padding:0px 4px 0px 4px" class="hierarchy"><a href="http://hl7.org/fhir/R4/formats.html#table" title="Information about the use of the element">Flags</a></th><th style="vertical-align: top; text-align : left; background-color: white; border: 0px #F0F0F0 solid; padding:0px 4px 0px 4px" class="hierarchy"><a href="http://hl7.org/fhir/R4/formats.html#table" title="Minimum and Maximum # of times the the element can appear in the instance">Card.</a></th><th style="width: 100px" class="hierarchy"><a href="http://hl7.org/fhir/R4/formats.html#table" title="Reference to the type of the element">Type</a></th><th style="vertical-align: top; text-align : left; background-color: white; border: 0px #F0F0F0 solid; padding:0px 4px 0px 4px" class="hierarchy"><a href="http://hl7.org/fhir/R4/formats.html#table" title="Additional information about the element">Description &amp; Constraints</a><span style="float: right"><a href="http://hl7.org/fhir/R4/formats.html#table" title="Legend for this format"><img src="http://hl7.org/fhir/R4/help16.png" alt="doco" style="background-color: inherit"/></a></span></th></tr><tr style="border: 0px #F0F0F0 solid; padding:0px; vertical-align: top; background-color: white"><td style="vertical-align: top; text-align : left; background-color: white; border: 0px #F0F0F0 solid; padding:0px 4px 0px 4px; white-space: nowrap; background-image: url(tbl_bck1.png)" class="hierarchy"><img src="tbl_spacer.png" alt="." style="background-color: inherit" class="hierarchy"/><img src="icon_element.gif" alt="." style="background-color: white; background-color: inherit" title="Element" class="hierarchy"/> <a href="StructureDefinition-be-model-problem-definitions.html#BeProblem" title="A record of a problem - a risk, a condition, etc.">BeProblem</a><a name="BeProblem"> </a></td><td style="vertical-align: top; text-align : left; background-color: white; border: 0px #F0F0F0 solid; padding:0px 4px 0px 4px" class="hierarchy"/><td style="vertical-align: top; text-align : left; background-color: white; border: 0px #F0F0F0 solid; padding:0px 4px 0px 4px" class="hierarchy">0..*</td><td style="vertical-align: top; text-align : left; background-color: white; border: 0px #F0F0F0 solid; padding:0px 4px 0px 4px" class="hierarchy"><a href="http://hl7.org/fhir/R4/datatypes.html#Element">Element</a></td><td style="vertical-align: top; text-align : left; background-color: white; border: 0px #F0F0F0 solid; padding:0px 4px 0px 4px" class="hierarchy">A record of a problem<br/></td></tr>
<tr style="border: 0px #F0F0F0 solid; padding:0px; vertical-align: top; background-color: #F7F7F7"><td style="vertical-align: top; text-align : left; background-color: #F7F7F7; border: 0px #F0F0F0 solid; padding:0px 4px 0px 4px; white-space: nowrap; background-image: url(tbl_bck10.png)" class="hierarchy"><img src="tbl_spacer.png" alt="." style="background-color: inherit" class="hierarchy"/><img src="tbl_vjoin.png" alt="." style="background-color: inherit" class="hierarchy"/><img src="icon_datatype.gif" alt="." style="background-color: #F7F7F7; background-color: inherit" title="Data Type" class="hierarchy"/> <a href="StructureDefinition-be-model-problem-definitions.html#BeProblem.identifier" title="The business identifier(s) for the problem entry - This is an optional attribute, used for example to track an entry throughout its lifecycle, or across vaults.">identifier</a><a name="BeProblem.identifier"> </a></td><td style="vertical-align: top; text-align : left; background-color: #F7F7F7; border: 0px #F0F0F0 solid; padding:0px 4px 0px 4px" class="hierarchy"/><td style="vertical-align: top; text-align : left; background-color: #F7F7F7; border: 0px #F0F0F0 solid; padding:0px 4px 0px 4px" class="hierarchy">0..1</td><td style="vertical-align: top; text-align : left; background-color: #F7F7F7; border: 0px #F0F0F0 solid; padding:0px 4px 0px 4px" class="hierarchy"><a href="http://hl7.org/fhir/R4/datatypes.html#Identifier">Identifier</a></td><td style="vertical-align: top; text-align : left; background-color: #F7F7F7; border: 0px #F0F0F0 solid; padding:0px 4px 0px 4px" class="hierarchy">The business identifier(s) for the problem entry</td></tr>
<tr style="border: 0px #F0F0F0 solid; padding:0px; vertical-align: top; background-color: white"><td style="vertical-align: top; text-align : left; background-color: white; border: 0px #F0F0F0 solid; padding:0px 4px 0px 4px; white-space: nowrap; background-image: url(tbl_bck10.png)" class="hierarchy"><img src="tbl_spacer.png" alt="." style="background-color: inherit" class="hierarchy"/><img src="tbl_vjoin.png" alt="." style="background-color: inherit" class="hierarchy"/><img src="icon_primitive.png" alt="." style="background-color: white; background-color: inherit" title="Primitive Data Type" class="hierarchy"/> <a href="StructureDefinition-be-model-problem-definitions.html#BeProblem.dateTime" title="The date and/or time when the problem has been recorded in any system.">dateTime</a><a name="BeProblem.dateTime"> </a></td><td style="vertical-align: top; text-align : left; background-color: white; border: 0px #F0F0F0 solid; padding:0px 4px 0px 4px" class="hierarchy"/><td style="vertical-align: top; text-align : left; background-color: white; border: 0px #F0F0F0 solid; padding:0px 4px 0px 4px" class="hierarchy">0..1</td><td style="vertical-align: top; text-align : left; background-color: white; border: 0px #F0F0F0 solid; padding:0px 4px 0px 4px" class="hierarchy"><a href="http://hl7.org/fhir/R4/datatypes.html#dateTime" title="dateTime">dateTime</a></td><td style="vertical-align: top; text-align : left; background-color: white; border: 0px #F0F0F0 solid; padding:0px 4px 0px 4px" class="hierarchy">The dateTime when the problem has been recorded</td></tr>
<tr style="border: 0px #F0F0F0 solid; padding:0px; vertical-align: top; background-color: #F7F7F7"><td style="vertical-align: top; text-align : left; background-color: #F7F7F7; border: 0px #F0F0F0 solid; padding:0px 4px 0px 4px; white-space: nowrap; background-image: url(tbl_bck10.png)" class="hierarchy"><img src="tbl_spacer.png" alt="." style="background-color: inherit" class="hierarchy"/><img src="tbl_vjoin.png" alt="." style="background-color: inherit" class="hierarchy"/><img src="icon_reference.png" alt="." style="background-color: #F7F7F7; background-color: inherit" title="Reference to another Resource" class="hierarchy"/> <a href="StructureDefinition-be-model-problem-definitions.html#BeProblem.reporter" title="The professional that recorded the problem.">reporter</a><a name="BeProblem.reporter"> </a></td><td style="vertical-align: top; text-align : left; background-color: #F7F7F7; border: 0px #F0F0F0 solid; padding:0px 4px 0px 4px" class="hierarchy"/><td style="vertical-align: top; text-align : left; background-color: #F7F7F7; border: 0px #F0F0F0 solid; padding:0px 4px 0px 4px" class="hierarchy">0..1</td><td style="vertical-align: top; text-align : left; background-color: #F7F7F7; border: 0px #F0F0F0 solid; padding:0px 4px 0px 4px" class="hierarchy"><a href="http://hl7.org/fhir/R4/references.html">Reference</a>(<a href="StructureDefinition-be-practitioner.html">BePractitioner</a>)</td><td style="vertical-align: top; text-align : left; background-color: #F7F7F7; border: 0px #F0F0F0 solid; padding:0px 4px 0px 4px" class="hierarchy">The professional that recorded the problem</td></tr>
<tr style="border: 0px #F0F0F0 solid; padding:0px; vertical-align: top; background-color: white"><td style="vertical-align: top; text-align : left; background-color: white; border: 0px #F0F0F0 solid; padding:0px 4px 0px 4px; white-space: nowrap; background-image: url(tbl_bck10.png)" class="hierarchy"><img src="tbl_spacer.png" alt="." style="background-color: inherit" class="hierarchy"/><img src="tbl_vjoin.png" alt="." style="background-color: inherit" class="hierarchy"/><img src="icon_primitive.png" alt="." style="background-color: white; background-color: inherit" title="Primitive Data Type" class="hierarchy"/> <a href="StructureDefinition-be-model-problem-definitions.html#BeProblem.clinicalStatus" title="The clinical status of the problem - whether it is active, resolved...">clinicalStatus</a><a name="BeProblem.clinicalStatus"> </a></td><td style="vertical-align: top; text-align : left; background-color: white; border: 0px #F0F0F0 solid; padding:0px 4px 0px 4px" class="hierarchy"/><td style="vertical-align: top; text-align : left; background-color: white; border: 0px #F0F0F0 solid; padding:0px 4px 0px 4px" class="hierarchy">0..1</td><td style="vertical-align: top; text-align : left; background-color: white; border: 0px #F0F0F0 solid; padding:0px 4px 0px 4px" class="hierarchy"><a href="http://hl7.org/fhir/R4/datatypes.html#code" title="code">code</a></td><td style="vertical-align: top; text-align : left; background-color: white; border: 0px #F0F0F0 solid; padding:0px 4px 0px 4px" class="hierarchy">The clinical status of the problem - whether it is active, resolved...<br/><span style="font-weight:bold">Binding: </span><a href="http://hl7.org/fhir/R4/valueset-condition-clinical.html">ConditionClinicalStatusCodes</a> (<a href="http://hl7.org/fhir/R4/terminologies.html#required" title="To be conformant, the concept in this element SHALL be from the specified value set.">required</a>)</td></tr>
<tr style="border: 0px #F0F0F0 solid; padding:0px; vertical-align: top; background-color: #F7F7F7"><td style="vertical-align: top; text-align : left; background-color: #F7F7F7; border: 0px #F0F0F0 solid; padding:0px 4px 0px 4px; white-space: nowrap; background-image: url(tbl_bck10.png)" class="hierarchy"><img src="tbl_spacer.png" alt="." style="background-color: inherit" class="hierarchy"/><img src="tbl_vjoin.png" alt="." style="background-color: inherit" class="hierarchy"/><img src="icon_primitive.png" alt="." style="background-color: #F7F7F7; background-color: inherit" title="Primitive Data Type" class="hierarchy"/> <a href="StructureDefinition-be-model-problem-definitions.html#BeProblem.status" title="The status of the problem record entry - whether it is active, entered in error, etc.">status</a><a name="BeProblem.status"> </a></td><td style="vertical-align: top; text-align : left; background-color: #F7F7F7; border: 0px #F0F0F0 solid; padding:0px 4px 0px 4px" class="hierarchy"/><td style="vertical-align: top; text-align : left; background-color: #F7F7F7; border: 0px #F0F0F0 solid; padding:0px 4px 0px 4px" class="hierarchy">1..1</td><td style="vertical-align: top; text-align : left; background-color: #F7F7F7; border: 0px #F0F0F0 solid; padding:0px 4px 0px 4px" class="hierarchy"><a href="http://hl7.org/fhir/R4/datatypes.html#code" title="code">code</a></td><td style="vertical-align: top; text-align : left; background-color: #F7F7F7; border: 0px #F0F0F0 solid; padding:0px 4px 0px 4px" class="hierarchy">The status of this problem record entry<br/><span style="font-weight:bold">Binding: </span><a href="http://hl7.org/fhir/R4/valueset-condition-ver-status.html">ConditionVerificationStatus</a> (<a href="http://hl7.org/fhir/R4/terminologies.html#required" title="To be conformant, the concept in this element SHALL be from the specified value set.">required</a>)</td></tr>
<tr style="border: 0px #F0F0F0 solid; padding:0px; vertical-align: top; background-color: white"><td style="vertical-align: top; text-align : left; background-color: white; border: 0px #F0F0F0 solid; padding:0px 4px 0px 4px; white-space: nowrap; background-image: url(tbl_bck10.png)" class="hierarchy"><img src="tbl_spacer.png" alt="." style="background-color: inherit" class="hierarchy"/><img src="tbl_vjoin.png" alt="." style="background-color: inherit" class="hierarchy"/><img src="icon_reference.png" alt="." style="background-color: white; background-color: inherit" title="Reference to another Resource" class="hierarchy"/> <a href="StructureDefinition-be-model-problem-definitions.html#BeProblem.subject" title="The patient">subject</a><a name="BeProblem.subject"> </a></td><td style="vertical-align: top; text-align : left; background-color: white; border: 0px #F0F0F0 solid; padding:0px 4px 0px 4px" class="hierarchy"/><td style="vertical-align: top; text-align : left; background-color: white; border: 0px #F0F0F0 solid; padding:0px 4px 0px 4px" class="hierarchy">1..1</td><td style="vertical-align: top; text-align : left; background-color: white; border: 0px #F0F0F0 solid; padding:0px 4px 0px 4px" class="hierarchy"><a href="http://hl7.org/fhir/R4/references.html">Reference</a>(<a href="StructureDefinition-be-patient.html">BePatient</a>)</td><td style="vertical-align: top; text-align : left; background-color: white; border: 0px #F0F0F0 solid; padding:0px 4px 0px 4px" class="hierarchy">The person that has/had the addiction</td></tr>
<tr style="border: 0px #F0F0F0 solid; padding:0px; vertical-align: top; background-color: #F7F7F7"><td style="vertical-align: top; text-align : left; background-color: #F7F7F7; border: 0px #F0F0F0 solid; padding:0px 4px 0px 4px; white-space: nowrap; background-image: url(tbl_bck10.png)" class="hierarchy"><img src="tbl_spacer.png" alt="." style="background-color: inherit" class="hierarchy"/><img src="tbl_vjoin.png" alt="." style="background-color: inherit" class="hierarchy"/><img src="icon_datatype.gif" alt="." style="background-color: #F7F7F7; background-color: inherit" title="Data Type" class="hierarchy"/> <a href="StructureDefinition-be-model-problem-definitions.html#BeProblem.problemCategory" title="Supporting reason for status information.">problemCategory</a><a name="BeProblem.problemCategory"> </a></td><td style="vertical-align: top; text-align : left; background-color: #F7F7F7; border: 0px #F0F0F0 solid; padding:0px 4px 0px 4px" class="hierarchy"/><td style="vertical-align: top; text-align : left; background-color: #F7F7F7; border: 0px #F0F0F0 solid; padding:0px 4px 0px 4px" class="hierarchy">0..1</td><td style="vertical-align: top; text-align : left; background-color: #F7F7F7; border: 0px #F0F0F0 solid; padding:0px 4px 0px 4px" class="hierarchy"><a href="http://hl7.org/fhir/R4/datatypes.html#CodeableConcept">CodeableConcept</a></td><td style="vertical-align: top; text-align : left; background-color: #F7F7F7; border: 0px #F0F0F0 solid; padding:0px 4px 0px 4px" class="hierarchy">The category for the problem - diagnosis, risk, etc.<br/><span style="font-weight:bold">Binding: </span><a href="https://www.hl7belgium.org/fhir/CodeSystem/be-vs-problem-category">https://www.hl7belgium.org/fhir/CodeSystem/be-vs-problem-category</a> (<a href="http://hl7.org/fhir/R4/terminologies.html#required" title="To be conformant, the concept in this element SHALL be from the specified value set.">required</a>)</td></tr>
<tr style="border: 0px #F0F0F0 solid; padding:0px; vertical-align: top; background-color: white"><td style="vertical-align: top; text-align : left; background-color: white; border: 0px #F0F0F0 solid; padding:0px 4px 0px 4px; white-space: nowrap; background-image: url(tbl_bck11.png)" class="hierarchy"><img src="tbl_spacer.png" alt="." style="background-color: inherit" class="hierarchy"/><img src="tbl_vjoin.png" alt="." style="background-color: inherit" class="hierarchy"/><img src="icon_datatype.gif" alt="." style="background-color: white; background-color: inherit" title="Data Type" class="hierarchy"/> <a href="StructureDefinition-be-model-problem-definitions.html#BeProblem.origin" title="How the problem came to be recorded - in a consult, etc.">origin</a><a name="BeProblem.origin"> </a></td><td style="vertical-align: top; text-align : left; background-color: white; border: 0px #F0F0F0 solid; padding:0px 4px 0px 4px" class="hierarchy"/><td style="vertical-align: top; text-align : left; background-color: white; border: 0px #F0F0F0 solid; padding:0px 4px 0px 4px" class="hierarchy">0..1</td><td style="vertical-align: top; text-align : left; background-color: white; border: 0px #F0F0F0 solid; padding:0px 4px 0px 4px" class="hierarchy"><a href="http://hl7.org/fhir/R4/datatypes.html#BackboneElement">BackboneElement</a></td><td style="vertical-align: top; text-align : left; background-color: white; border: 0px #F0F0F0 solid; padding:0px 4px 0px 4px" class="hierarchy">How the problem came to be recorded</td></tr>
<tr style="border: 0px #F0F0F0 solid; padding:0px; vertical-align: top; background-color: #F7F7F7"><td style="vertical-align: top; text-align : left; background-color: #F7F7F7; border: 0px #F0F0F0 solid; padding:0px 4px 0px 4px; white-space: nowrap; background-image: url(tbl_bck110.png)" class="hierarchy"><img src="tbl_spacer.png" alt="." style="background-color: inherit" class="hierarchy"/><img src="tbl_vline.png" alt="." style="background-color: inherit" class="hierarchy"/><img src="tbl_vjoin.png" alt="." style="background-color: inherit" class="hierarchy"/><img src="icon_datatype.gif" alt="." style="background-color: #F7F7F7; background-color: inherit" title="Data Type" class="hierarchy"/> <a href="StructureDefinition-be-model-problem-definitions.html#BeProblem.origin.type" title="A coded type of the problem record origin">type</a><a name="BeProblem.origin.type"> </a></td><td style="vertical-align: top; text-align : left; background-color: #F7F7F7; border: 0px #F0F0F0 solid; padding:0px 4px 0px 4px" class="hierarchy"/><td style="vertical-align: top; text-align : left; background-color: #F7F7F7; border: 0px #F0F0F0 solid; padding:0px 4px 0px 4px" class="hierarchy">0..1</td><td style="vertical-align: top; text-align : left; background-color: #F7F7F7; border: 0px #F0F0F0 solid; padding:0px 4px 0px 4px" class="hierarchy"><a href="http://hl7.org/fhir/R4/datatypes.html#CodeableConcept">CodeableConcept</a></td><td style="vertical-align: top; text-align : left; background-color: #F7F7F7; border: 0px #F0F0F0 solid; padding:0px 4px 0px 4px" class="hierarchy">A coded type of the problem record origin<br/><span style="font-weight:bold">Binding: </span><a href="https://www.hl7belgium.org/fhir/ValueSet/be-vs-condition-origin-type">https://www.hl7belgium.org/fhir/ValueSet/be-vs-condition-origin-type</a> (<a href="http://hl7.org/fhir/R4/terminologies.html#required" title="To be conformant, the concept in this element SHALL be from the specified value set.">required</a>)</td></tr>
<tr style="border: 0px #F0F0F0 solid; padding:0px; vertical-align: top; background-color: white"><td style="vertical-align: top; text-align : left; background-color: white; border: 0px #F0F0F0 solid; padding:0px 4px 0px 4px; white-space: nowrap; background-image: url(tbl_bck100.png)" class="hierarchy"><img src="tbl_spacer.png" alt="." style="background-color: inherit" class="hierarchy"/><img src="tbl_vline.png" alt="." style="background-color: inherit" class="hierarchy"/><img src="tbl_vjoin_end.png" alt="." style="background-color: inherit" class="hierarchy"/><img src="icon_reference.png" alt="." style="background-color: white; background-color: inherit" title="Reference to another Resource" class="hierarchy"/> <a href="StructureDefinition-be-model-problem-definitions.html#BeProblem.origin.reference">reference</a><a name="BeProblem.origin.reference"> </a></td><td style="vertical-align: top; text-align : left; background-color: white; border: 0px #F0F0F0 solid; padding:0px 4px 0px 4px" class="hierarchy"/><td style="vertical-align: top; text-align : left; background-color: white; border: 0px #F0F0F0 solid; padding:0px 4px 0px 4px" class="hierarchy">0..1</td><td style="vertical-align: top; text-align : left; background-color: white; border: 0px #F0F0F0 solid; padding:0px 4px 0px 4px" class="hierarchy"><a href="http://hl7.org/fhir/R4/references.html">Reference</a>(<a href="StructureDefinition-be-practitioner.html">BePractitioner</a>)</td><td style="vertical-align: top; text-align : left; background-color: white; border: 0px #F0F0F0 solid; padding:0px 4px 0px 4px" class="hierarchy"/></tr>
<tr style="border: 0px #F0F0F0 solid; padding:0px; vertical-align: top; background-color: #F7F7F7"><td style="vertical-align: top; text-align : left; background-color: #F7F7F7; border: 0px #F0F0F0 solid; padding:0px 4px 0px 4px; white-space: nowrap; background-image: url(tbl_bck10.png)" class="hierarchy"><img src="tbl_spacer.png" alt="." style="background-color: inherit" class="hierarchy"/><img src="tbl_vjoin.png" alt="." style="background-color: inherit" class="hierarchy"/><img src="icon_datatype.gif" alt="." style="background-color: #F7F7F7; background-color: inherit" title="Data Type" class="hierarchy"/> <a href="StructureDefinition-be-model-problem-definitions.html#BeProblem.problemCode">problemCode</a><a name="BeProblem.problemCode"> </a></td><td style="vertical-align: top; text-align : left; background-color: #F7F7F7; border: 0px #F0F0F0 solid; padding:0px 4px 0px 4px" class="hierarchy"/><td style="vertical-align: top; text-align : left; background-color: #F7F7F7; border: 0px #F0F0F0 solid; padding:0px 4px 0px 4px" class="hierarchy">0..1</td><td style="vertical-align: top; text-align : left; background-color: #F7F7F7; border: 0px #F0F0F0 solid; padding:0px 4px 0px 4px" class="hierarchy"><a href="http://hl7.org/fhir/R4/datatypes.html#CodeableConcept">CodeableConcept</a></td><td style="vertical-align: top; text-align : left; background-color: #F7F7F7; border: 0px #F0F0F0 solid; padding:0px 4px 0px 4px" class="hierarchy"><span style="font-weight:bold">Binding: </span><a href="https://www.hl7belgium.org/fhir/CodeSystem/be-vs-congenital-anomalies">https://www.hl7belgium.org/fhir/CodeSystem/be-vs-congenital-anomalies</a> (<a href="http://hl7.org/fhir/R4/terminologies.html#required" title="To be conformant, the concept in this element SHALL be from the specified value set.">required</a>)</td></tr>
<tr style="border: 0px #F0F0F0 solid; padding:0px; vertical-align: top; background-color: white"><td style="vertical-align: top; text-align : left; background-color: white; border: 0px #F0F0F0 solid; padding:0px 4px 0px 4px; white-space: nowrap; background-image: url(tbl_bck10.png)" class="hierarchy"><img src="tbl_spacer.png" alt="." style="background-color: inherit" class="hierarchy"/><img src="tbl_vjoin.png" alt="." style="background-color: inherit" class="hierarchy"/><img src="icon_datatype.gif" alt="." style="background-color: white; background-color: inherit" title="Data Type" class="hierarchy"/> <a href="StructureDefinition-be-model-problem-definitions.html#BeProblem.started">started</a><a name="BeProblem.started"> </a></td><td style="vertical-align: top; text-align : left; background-color: white; border: 0px #F0F0F0 solid; padding:0px 4px 0px 4px" class="hierarchy"/><td style="vertical-align: top; text-align : left; background-color: white; border: 0px #F0F0F0 solid; padding:0px 4px 0px 4px" class="hierarchy">0..1</td><td style="vertical-align: top; text-align : left; background-color: white; border: 0px #F0F0F0 solid; padding:0px 4px 0px 4px" class="hierarchy"><a href="http://hl7.org/fhir/R4/datatypes.html#Period">Period</a></td><td style="vertical-align: top; text-align : left; background-color: white; border: 0px #F0F0F0 solid; padding:0px 4px 0px 4px" class="hierarchy"/></tr>
<tr style="border: 0px #F0F0F0 solid; padding:0px; vertical-align: top; background-color: #F7F7F7"><td style="vertical-align: top; text-align : left; background-color: #F7F7F7; border: 0px #F0F0F0 solid; padding:0px 4px 0px 4px; white-space: nowrap; background-image: url(tbl_bck10.png)" class="hierarchy"><img src="tbl_spacer.png" alt="." style="background-color: inherit" class="hierarchy"/><img src="tbl_vjoin.png" alt="." style="background-color: inherit" class="hierarchy"/><img src="icon_datatype.gif" alt="." style="background-color: #F7F7F7; background-color: inherit" title="Data Type" class="hierarchy"/> <a href="StructureDefinition-be-model-problem-definitions.html#BeProblem.resolved">resolved</a><a name="BeProblem.resolved"> </a></td><td style="vertical-align: top; text-align : left; background-color: #F7F7F7; border: 0px #F0F0F0 solid; padding:0px 4px 0px 4px" class="hierarchy"/><td style="vertical-align: top; text-align : left; background-color: #F7F7F7; border: 0px #F0F0F0 solid; padding:0px 4px 0px 4px" class="hierarchy">0..1</td><td style="vertical-align: top; text-align : left; background-color: #F7F7F7; border: 0px #F0F0F0 solid; padding:0px 4px 0px 4px" class="hierarchy"><a href="http://hl7.org/fhir/R4/datatypes.html#Period">Period</a></td><td style="vertical-align: top; text-align : left; background-color: #F7F7F7; border: 0px #F0F0F0 solid; padding:0px 4px 0px 4px" class="hierarchy"/></tr>
<tr style="border: 0px #F0F0F0 solid; padding:0px; vertical-align: top; background-color: white"><td style="vertical-align: top; text-align : left; background-color: white; border: 0px #F0F0F0 solid; padding:0px 4px 0px 4px; white-space: nowrap; background-image: url(tbl_bck11.png)" class="hierarchy"><img src="tbl_spacer.png" alt="." style="background-color: inherit" class="hierarchy"/><img src="tbl_vjoin.png" alt="." style="background-color: inherit" class="hierarchy"/><img src="icon_datatype.gif" alt="." style="background-color: white; background-color: inherit" title="Data Type" class="hierarchy"/> <a href="StructureDefinition-be-model-problem-definitions.html#BeProblem.bodySite">bodySite</a><a name="BeProblem.bodySite"> </a></td><td style="vertical-align: top; text-align : left; background-color: white; border: 0px #F0F0F0 solid; padding:0px 4px 0px 4px" class="hierarchy"/><td style="vertical-align: top; text-align : left; background-color: white; border: 0px #F0F0F0 solid; padding:0px 4px 0px 4px" class="hierarchy">0..1</td><td style="vertical-align: top; text-align : left; background-color: white; border: 0px #F0F0F0 solid; padding:0px 4px 0px 4px" class="hierarchy"><a href="http://hl7.org/fhir/R4/datatypes.html#BackboneElement">BackboneElement</a></td><td style="vertical-align: top; text-align : left; background-color: white; border: 0px #F0F0F0 solid; padding:0px 4px 0px 4px" class="hierarchy"/></tr>
<tr style="border: 0px #F0F0F0 solid; padding:0px; vertical-align: top; background-color: #F7F7F7"><td style="vertical-align: top; text-align : left; background-color: #F7F7F7; border: 0px #F0F0F0 solid; padding:0px 4px 0px 4px; white-space: nowrap; background-image: url(tbl_bck110.png)" class="hierarchy"><img src="tbl_spacer.png" alt="." style="background-color: inherit" class="hierarchy"/><img src="tbl_vline.png" alt="." style="background-color: inherit" class="hierarchy"/><img src="tbl_vjoin.png" alt="." style="background-color: inherit" class="hierarchy"/><img src="icon_datatype.gif" alt="." style="background-color: #F7F7F7; background-color: inherit" title="Data Type" class="hierarchy"/> <a href="StructureDefinition-be-model-problem-definitions.html#BeProblem.bodySite.site">site</a><a name="BeProblem.bodySite.site"> </a></td><td style="vertical-align: top; text-align : left; background-color: #F7F7F7; border: 0px #F0F0F0 solid; padding:0px 4px 0px 4px" class="hierarchy"/><td style="vertical-align: top; text-align : left; background-color: #F7F7F7; border: 0px #F0F0F0 solid; padding:0px 4px 0px 4px" class="hierarchy">0..1</td><td style="vertical-align: top; text-align : left; background-color: #F7F7F7; border: 0px #F0F0F0 solid; padding:0px 4px 0px 4px" class="hierarchy"><a href="http://hl7.org/fhir/R4/datatypes.html#CodeableConcept">CodeableConcept</a></td><td style="vertical-align: top; text-align : left; background-color: #F7F7F7; border: 0px #F0F0F0 solid; padding:0px 4px 0px 4px" class="hierarchy"><span style="font-weight:bold">Binding: </span><a href="ValueSet-be-vs-bodysite.html">Body Site</a> (<a href="http://hl7.org/fhir/R4/terminologies.html#required" title="To be conformant, the concept in this element SHALL be from the specified value set.">required</a>)</td></tr>
<tr style="border: 0px #F0F0F0 solid; padding:0px; vertical-align: top; background-color: white"><td style="vertical-align: top; text-align : left; background-color: white; border: 0px #F0F0F0 solid; padding:0px 4px 0px 4px; white-space: nowrap; background-image: url(tbl_bck100.png)" class="hierarchy"><img src="tbl_spacer.png" alt="." style="background-color: inherit" class="hierarchy"/><img src="tbl_vline.png" alt="." style="background-color: inherit" class="hierarchy"/><img src="tbl_vjoin_end.png" alt="." style="background-color: inherit" class="hierarchy"/><img src="icon_datatype.gif" alt="." style="background-color: white; background-color: inherit" title="Data Type" class="hierarchy"/> <a href="StructureDefinition-be-model-problem-definitions.html#BeProblem.bodySite.laterality">laterality</a><a name="BeProblem.bodySite.laterality"> </a></td><td style="vertical-align: top; text-align : left; background-color: white; border: 0px #F0F0F0 solid; padding:0px 4px 0px 4px" class="hierarchy"/><td style="vertical-align: top; text-align : left; background-color: white; border: 0px #F0F0F0 solid; padding:0px 4px 0px 4px" class="hierarchy">0..1</td><td style="vertical-align: top; text-align : left; background-color: white; border: 0px #F0F0F0 solid; padding:0px 4px 0px 4px" class="hierarchy"><a href="http://hl7.org/fhir/R4/datatypes.html#CodeableConcept">CodeableConcept</a></td><td style="vertical-align: top; text-align : left; background-color: white; border: 0px #F0F0F0 solid; padding:0px 4px 0px 4px" class="hierarchy"><span style="font-weight:bold">Binding: </span><a href="ValueSet-be-vs-laterality.html">Laterality</a> (<a href="http://hl7.org/fhir/R4/terminologies.html#required" title="To be conformant, the concept in this element SHALL be from the specified value set.">required</a>)</td></tr>
<tr style="border: 0px #F0F0F0 solid; padding:0px; vertical-align: top; background-color: #F7F7F7"><td style="vertical-align: top; text-align : left; background-color: #F7F7F7; border: 0px #F0F0F0 solid; padding:0px 4px 0px 4px; white-space: nowrap; background-image: url(tbl_bck00.png)" class="hierarchy"><img src="tbl_spacer.png" alt="." style="background-color: inherit" class="hierarchy"/><img src="tbl_vjoin_end.png" alt="." style="background-color: inherit" class="hierarchy"/><img src="icon_datatype.gif" alt="." style="background-color: #F7F7F7; background-color: inherit" title="Data Type" class="hierarchy"/> <a href="StructureDefinition-be-model-problem-definitions.html#BeProblem.note" title="Additional notes for the problem">note</a><a name="BeProblem.note"> </a></td><td style="vertical-align: top; text-align : left; background-color: #F7F7F7; border: 0px #F0F0F0 solid; padding:0px 4px 0px 4px" class="hierarchy"/><td style="vertical-align: top; text-align : left; background-color: #F7F7F7; border: 0px #F0F0F0 solid; padding:0px 4px 0px 4px" class="hierarchy">0..1</td><td style="vertical-align: top; text-align : left; background-color: #F7F7F7; border: 0px #F0F0F0 solid; padding:0px 4px 0px 4px" class="hierarchy"><a href="http://hl7.org/fhir/R4/datatypes.html#Attachment" title="Attachment">Attachment</a></td><td style="vertical-align: top; text-align : left; background-color: #F7F7F7; border: 0px #F0F0F0 solid; padding:0px 4px 0px 4px" class="hierarchy">Additional notes for the problem.</td></tr>
<tr><td colspan="5" class="hierarchy"><br/><a href="http://hl7.org/fhir/R4/formats.html#table" title="Legend for this format"><img src="http://hl7.org/fhir/R4/help16.png" alt="doco" style="background-color: inherit"/> Documentation for this format</a></td></tr></table></div></text><url value="https://www.hl7belgium.org/fhir/StructureDefinition/be-model-problem"/><version value="0.1.0"/><name value="BeProblem"/><status value="draft"/><date value="2021-07-13T22:58:11+00:00"/><publisher value="RIZIV-INAMI"/><contact><telecom><system value="url"/><value value="http://somewhere.org"/></telecom></contact><description value="This is the logical model of the patient&#39;s problem entries in a record. "/><jurisdiction><coding><system value="http://unstats.un.org/unsd/methods/m49/m49.htm"/><code value="056"/></coding><coding><system value="urn:iso:std:iso:3166"/><code value="BE"/></coding></jurisdiction><fhirVersion value="4.0.1"/><mapping><identity value="rim"/><uri value="http://hl7.org/v3"/><name value="RIM Mapping"/></mapping><kind value="logical"/><abstract value="false"/><type value="BeProblem"/><baseDefinition value="http://hl7.org/fhir/StructureDefinition/Element"/><derivation value="specialization"/><snapshot><element id="BeProblem"><path value="BeProblem"/><short value="A record of a problem"/><definition value="A record of a problem - a risk, a condition, etc."/><min value="0"/><max value="*"/><base><path value="Element"/><min value="0"/><max value="*"/></base><condition value="ele-1"/><constraint><key value="ele-1"/><severity value="error"/><human value="All FHIR elements must have a @value or children"/><expression value="hasValue() or (children().count() &gt; id.count())"/><xpath value="@value|f:*|h:div"/><source value="http://hl7.org/fhir/StructureDefinition/Element"/></constraint><isModifier value="false"/><mapping><identity value="rim"/><map value="n/a"/></mapping></element><element id="BeProblem.id"><path value="BeProblem.id"/><representation value="xmlAttr"/><short value="Unique id for inter-element referencing"/><definition value="Unique id for the element within a resource (for internal references). This may be any string value that does not contain spaces."/><min value="0"/><max value="1"/><base><path value="Element.id"/><min value="0"/><max value="1"/></base><type><extension url="http://hl7.org/fhir/StructureDefinition/structuredefinition-fhir-type"><valueUrl value="string"/></extension><code value="http://hl7.org/fhirpath/System.String"/></type><isModifier value="false"/><isSummary value="false"/><mapping><identity value="rim"/><map value="n/a"/></mapping></element><element id="BeProblem.extension"><path value="BeProblem.extension"/><slicing><discriminator><type value="value"/><path value="url"/></discriminator><description value="Extensions are always sliced by (at least) url"/><rules value="open"/></slicing><short value="Additional content defined by implementations"/><definition value="May be used to represent additional information that is not part of the basic definition of the element. To make the use of extensions safe and manageable, there is a strict set of governance  applied to the definition and use of extensions. Though any implementer can define an extension, there is a set of requirements that SHALL be met as part of the definition of the extension."/><comment value="There can be no stigma associated with the use of extensions by any application, project, or standard - regardless of the institution or jurisdiction that uses or defines the extensions.  The use of extensions is what allows the FHIR specification to retain a core level of simplicity for everyone."/><alias value="extensions"/><alias value="user content"/><min value="0"/><max value="*"/><base><path value="Element.extension"/><min value="0"/><max value="*"/></base><type><code value="Extension"/></type><constraint><key value="ele-1"/><severity value="error"/><human value="All FHIR elements must have a @value or children"/><expression value="hasValue() or (children().count() &gt; id.count())"/><xpath value="@value|f:*|h:div"/><source value="http://hl7.org/fhir/StructureDefinition/Element"/></constraint><constraint><key value="ext-1"/><severity value="error"/><human value="Must have either extensions or value[x], not both"/><expression value="extension.exists() != value.exists()"/><xpath value="exists(f:extension)!=exists(f:*[starts-with(local-name(.), &quot;value&quot;)])"/><source value="http://hl7.org/fhir/StructureDefinition/Extension"/></constraint><isModifier value="false"/><isSummary value="false"/><mapping><identity value="rim"/><map value="n/a"/></mapping></element><element id="BeProblem.identifier"><path value="BeProblem.identifier"/><short value="The business identifier(s) for the problem entry"/><definition value="The business identifier(s) for the problem entry - This is an optional attribute, used for example to track an entry throughout its lifecycle, or across vaults."/><min value="0"/><max value="1"/><base><path value="BeProblem.identifier"/><min value="0"/><max value="1"/></base><type><code value="Identifier"/></type></element><element id="BeProblem.dateTime"><path value="BeProblem.dateTime"/><short value="The dateTime when the problem has been recorded"/><definition value="The date and/or time when the problem has been recorded in any system."/><min value="0"/><max value="1"/><base><path value="BeProblem.dateTime"/><min value="0"/><max value="1"/></base><type><code value="dateTime"/><profile value="http://hl7.org/fhir/StructureDefinition/dateTime"/></type></element><element id="BeProblem.reporter"><path value="BeProblem.reporter"/><short value="The professional that recorded the problem"/><definition value="The professional that recorded the problem."/><min value="0"/><max value="1"/><base><path value="BeProblem.reporter"/><min value="0"/><max value="1"/></base><type><code value="Reference"/><targetProfile value="https://www.ehealth.fgov.be/standards/fhir/StructureDefinition/be-practitioner"/></type></element><element id="BeProblem.clinicalStatus"><path value="BeProblem.clinicalStatus"/><short value="The clinical status of the problem - whether it is active, resolved..."/><definition value="The clinical status of the problem - whether it is active, resolved..."/><min value="0"/><max value="1"/><base><path value="BeProblem.clinicalStatus"/><min value="0"/><max value="1"/></base><type><code value="code"/><profile value="http://hl7.org/fhir/StructureDefinition/code"/></type><binding><strength value="required"/><valueSet value="http://hl7.org/fhir/ValueSet/condition-clinical"/></binding></element><element id="BeProblem.status"><path value="BeProblem.status"/><short value="The status of this problem record entry"/><definition value="The status of the problem record entry - whether it is active, entered in error, etc."/><min value="1"/><max value="1"/><base><path value="BeProblem.status"/><min value="1"/><max value="1"/></base><type><code value="code"/><profile value="http://hl7.org/fhir/StructureDefinition/code"/></type><binding><strength value="required"/><valueSet value="http://hl7.org/fhir/ValueSet/condition-ver-status"/></binding></element><element id="BeProblem.subject"><path value="BeProblem.subject"/><short value="The person that has/had the addiction"/><definition value="The patient"/><min value="1"/><max value="1"/><base><path value="BeProblem.subject"/><min value="1"/><max value="1"/></base><type><code value="Reference"/><targetProfile value="https://www.ehealth.fgov.be/standards/fhir/StructureDefinition/be-patient"/></type></element><element id="BeProblem.problemCategory"><path value="BeProblem.problemCategory"/><short value="The category for the problem - diagnosis, risk, etc."/><definition value="Supporting reason for status information."/><min value="0"/><max value="1"/><base><path value="BeProblem.problemCategory"/><min value="0"/><max value="1"/></base><type><code value="CodeableConcept"/></type><binding><strength value="required"/><valueSet value="https://www.hl7belgium.org/fhir/CodeSystem/be-vs-problem-category"/></binding></element><element id="BeProblem.origin"><path value="BeProblem.origin"/><short value="How the problem came to be recorded"/><definition value="How the problem came to be recorded - in a consult, etc."/><min value="0"/><max value="1"/><base><path value="BeProblem.origin"/><min value="0"/><max value="1"/></base><type><code value="BackboneElement"/></type></element><element id="BeProblem.origin.type"><path value="BeProblem.origin.type"/><short value="A coded type of the problem record origin"/><definition value="A coded type of the problem record origin"/><min value="0"/><max value="1"/><base><path value="BeProblem.origin.type"/><min value="0"/><max value="1"/></base><type><code value="CodeableConcept"/></type><binding><strength value="required"/><valueSet value="https://www.hl7belgium.org/fhir/ValueSet/be-vs-condition-origin-type"/></binding></element><element id="BeProblem.origin.reference"><path value="BeProblem.origin.reference"/><min value="0"/><max value="1"/><base><path value="BeProblem.origin.reference"/><min value="0"/><max value="1"/></base><type><code value="Reference"/><targetProfile value="https://www.ehealth.fgov.be/standards/fhir/StructureDefinition/be-practitioner"/></type></element><element id="BeProblem.problemCode"><path value="BeProblem.problemCode"/><min value="0"/><max value="1"/><base><path value="BeProblem.problemCode"/><min value="0"/><max value="1"/></base><type><code value="CodeableConcept"/></type><binding><strength value="required"/><valueSet value="https://www.hl7belgium.org/fhir/CodeSystem/be-vs-congenital-anomalies"/></binding></element><element id="BeProblem.started"><path value="BeProblem.started"/><min value="0"/><max value="1"/><base><path value="BeProblem.started"/><min value="0"/><max value="1"/></base><type><code value="Period"/></type></element><element id="BeProblem.resolved"><path value="BeProblem.resolved"/><min value="0"/><max value="1"/><base><path value="BeProblem.resolved"/><min value="0"/><max value="1"/></base><type><code value="Period"/></type></element><element id="BeProblem.bodySite"><path value="BeProblem.bodySite"/><min value="0"/><max value="1"/><base><path value="BeProblem.bodySite"/><min value="0"/><max value="1"/></base><type><code value="BackboneElement"/></type></element><element id="BeProblem.bodySite.site"><path value="BeProblem.bodySite.site"/><min value="0"/><max value="1"/><base><path value="BeProblem.bodySite.site"/><min value="0"/><max value="1"/></base><type><code value="CodeableConcept"/></type><binding><strength value="required"/><valueSet value="https://www.hl7belgium.org/fhir/ValueSet/be-vs-bodysite"/></binding></element><element id="BeProblem.bodySite.laterality"><path value="BeProblem.bodySite.laterality"/><min value="0"/><max value="1"/><base><path value="BeProblem.bodySite.laterality"/><min value="0"/><max value="1"/></base><type><code value="CodeableConcept"/></type><binding><strength value="required"/><valueSet value="https://www.hl7belgium.org/fhir/ValueSet/be-vs-laterality"/></binding></element><element id="BeProblem.note"><path value="BeProblem.note"/><short value="Additional notes for the problem."/><definition value="Additional notes for the problem"/><min value="0"/><max value="1"/><base><path value="BeProblem.note"/><min value="0"/><max value="1"/></base><type><code value="Attachment"/><profile value="http://hl7.org/fhir/StructureDefinition/Attachment"/></type></element></snapshot><differential><element id="BeProblem"><path value="BeProblem"/><short value="A record of a problem"/><definition value="A record of a problem - a risk, a condition, etc."/><min value="0"/><max value="*"/></element><element id="BeProblem.identifier"><path value="BeProblem.identifier"/><short value="The business identifier(s) for the problem entry"/><definition value="The business identifier(s) for the problem entry - This is an optional attribute, used for example to track an entry throughout its lifecycle, or across vaults."/><min value="0"/><max value="1"/><type><code value="Identifier"/></type></element><element id="BeProblem.dateTime"><path value="BeProblem.dateTime"/><short value="The dateTime when the problem has been recorded"/><definition value="The date and/or time when the problem has been recorded in any system."/><min value="0"/><max value="1"/><type><code value="dateTime"/><profile value="http://hl7.org/fhir/StructureDefinition/dateTime"/></type></element><element id="BeProblem.reporter"><path value="BeProblem.reporter"/><short value="The professional that recorded the problem"/><definition value="The professional that recorded the problem."/><min value="0"/><max value="1"/><type><code value="Reference"/><targetProfile value="https://www.ehealth.fgov.be/standards/fhir/StructureDefinition/be-practitioner"/></type></element><element id="BeProblem.clinicalStatus"><path value="BeProblem.clinicalStatus"/><short value="The clinical status of the problem - whether it is active, resolved..."/><definition value="The clinical status of the problem - whether it is active, resolved..."/><min value="0"/><max value="1"/><type><code value="code"/><profile value="http://hl7.org/fhir/StructureDefinition/code"/></type><binding><strength value="required"/><valueSet value="http://hl7.org/fhir/ValueSet/condition-clinical"/></binding></element><element id="BeProblem.status"><path value="BeProblem.status"/><short value="The status of this problem record entry"/><definition value="The status of the problem record entry - whether it is active, entered in error, etc."/><min value="1"/><max value="1"/><type><code value="code"/><profile value="http://hl7.org/fhir/StructureDefinition/code"/></type><binding><strength value="required"/><valueSet value="http://hl7.org/fhir/ValueSet/condition-ver-status"/></binding></element><element id="BeProblem.subject"><path value="BeProblem.subject"/><short value="The person that has/had the addiction"/><definition value="The patient"/><min value="1"/><max value="1"/><type><code value="Reference"/><targetProfile value="https://www.ehealth.fgov.be/standards/fhir/StructureDefinition/be-patient"/></type></element><element id="BeProblem.problemCategory"><path value="BeProblem.problemCategory"/><short value="The category for the problem - diagnosis, risk, etc."/><definition value="Supporting reason for status information."/><min value="0"/><max value="1"/><type><code value="CodeableConcept"/></type><binding><strength value="required"/><valueSet value="https://www.hl7belgium.org/fhir/CodeSystem/be-vs-problem-category"/></binding></element><element id="BeProblem.origin"><path value="BeProblem.origin"/><short value="How the problem came to be recorded"/><definition value="How the problem came to be recorded - in a consult, etc."/><min value="0"/><max value="1"/><type><code value="BackboneElement"/></type></element><element id="BeProblem.origin.type"><path value="BeProblem.origin.type"/><short value="A coded type of the problem record origin"/><definition value="A coded type of the problem record origin"/><min value="0"/><max value="1"/><type><code value="CodeableConcept"/></type><binding><strength value="required"/><valueSet value="https://www.hl7belgium.org/fhir/ValueSet/be-vs-condition-origin-type"/></binding></element><element id="BeProblem.origin.reference"><path value="BeProblem.origin.reference"/><min value="0"/><max value="1"/><type><code value="Reference"/><targetProfile value="https://www.ehealth.fgov.be/standards/fhir/StructureDefinition/be-practitioner"/></type></element><element id="BeProblem.problemCode"><path value="BeProblem.problemCode"/><min value="0"/><max value="1"/><type><code value="CodeableConcept"/></type><binding><strength value="required"/><valueSet value="https://www.hl7belgium.org/fhir/CodeSystem/be-vs-congenital-anomalies"/></binding></element><element id="BeProblem.started"><path value="BeProblem.started"/><min value="0"/><max value="1"/><type><code value="Period"/></type></element><element id="BeProblem.resolved"><path value="BeProblem.resolved"/><min value="0"/><max value="1"/><type><code value="Period"/></type></element><element id="BeProblem.bodySite"><path value="BeProblem.bodySite"/><min value="0"/><max value="1"/><type><code value="BackboneElement"/></type></element><element id="BeProblem.bodySite.site"><path value="BeProblem.bodySite.site"/><min value="0"/><max value="1"/><type><code value="CodeableConcept"/></type><binding><strength value="required"/><valueSet value="https://www.hl7belgium.org/fhir/ValueSet/be-vs-bodysite"/></binding></element><element id="BeProblem.bodySite.laterality"><path value="BeProblem.bodySite.laterality"/><min value="0"/><max value="1"/><type><code value="CodeableConcept"/></type><binding><strength value="required"/><valueSet value="https://www.hl7belgium.org/fhir/ValueSet/be-vs-laterality"/></binding></element><element id="BeProblem.note"><path value="BeProblem.note"/><short value="Additional notes for the problem."/><definition value="Additional notes for the problem"/><min value="0"/><max value="1"/><type><code value="Attachment"/><profile value="http://hl7.org/fhir/StructureDefinition/Attachment"/></type></element></differential></StructureDefinition>