<?xml version="1.0" encoding="UTF-8"?><StructureDefinition xmlns="http://hl7.org/fhir"><id value="be-model-addiction"/><text><status value="extensions"/><div xmlns="http://www.w3.org/1999/xhtml"><table border="0" cellpadding="0" cellspacing="0" style="border: 0px #F0F0F0 solid; font-size: 11px; font-family: verdana; vertical-align: top;"><tr style="border: 1px #F0F0F0 solid; font-size: 11px; font-family: verdana; vertical-align: top"><th style="vertical-align: top; text-align : left; background-color: white; border: 0px #F0F0F0 solid; padding:0px 4px 0px 4px" class="hierarchy"><a href="http://hl7.org/fhir/R4/formats.html#table" title="The logical name of the element">Name</a></th><th style="vertical-align: top; text-align : left; background-color: white; border: 0px #F0F0F0 solid; padding:0px 4px 0px 4px" class="hierarchy"><a href="http://hl7.org/fhir/R4/formats.html#table" title="Information about the use of the element">Flags</a></th><th style="vertical-align: top; text-align : left; background-color: white; border: 0px #F0F0F0 solid; padding:0px 4px 0px 4px" class="hierarchy"><a href="http://hl7.org/fhir/R4/formats.html#table" title="Minimum and Maximum # of times the the element can appear in the instance">Card.</a></th><th style="width: 100px" class="hierarchy"><a href="http://hl7.org/fhir/R4/formats.html#table" title="Reference to the type of the element">Type</a></th><th style="vertical-align: top; text-align : left; background-color: white; border: 0px #F0F0F0 solid; padding:0px 4px 0px 4px" class="hierarchy"><a href="http://hl7.org/fhir/R4/formats.html#table" title="Additional information about the element">Description &amp; Constraints</a><span style="float: right"><a href="http://hl7.org/fhir/R4/formats.html#table" title="Legend for this format"><img src="http://hl7.org/fhir/R4/help16.png" alt="doco" style="background-color: inherit"/></a></span></th></tr><tr style="border: 0px #F0F0F0 solid; padding:0px; vertical-align: top; background-color: white"><td style="vertical-align: top; text-align : left; background-color: white; border: 0px #F0F0F0 solid; padding:0px 4px 0px 4px; white-space: nowrap; background-image: url(tbl_bck1.png)" class="hierarchy"><img src="tbl_spacer.png" alt="." style="background-color: inherit" class="hierarchy"/><img src="icon_element.gif" alt="." style="background-color: white; background-color: inherit" title="Element" class="hierarchy"/> <a href="StructureDefinition-be-model-addiction-definitions.html#BeAddiction" title="A record of a patient&#39;s addiction.">BeAddiction</a><a name="BeAddiction"> </a></td><td style="vertical-align: top; text-align : left; background-color: white; border: 0px #F0F0F0 solid; padding:0px 4px 0px 4px" class="hierarchy"/><td style="vertical-align: top; text-align : left; background-color: white; border: 0px #F0F0F0 solid; padding:0px 4px 0px 4px" class="hierarchy">0..*</td><td style="vertical-align: top; text-align : left; background-color: white; border: 0px #F0F0F0 solid; padding:0px 4px 0px 4px" class="hierarchy"><a href="http://hl7.org/fhir/R4/resource.html">Resource</a></td><td style="vertical-align: top; text-align : left; background-color: white; border: 0px #F0F0F0 solid; padding:0px 4px 0px 4px" class="hierarchy">A subject&#39;s addiction<br/></td></tr>
<tr style="border: 0px #F0F0F0 solid; padding:0px; vertical-align: top; background-color: #F7F7F7"><td style="vertical-align: top; text-align : left; background-color: #F7F7F7; border: 0px #F0F0F0 solid; padding:0px 4px 0px 4px; white-space: nowrap; background-image: url(tbl_bck10.png)" class="hierarchy"><img src="tbl_spacer.png" alt="." style="background-color: inherit" class="hierarchy"/><img src="tbl_vjoin.png" alt="." style="background-color: inherit" class="hierarchy"/><img src="icon_datatype.gif" alt="." style="background-color: #F7F7F7; background-color: inherit" title="Data Type" class="hierarchy"/> <a href="StructureDefinition-be-model-addiction-definitions.html#BeAddiction.identifier" title="The business identifier(s) for the addiction condition - This is an optional attribute, used for example to track an addiction throughout its lifecycle, or across vaults.">identifier</a><a name="BeAddiction.identifier"> </a></td><td style="vertical-align: top; text-align : left; background-color: #F7F7F7; border: 0px #F0F0F0 solid; padding:0px 4px 0px 4px" class="hierarchy"/><td style="vertical-align: top; text-align : left; background-color: #F7F7F7; border: 0px #F0F0F0 solid; padding:0px 4px 0px 4px" class="hierarchy">0..1</td><td style="vertical-align: top; text-align : left; background-color: #F7F7F7; border: 0px #F0F0F0 solid; padding:0px 4px 0px 4px" class="hierarchy"><a href="http://hl7.org/fhir/R4/datatypes.html#Identifier">Identifier</a></td><td style="vertical-align: top; text-align : left; background-color: #F7F7F7; border: 0px #F0F0F0 solid; padding:0px 4px 0px 4px" class="hierarchy">The business identifier(s) for the addiction condition</td></tr>
<tr style="border: 0px #F0F0F0 solid; padding:0px; vertical-align: top; background-color: white"><td style="vertical-align: top; text-align : left; background-color: white; border: 0px #F0F0F0 solid; padding:0px 4px 0px 4px; white-space: nowrap; background-image: url(tbl_bck10.png)" class="hierarchy"><img src="tbl_spacer.png" alt="." style="background-color: inherit" class="hierarchy"/><img src="tbl_vjoin.png" alt="." style="background-color: inherit" class="hierarchy"/><img src="icon_primitive.png" alt="." style="background-color: white; background-color: inherit" title="Primitive Data Type" class="hierarchy"/> <a href="StructureDefinition-be-model-addiction-definitions.html#BeAddiction.clinicalStatus" title="The clinical status of the addiction - whether it is active, resolved...">clinicalStatus</a><a name="BeAddiction.clinicalStatus"> </a></td><td style="vertical-align: top; text-align : left; background-color: white; border: 0px #F0F0F0 solid; padding:0px 4px 0px 4px" class="hierarchy"/><td style="vertical-align: top; text-align : left; background-color: white; border: 0px #F0F0F0 solid; padding:0px 4px 0px 4px" class="hierarchy">0..1</td><td style="vertical-align: top; text-align : left; background-color: white; border: 0px #F0F0F0 solid; padding:0px 4px 0px 4px" class="hierarchy"><a href="http://hl7.org/fhir/R4/datatypes.html#code" title="code">code</a></td><td style="vertical-align: top; text-align : left; background-color: white; border: 0px #F0F0F0 solid; padding:0px 4px 0px 4px" class="hierarchy">The clinical status of the addiction - whether it is active, resolved...</td></tr>
<tr style="border: 0px #F0F0F0 solid; padding:0px; vertical-align: top; background-color: #F7F7F7"><td style="vertical-align: top; text-align : left; background-color: #F7F7F7; border: 0px #F0F0F0 solid; padding:0px 4px 0px 4px; white-space: nowrap; background-image: url(tbl_bck10.png)" class="hierarchy"><img src="tbl_spacer.png" alt="." style="background-color: inherit" class="hierarchy"/><img src="tbl_vjoin.png" alt="." style="background-color: inherit" class="hierarchy"/><img src="icon_primitive.png" alt="." style="background-color: #F7F7F7; background-color: inherit" title="Primitive Data Type" class="hierarchy"/> <a href="StructureDefinition-be-model-addiction-definitions.html#BeAddiction.verificationStatus" title="The verification status of the addiction - whether it is suspected, confirmed, etc.">verificationStatus</a><a name="BeAddiction.verificationStatus"> </a></td><td style="vertical-align: top; text-align : left; background-color: #F7F7F7; border: 0px #F0F0F0 solid; padding:0px 4px 0px 4px" class="hierarchy"/><td style="vertical-align: top; text-align : left; background-color: #F7F7F7; border: 0px #F0F0F0 solid; padding:0px 4px 0px 4px" class="hierarchy">0..1</td><td style="vertical-align: top; text-align : left; background-color: #F7F7F7; border: 0px #F0F0F0 solid; padding:0px 4px 0px 4px" class="hierarchy"><a href="http://hl7.org/fhir/R4/datatypes.html#code" title="code">code</a></td><td style="vertical-align: top; text-align : left; background-color: #F7F7F7; border: 0px #F0F0F0 solid; padding:0px 4px 0px 4px" class="hierarchy">The verification status of the addiction - whether it is suspected, confirmed, etc.</td></tr>
<tr style="border: 0px #F0F0F0 solid; padding:0px; vertical-align: top; background-color: white"><td style="vertical-align: top; text-align : left; background-color: white; border: 0px #F0F0F0 solid; padding:0px 4px 0px 4px; white-space: nowrap; background-image: url(tbl_bck10.png)" class="hierarchy"><img src="tbl_spacer.png" alt="." style="background-color: inherit" class="hierarchy"/><img src="tbl_vjoin.png" alt="." style="background-color: inherit" class="hierarchy"/><img src="icon_reference.png" alt="." style="background-color: white; background-color: inherit" title="Reference to another Resource" class="hierarchy"/> <a href="StructureDefinition-be-model-addiction-definitions.html#BeAddiction.subject" title="The patient that has/had the addiction">subject</a><a name="BeAddiction.subject"> </a></td><td style="vertical-align: top; text-align : left; background-color: white; border: 0px #F0F0F0 solid; padding:0px 4px 0px 4px" class="hierarchy"/><td style="vertical-align: top; text-align : left; background-color: white; border: 0px #F0F0F0 solid; padding:0px 4px 0px 4px" class="hierarchy">1..1</td><td style="vertical-align: top; text-align : left; background-color: white; border: 0px #F0F0F0 solid; padding:0px 4px 0px 4px" class="hierarchy"><a href="http://hl7.org/fhir/R4/references.html">Reference</a>(<a href="StructureDefinition-be-patient.html">BePatient</a>)</td><td style="vertical-align: top; text-align : left; background-color: white; border: 0px #F0F0F0 solid; padding:0px 4px 0px 4px" class="hierarchy">The person that has/had the addiction</td></tr>
<tr style="border: 0px #F0F0F0 solid; padding:0px; vertical-align: top; background-color: #F7F7F7"><td style="vertical-align: top; text-align : left; background-color: #F7F7F7; border: 0px #F0F0F0 solid; padding:0px 4px 0px 4px; white-space: nowrap; background-image: url(tbl_bck10.png)" class="hierarchy"><img src="tbl_spacer.png" alt="." style="background-color: inherit" class="hierarchy"/><img src="tbl_vjoin.png" alt="." style="background-color: inherit" class="hierarchy"/><img src="icon_datatype.gif" alt="." style="background-color: #F7F7F7; background-color: inherit" title="Data Type" class="hierarchy"/> <a href="StructureDefinition-be-model-addiction-definitions.html#BeAddiction.type" title="Here the type of addiction will be specified (e.g. alcohol, drugs, medication). &#xD;&#xA;It SHOULD be expressed in a codified way (Valueset will be delivered by NIHDI).">type</a><a name="BeAddiction.type"> </a></td><td style="vertical-align: top; text-align : left; background-color: #F7F7F7; border: 0px #F0F0F0 solid; padding:0px 4px 0px 4px" class="hierarchy"/><td style="vertical-align: top; text-align : left; background-color: #F7F7F7; border: 0px #F0F0F0 solid; padding:0px 4px 0px 4px" class="hierarchy">1..1</td><td style="vertical-align: top; text-align : left; background-color: #F7F7F7; border: 0px #F0F0F0 solid; padding:0px 4px 0px 4px" class="hierarchy"><a href="http://hl7.org/fhir/R4/datatypes.html#CodeableConcept" title="CodeableConcept">CodeableConcept</a></td><td style="vertical-align: top; text-align : left; background-color: #F7F7F7; border: 0px #F0F0F0 solid; padding:0px 4px 0px 4px" class="hierarchy">The type of addiction</td></tr>
<tr style="border: 0px #F0F0F0 solid; padding:0px; vertical-align: top; background-color: white"><td style="vertical-align: top; text-align : left; background-color: white; border: 0px #F0F0F0 solid; padding:0px 4px 0px 4px; white-space: nowrap; background-image: url(tbl_bck10.png)" class="hierarchy"><img src="tbl_spacer.png" alt="." style="background-color: inherit" class="hierarchy"/><img src="tbl_vjoin.png" alt="." style="background-color: inherit" class="hierarchy"/><img src="icon_datatype.gif" alt="." style="background-color: white; background-color: inherit" title="Data Type" class="hierarchy"/> <a href="StructureDefinition-be-model-addiction-definitions.html#BeAddiction.code" title="Here it is possible to further refine the addiction information e.g. when &quot;narcotics&quot; is indicated, this can specify the substance">code</a><a name="BeAddiction.code"> </a></td><td style="vertical-align: top; text-align : left; background-color: white; border: 0px #F0F0F0 solid; padding:0px 4px 0px 4px" class="hierarchy"/><td style="vertical-align: top; text-align : left; background-color: white; border: 0px #F0F0F0 solid; padding:0px 4px 0px 4px" class="hierarchy">0..1</td><td style="vertical-align: top; text-align : left; background-color: white; border: 0px #F0F0F0 solid; padding:0px 4px 0px 4px" class="hierarchy"><a href="http://hl7.org/fhir/R4/datatypes.html#CodeableConcept" title="CodeableConcept">CodeableConcept</a></td><td style="vertical-align: top; text-align : left; background-color: white; border: 0px #F0F0F0 solid; padding:0px 4px 0px 4px" class="hierarchy">The specific addiction substance or activity</td></tr>
<tr style="border: 0px #F0F0F0 solid; padding:0px; vertical-align: top; background-color: #F7F7F7"><td style="vertical-align: top; text-align : left; background-color: #F7F7F7; border: 0px #F0F0F0 solid; padding:0px 4px 0px 4px; white-space: nowrap; background-image: url(tbl_bck10.png)" class="hierarchy"><img src="tbl_spacer.png" alt="." style="background-color: inherit" class="hierarchy"/><img src="tbl_vjoin.png" alt="." style="background-color: inherit" class="hierarchy"/><img src="icon_primitive.png" alt="." style="background-color: #F7F7F7; background-color: inherit" title="Primitive Data Type" class="hierarchy"/> <a href="StructureDefinition-be-model-addiction-definitions.html#BeAddiction.recordedDate" title="The date when the addiction is being recorded or updated">recordedDate</a><a name="BeAddiction.recordedDate"> </a></td><td style="vertical-align: top; text-align : left; background-color: #F7F7F7; border: 0px #F0F0F0 solid; padding:0px 4px 0px 4px" class="hierarchy"/><td style="vertical-align: top; text-align : left; background-color: #F7F7F7; border: 0px #F0F0F0 solid; padding:0px 4px 0px 4px" class="hierarchy">1..1</td><td style="vertical-align: top; text-align : left; background-color: #F7F7F7; border: 0px #F0F0F0 solid; padding:0px 4px 0px 4px" class="hierarchy"><a href="http://hl7.org/fhir/R4/datatypes.html#dateTime" title="dateTime">dateTime</a></td><td style="vertical-align: top; text-align : left; background-color: #F7F7F7; border: 0px #F0F0F0 solid; padding:0px 4px 0px 4px" class="hierarchy">The date when the addiction is being recorded or updated</td></tr>
<tr style="border: 0px #F0F0F0 solid; padding:0px; vertical-align: top; background-color: white"><td style="vertical-align: top; text-align : left; background-color: white; border: 0px #F0F0F0 solid; padding:0px 4px 0px 4px; white-space: nowrap; background-image: url(tbl_bck11.png)" class="hierarchy"><img src="tbl_spacer.png" alt="." style="background-color: inherit" class="hierarchy"/><img src="tbl_vjoin.png" alt="." style="background-color: inherit" class="hierarchy"/><img src="icon_datatype.gif" alt="." style="background-color: white; background-color: inherit" title="Data Type" class="hierarchy"/> <a href="StructureDefinition-be-model-addiction-definitions.html#BeAddiction.period" title="The actual period this addiction was true. (e.g. used when a patient used to abuse alcohol) - or the beginning of addiction in case the addiction is still active">period</a><a name="BeAddiction.period"> </a></td><td style="vertical-align: top; text-align : left; background-color: white; border: 0px #F0F0F0 solid; padding:0px 4px 0px 4px" class="hierarchy"/><td style="vertical-align: top; text-align : left; background-color: white; border: 0px #F0F0F0 solid; padding:0px 4px 0px 4px" class="hierarchy">0..1</td><td style="vertical-align: top; text-align : left; background-color: white; border: 0px #F0F0F0 solid; padding:0px 4px 0px 4px" class="hierarchy"><a href="http://hl7.org/fhir/R4/datatypes.html#BackboneElement">BackboneElement</a></td><td style="vertical-align: top; text-align : left; background-color: white; border: 0px #F0F0F0 solid; padding:0px 4px 0px 4px" class="hierarchy">The time when the patient suffered or suffers from addiction</td></tr>
<tr style="border: 0px #F0F0F0 solid; padding:0px; vertical-align: top; background-color: #F7F7F7"><td style="vertical-align: top; text-align : left; background-color: #F7F7F7; border: 0px #F0F0F0 solid; padding:0px 4px 0px 4px; white-space: nowrap; background-image: url(tbl_bck110.png)" class="hierarchy"><img src="tbl_spacer.png" alt="." style="background-color: inherit" class="hierarchy"/><img src="tbl_vline.png" alt="." style="background-color: inherit" class="hierarchy"/><img src="tbl_vjoin.png" alt="." style="background-color: inherit" class="hierarchy"/><img src="icon_datatype.gif" alt="." style="background-color: #F7F7F7; background-color: inherit" title="Data Type" class="hierarchy"/> <a href="StructureDefinition-be-model-addiction-definitions.html#BeAddiction.period.time" title="The actual period of the addiction or the beginning of addiction in case the addiction is still active">time</a><a name="BeAddiction.period.time"> </a></td><td style="vertical-align: top; text-align : left; background-color: #F7F7F7; border: 0px #F0F0F0 solid; padding:0px 4px 0px 4px" class="hierarchy"/><td style="vertical-align: top; text-align : left; background-color: #F7F7F7; border: 0px #F0F0F0 solid; padding:0px 4px 0px 4px" class="hierarchy">0..1</td><td style="vertical-align: top; text-align : left; background-color: #F7F7F7; border: 0px #F0F0F0 solid; padding:0px 4px 0px 4px" class="hierarchy"><a href="http://hl7.org/fhir/R4/datatypes.html#Period" title="Period">Period</a></td><td style="vertical-align: top; text-align : left; background-color: #F7F7F7; border: 0px #F0F0F0 solid; padding:0px 4px 0px 4px" class="hierarchy">The actual time period of the addiction, if it is known</td></tr>
<tr style="border: 0px #F0F0F0 solid; padding:0px; vertical-align: top; background-color: white"><td style="vertical-align: top; text-align : left; background-color: white; border: 0px #F0F0F0 solid; padding:0px 4px 0px 4px; white-space: nowrap; background-image: url(tbl_bck100.png)" class="hierarchy"><img src="tbl_spacer.png" alt="." style="background-color: inherit" class="hierarchy"/><img src="tbl_vline.png" alt="." style="background-color: inherit" class="hierarchy"/><img src="tbl_vjoin_end.png" alt="." style="background-color: inherit" class="hierarchy"/><img src="icon_datatype.gif" alt="." style="background-color: white; background-color: inherit" title="Data Type" class="hierarchy"/> <a href="StructureDefinition-be-model-addiction-definitions.html#BeAddiction.period.text" title="A free text indication of the time period of addiction - e.g. as &quot;teenager&quot;, &quot;approx 5 years ago&quot;, etc">text</a><a name="BeAddiction.period.text"> </a></td><td style="vertical-align: top; text-align : left; background-color: white; border: 0px #F0F0F0 solid; padding:0px 4px 0px 4px" class="hierarchy"/><td style="vertical-align: top; text-align : left; background-color: white; border: 0px #F0F0F0 solid; padding:0px 4px 0px 4px" class="hierarchy">0..1</td><td style="vertical-align: top; text-align : left; background-color: white; border: 0px #F0F0F0 solid; padding:0px 4px 0px 4px" class="hierarchy"><a href="http://hl7.org/fhir/R4/datatypes.html#CodeableConcept">CodeableConcept</a></td><td style="vertical-align: top; text-align : left; background-color: white; border: 0px #F0F0F0 solid; padding:0px 4px 0px 4px" class="hierarchy">A free text indication of the time period of addiction - e.g. &quot;teenager&quot;, etc.</td></tr>
<tr style="border: 0px #F0F0F0 solid; padding:0px; vertical-align: top; background-color: #F7F7F7"><td style="vertical-align: top; text-align : left; background-color: #F7F7F7; border: 0px #F0F0F0 solid; padding:0px 4px 0px 4px; white-space: nowrap; background-image: url(tbl_bck10.png)" class="hierarchy"><img src="tbl_spacer.png" alt="." style="background-color: inherit" class="hierarchy"/><img src="tbl_vjoin.png" alt="." style="background-color: inherit" class="hierarchy"/><img src="icon_datatype.gif" alt="." style="background-color: #F7F7F7; background-color: inherit" title="Data Type" class="hierarchy"/> <a href="StructureDefinition-be-model-addiction-definitions.html#BeAddiction.quantity" title="e.g. number of cigarettes per day">quantity</a><a name="BeAddiction.quantity"> </a></td><td style="vertical-align: top; text-align : left; background-color: #F7F7F7; border: 0px #F0F0F0 solid; padding:0px 4px 0px 4px" class="hierarchy"/><td style="vertical-align: top; text-align : left; background-color: #F7F7F7; border: 0px #F0F0F0 solid; padding:0px 4px 0px 4px" class="hierarchy">0..1</td><td style="vertical-align: top; text-align : left; background-color: #F7F7F7; border: 0px #F0F0F0 solid; padding:0px 4px 0px 4px" class="hierarchy"><a href="http://hl7.org/fhir/R4/datatypes.html#Quantity" title="Quantity">Quantity</a></td><td style="vertical-align: top; text-align : left; background-color: #F7F7F7; border: 0px #F0F0F0 solid; padding:0px 4px 0px 4px" class="hierarchy">Quantifier of addiction e.g. number of cigarettes per day</td></tr>
<tr style="border: 0px #F0F0F0 solid; padding:0px; vertical-align: top; background-color: white"><td style="vertical-align: top; text-align : left; background-color: white; border: 0px #F0F0F0 solid; padding:0px 4px 0px 4px; white-space: nowrap; background-image: url(tbl_bck10.png)" class="hierarchy"><img src="tbl_spacer.png" alt="." style="background-color: inherit" class="hierarchy"/><img src="tbl_vjoin.png" alt="." style="background-color: inherit" class="hierarchy"/><img src="icon_primitive.png" alt="." style="background-color: white; background-color: inherit" title="Primitive Data Type" class="hierarchy"/> <a href="StructureDefinition-be-model-addiction-definitions.html#BeAddiction.inTreatment" title="Is this patient following a treatment for this addiction?">inTreatment</a><a name="BeAddiction.inTreatment"> </a></td><td style="vertical-align: top; text-align : left; background-color: white; border: 0px #F0F0F0 solid; padding:0px 4px 0px 4px" class="hierarchy"/><td style="vertical-align: top; text-align : left; background-color: white; border: 0px #F0F0F0 solid; padding:0px 4px 0px 4px" class="hierarchy">0..1</td><td style="vertical-align: top; text-align : left; background-color: white; border: 0px #F0F0F0 solid; padding:0px 4px 0px 4px" class="hierarchy"><a href="http://hl7.org/fhir/R4/datatypes.html#boolean">boolean</a></td><td style="vertical-align: top; text-align : left; background-color: white; border: 0px #F0F0F0 solid; padding:0px 4px 0px 4px" class="hierarchy">Whether the addiction is known to be under treatment</td></tr>
<tr style="border: 0px #F0F0F0 solid; padding:0px; vertical-align: top; background-color: #F7F7F7"><td style="vertical-align: top; text-align : left; background-color: #F7F7F7; border: 0px #F0F0F0 solid; padding:0px 4px 0px 4px; white-space: nowrap; background-image: url(tbl_bck10.png)" class="hierarchy"><img src="tbl_spacer.png" alt="." style="background-color: inherit" class="hierarchy"/><img src="tbl_vjoin.png" alt="." style="background-color: inherit" class="hierarchy"/><img src="icon_reference.png" alt="." style="background-color: #F7F7F7; background-color: inherit" title="Reference to another Resource" class="hierarchy"/> <a href="StructureDefinition-be-model-addiction-definitions.html#BeAddiction.treatment" title="Is this patient following a treatment for this addiction?&#xD;&#xA;(In technical reality, this will be actually a Procedure instance that refers to the Addiction instance)">treatment</a><a name="BeAddiction.treatment"> </a></td><td style="vertical-align: top; text-align : left; background-color: #F7F7F7; border: 0px #F0F0F0 solid; padding:0px 4px 0px 4px" class="hierarchy"/><td style="vertical-align: top; text-align : left; background-color: #F7F7F7; border: 0px #F0F0F0 solid; padding:0px 4px 0px 4px" class="hierarchy">0..*</td><td style="vertical-align: top; text-align : left; background-color: #F7F7F7; border: 0px #F0F0F0 solid; padding:0px 4px 0px 4px" class="hierarchy"><a href="http://hl7.org/fhir/R4/references.html">Reference</a>()</td><td style="vertical-align: top; text-align : left; background-color: #F7F7F7; border: 0px #F0F0F0 solid; padding:0px 4px 0px 4px" class="hierarchy">The links to the treatment(s) associated with this addition, if existing and known<br/></td></tr>
<tr style="border: 0px #F0F0F0 solid; padding:0px; vertical-align: top; background-color: white"><td style="vertical-align: top; text-align : left; background-color: white; border: 0px #F0F0F0 solid; padding:0px 4px 0px 4px; white-space: nowrap; background-image: url(tbl_bck11.png)" class="hierarchy"><img src="tbl_spacer.png" alt="." style="background-color: inherit" class="hierarchy"/><img src="tbl_vjoin.png" alt="." style="background-color: inherit" class="hierarchy"/><img src="icon_datatype.gif" alt="." style="background-color: white; background-color: inherit" title="Data Type" class="hierarchy"/> <a href="StructureDefinition-be-model-addiction-definitions.html#BeAddiction.recorder" title="Clinical parties or informers that participate in reporting the addiction">recorder</a><a name="BeAddiction.recorder"> </a></td><td style="vertical-align: top; text-align : left; background-color: white; border: 0px #F0F0F0 solid; padding:0px 4px 0px 4px" class="hierarchy"/><td style="vertical-align: top; text-align : left; background-color: white; border: 0px #F0F0F0 solid; padding:0px 4px 0px 4px" class="hierarchy">1..*</td><td style="vertical-align: top; text-align : left; background-color: white; border: 0px #F0F0F0 solid; padding:0px 4px 0px 4px" class="hierarchy"><a href="http://hl7.org/fhir/R4/datatypes.html#BackboneElement">BackboneElement</a></td><td style="vertical-align: top; text-align : left; background-color: white; border: 0px #F0F0F0 solid; padding:0px 4px 0px 4px" class="hierarchy">Participants that report the addiction<br/></td></tr>
<tr style="border: 0px #F0F0F0 solid; padding:0px; vertical-align: top; background-color: #F7F7F7"><td style="vertical-align: top; text-align : left; background-color: #F7F7F7; border: 0px #F0F0F0 solid; padding:0px 4px 0px 4px; white-space: nowrap; background-image: url(tbl_bck111.png)" class="hierarchy"><img src="tbl_spacer.png" alt="." style="background-color: inherit" class="hierarchy"/><img src="tbl_vline.png" alt="." style="background-color: inherit" class="hierarchy"/><img src="tbl_vjoin.png" alt="." style="background-color: inherit" class="hierarchy"/><img src="icon_reference.png" alt="." style="background-color: #F7F7F7; background-color: inherit" title="Reference to another Resource" class="hierarchy"/> <a href="StructureDefinition-be-model-addiction-definitions.html#BeAddiction.recorder.performer" title="Who was responsible for asserting the observed value as &quot;true&quot;.">performer</a><a name="BeAddiction.recorder.performer"> </a></td><td style="vertical-align: top; text-align : left; background-color: #F7F7F7; border: 0px #F0F0F0 solid; padding:0px 4px 0px 4px" class="hierarchy"/><td style="vertical-align: top; text-align : left; background-color: #F7F7F7; border: 0px #F0F0F0 solid; padding:0px 4px 0px 4px" class="hierarchy">1..1</td><td style="vertical-align: top; text-align : left; background-color: #F7F7F7; border: 0px #F0F0F0 solid; padding:0px 4px 0px 4px" class="hierarchy"><a href="http://hl7.org/fhir/R4/references.html">Reference</a>()</td><td style="vertical-align: top; text-align : left; background-color: #F7F7F7; border: 0px #F0F0F0 solid; padding:0px 4px 0px 4px" class="hierarchy">Person that performed the recording or reporting</td></tr>
<tr style="border: 0px #F0F0F0 solid; padding:0px; vertical-align: top; background-color: white"><td style="vertical-align: top; text-align : left; background-color: white; border: 0px #F0F0F0 solid; padding:0px 4px 0px 4px; white-space: nowrap; background-image: url(tbl_bck1100.png)" class="hierarchy"><img src="tbl_spacer.png" alt="." style="background-color: inherit" class="hierarchy"/><img src="tbl_vline.png" alt="." style="background-color: inherit" class="hierarchy"/><img src="tbl_vline.png" alt="." style="background-color: inherit" class="hierarchy"/><img src="tbl_vjoin_end.png" alt="." style="background-color: inherit" class="hierarchy"/><img src="icon_reference.png" alt="." style="background-color: white; background-color: inherit" title="Reference to another Resource" class="hierarchy"/> <a href="StructureDefinition-be-model-addiction-definitions.html#BeAddiction.recorder.performer.reference" title="Who was responsible for asserting the observed value as &quot;true&quot;. (Reference)">reference</a><a name="BeAddiction.recorder.performer.reference"> </a></td><td style="vertical-align: top; text-align : left; background-color: white; border: 0px #F0F0F0 solid; padding:0px 4px 0px 4px" class="hierarchy"/><td style="vertical-align: top; text-align : left; background-color: white; border: 0px #F0F0F0 solid; padding:0px 4px 0px 4px" class="hierarchy">1..1</td><td style="vertical-align: top; text-align : left; background-color: white; border: 0px #F0F0F0 solid; padding:0px 4px 0px 4px" class="hierarchy"><a href="http://hl7.org/fhir/R4/references.html">Reference</a>(<a href="StructureDefinition-be-practitioner.html">BePractitioner</a>)</td><td style="vertical-align: top; text-align : left; background-color: white; border: 0px #F0F0F0 solid; padding:0px 4px 0px 4px" class="hierarchy">Reference to person that performed the recording or reporting</td></tr>
<tr style="border: 0px #F0F0F0 solid; padding:0px; vertical-align: top; background-color: #F7F7F7"><td style="vertical-align: top; text-align : left; background-color: #F7F7F7; border: 0px #F0F0F0 solid; padding:0px 4px 0px 4px; white-space: nowrap; background-image: url(tbl_bck100.png)" class="hierarchy"><img src="tbl_spacer.png" alt="." style="background-color: inherit" class="hierarchy"/><img src="tbl_vline.png" alt="." style="background-color: inherit" class="hierarchy"/><img src="tbl_vjoin_end.png" alt="." style="background-color: inherit" class="hierarchy"/><img src="icon_datatype.gif" alt="." style="background-color: #F7F7F7; background-color: inherit" title="Data Type" class="hierarchy"/> <a href="StructureDefinition-be-model-addiction-definitions.html#BeAddiction.recorder.performerCode" title="To mark the performer as &#39;INF&#39; (informer) - in case the addiction is reported by family">performerCode</a><a name="BeAddiction.recorder.performerCode"> </a></td><td style="vertical-align: top; text-align : left; background-color: #F7F7F7; border: 0px #F0F0F0 solid; padding:0px 4px 0px 4px" class="hierarchy"/><td style="vertical-align: top; text-align : left; background-color: #F7F7F7; border: 0px #F0F0F0 solid; padding:0px 4px 0px 4px" class="hierarchy">0..1</td><td style="vertical-align: top; text-align : left; background-color: #F7F7F7; border: 0px #F0F0F0 solid; padding:0px 4px 0px 4px" class="hierarchy"><a href="http://hl7.org/fhir/R4/datatypes.html#CodeableConcept" title="CodeableConcept">CodeableConcept</a></td><td style="vertical-align: top; text-align : left; background-color: #F7F7F7; border: 0px #F0F0F0 solid; padding:0px 4px 0px 4px" class="hierarchy">The role or action that the person took - for example informer, recorder, verifier..<br/><span style="font-weight:bold">Binding: </span><a href="http://hl7.org/fhir/R4/valueset-performer-function.html">Performer Function Codes</a> (<a href="http://hl7.org/fhir/R4/terminologies.html#required" title="To be conformant, the concept in this element SHALL be from the specified value set.">required</a>)</td></tr>
<tr style="border: 0px #F0F0F0 solid; padding:0px; vertical-align: top; background-color: white"><td style="vertical-align: top; text-align : left; background-color: white; border: 0px #F0F0F0 solid; padding:0px 4px 0px 4px; white-space: nowrap; background-image: url(tbl_bck00.png)" class="hierarchy"><img src="tbl_spacer.png" alt="." style="background-color: inherit" class="hierarchy"/><img src="tbl_vjoin_end.png" alt="." style="background-color: inherit" class="hierarchy"/><img src="icon_datatype.gif" alt="." style="background-color: white; background-color: inherit" title="Data Type" class="hierarchy"/> <a href="StructureDefinition-be-model-addiction-definitions.html#BeAddiction.note" title="Additional information about the addiction - this can be relevant history, any remarks by the patient or professional, etc.">note</a><a name="BeAddiction.note"> </a></td><td style="vertical-align: top; text-align : left; background-color: white; border: 0px #F0F0F0 solid; padding:0px 4px 0px 4px" class="hierarchy"/><td style="vertical-align: top; text-align : left; background-color: white; border: 0px #F0F0F0 solid; padding:0px 4px 0px 4px" class="hierarchy">0..*</td><td style="vertical-align: top; text-align : left; background-color: white; border: 0px #F0F0F0 solid; padding:0px 4px 0px 4px" class="hierarchy"><a href="http://hl7.org/fhir/R4/datatypes.html#Annotation" title="Annotation">Annotation</a></td><td style="vertical-align: top; text-align : left; background-color: white; border: 0px #F0F0F0 solid; padding:0px 4px 0px 4px" class="hierarchy">Additional information about the addiction<br/></td></tr>
<tr><td colspan="5" class="hierarchy"><br/><a href="http://hl7.org/fhir/R4/formats.html#table" title="Legend for this format"><img src="http://hl7.org/fhir/R4/help16.png" alt="doco" style="background-color: inherit"/> Documentation for this format</a></td></tr></table></div></text><url value="https://www.hl7belgium.org/fhir/StructureDefinition/be-model-addiction"/><version value="0.1.0"/><name value="BEAddiction"/><status value="draft"/><date value="2021-07-13T23:17:19+00:00"/><publisher value="RIZIV-INAMI"/><contact><telecom><system value="url"/><value value="http://somewhere.org"/></telecom></contact><description value="This is the logical model of an addiction of a patient. Initially based on the input of the NIHDI.&#xD;&#xA; This model represents a known,  suspected or resolved addiction. This models does not intend to represent a point-in-time observation of substance intake or related event or behaviour. In other words, this logical model represents the addiction condition, not an addiction-related event or observation."/><jurisdiction><coding><system value="http://unstats.un.org/unsd/methods/m49/m49.htm"/><code value="056"/></coding><coding><system value="urn:iso:std:iso:3166"/><code value="BE"/></coding></jurisdiction><fhirVersion value="4.0.1"/><mapping><identity value="rim"/><uri value="http://hl7.org/v3"/><name value="RIM Mapping"/></mapping><kind value="logical"/><abstract value="false"/><type value="BeAddiction"/><baseDefinition value="http://hl7.org/fhir/StructureDefinition/Resource"/><derivation value="specialization"/><snapshot><element id="BeAddiction"><path value="BeAddiction"/><short value="A subject&#39;s addiction"/><definition value="A record of a patient&#39;s addiction."/><min value="0"/><max value="*"/><base><path value="Resource"/><min value="0"/><max value="*"/></base><isModifier value="false"/><isSummary value="false"/><mapping><identity value="rim"/><map value="Entity. Role, or Act"/></mapping></element><element id="BeAddiction.id"><path value="BeAddiction.id"/><short value="Logical id of this artifact"/><definition value="The logical id of the resource, as used in the URL for the resource. Once assigned, this value never changes."/><comment value="The only time that a resource does not have an id is when it is being submitted to the server using a create operation."/><min value="0"/><max value="1"/><base><path value="Resource.id"/><min value="0"/><max value="1"/></base><type><extension url="http://hl7.org/fhir/StructureDefinition/structuredefinition-fhir-type"><valueUrl value="string"/></extension><code value="http://hl7.org/fhirpath/System.String"/></type><isModifier value="false"/><isSummary value="true"/></element><element id="BeAddiction.meta"><path value="BeAddiction.meta"/><short value="Metadata about the resource"/><definition value="The metadata about the resource. This is content that is maintained by the infrastructure. Changes to the content might not always be associated with version changes to the resource."/><min value="0"/><max value="1"/><base><path value="Resource.meta"/><min value="0"/><max value="1"/></base><type><code value="Meta"/></type><constraint><key value="ele-1"/><severity value="error"/><human value="All FHIR elements must have a @value or children"/><expression value="hasValue() or (children().count() &gt; id.count())"/><xpath value="@value|f:*|h:div"/><source value="http://hl7.org/fhir/StructureDefinition/Element"/></constraint><isModifier value="false"/><isSummary value="true"/></element><element id="BeAddiction.implicitRules"><path value="BeAddiction.implicitRules"/><short value="A set of rules under which this content was created"/><definition value="A reference to a set of rules that were followed when the resource was constructed, and which must be understood when processing the content. Often, this is a reference to an implementation guide that defines the special rules along with other profiles etc."/><comment value="Asserting this rule set restricts the content to be only understood by a limited set of trading partners. This inherently limits the usefulness of the data in the long term. However, the existing health eco-system is highly fractured, and not yet ready to define, collect, and exchange data in a generally computable sense. Wherever possible, implementers and/or specification writers should avoid using this element. Often, when used, the URL is a reference to an implementation guide that defines these special rules as part of it&#39;s narrative along with other profiles, value sets, etc."/><min value="0"/><max value="1"/><base><path value="Resource.implicitRules"/><min value="0"/><max value="1"/></base><type><code value="uri"/></type><constraint><key value="ele-1"/><severity value="error"/><human value="All FHIR elements must have a @value or children"/><expression value="hasValue() or (children().count() &gt; id.count())"/><xpath value="@value|f:*|h:div"/><source value="http://hl7.org/fhir/StructureDefinition/Element"/></constraint><isModifier value="true"/><isModifierReason value="This element is labeled as a modifier because the implicit rules may provide additional knowledge about the resource that modifies it&#39;s meaning or interpretation"/><isSummary value="true"/></element><element id="BeAddiction.language"><path value="BeAddiction.language"/><short value="Language of the resource content"/><definition value="The base language in which the resource is written."/><comment value="Language is provided to support indexing and accessibility (typically, services such as text to speech use the language tag). The html language tag in the narrative applies  to the narrative. The language tag on the resource may be used to specify the language of other presentations generated from the data in the resource. Not all the content has to be in the base language. The Resource.language should not be assumed to apply to the narrative automatically. If a language is specified, it should it also be specified on the div element in the html (see rules in HTML5 for information about the relationship between xml:lang and the html lang attribute)."/><min value="0"/><max value="1"/><base><path value="Resource.language"/><min value="0"/><max value="1"/></base><type><code value="code"/></type><constraint><key value="ele-1"/><severity value="error"/><human value="All FHIR elements must have a @value or children"/><expression value="hasValue() or (children().count() &gt; id.count())"/><xpath value="@value|f:*|h:div"/><source value="http://hl7.org/fhir/StructureDefinition/Element"/></constraint><isModifier value="false"/><isSummary value="false"/><binding><extension url="http://hl7.org/fhir/StructureDefinition/elementdefinition-maxValueSet"><valueCanonical value="http://hl7.org/fhir/ValueSet/all-languages"/></extension><extension url="http://hl7.org/fhir/StructureDefinition/elementdefinition-bindingName"><valueString value="Language"/></extension><extension url="http://hl7.org/fhir/StructureDefinition/elementdefinition-isCommonBinding"><valueBoolean value="true"/></extension><strength value="preferred"/><description value="A human language."/><valueSet value="http://hl7.org/fhir/ValueSet/languages"/></binding></element><element id="BeAddiction.identifier"><path value="BeAddiction.identifier"/><short value="The business identifier(s) for the addiction condition"/><definition value="The business identifier(s) for the addiction condition - This is an optional attribute, used for example to track an addiction throughout its lifecycle, or across vaults."/><min value="0"/><max value="1"/><base><path value="BeAddiction.identifier"/><min value="0"/><max value="1"/></base><type><code value="Identifier"/></type></element><element id="BeAddiction.clinicalStatus"><path value="BeAddiction.clinicalStatus"/><short value="The clinical status of the addiction - whether it is active, resolved..."/><definition value="The clinical status of the addiction - whether it is active, resolved..."/><min value="0"/><max value="1"/><base><path value="BeAddiction.clinicalStatus"/><min value="0"/><max value="1"/></base><type><code value="code"/><profile value="http://hl7.org/fhir/StructureDefinition/code"/></type></element><element id="BeAddiction.verificationStatus"><path value="BeAddiction.verificationStatus"/><short value="The verification status of the addiction - whether it is suspected, confirmed, etc."/><definition value="The verification status of the addiction - whether it is suspected, confirmed, etc."/><min value="0"/><max value="1"/><base><path value="BeAddiction.verificationStatus"/><min value="0"/><max value="1"/></base><type><code value="code"/><profile value="http://hl7.org/fhir/StructureDefinition/code"/></type></element><element id="BeAddiction.subject"><path value="BeAddiction.subject"/><short value="The person that has/had the addiction"/><definition value="The patient that has/had the addiction"/><min value="1"/><max value="1"/><base><path value="BeAddiction.subject"/><min value="1"/><max value="1"/></base><type><code value="Reference"/><targetProfile value="https://www.ehealth.fgov.be/standards/fhir/StructureDefinition/be-patient"/></type></element><element id="BeAddiction.type"><path value="BeAddiction.type"/><short value="The type of addiction"/><definition value="Here the type of addiction will be specified (e.g. alcohol, drugs, medication). &#xD;&#xA;It SHOULD be expressed in a codified way (Valueset will be delivered by NIHDI)."/><min value="1"/><max value="1"/><base><path value="BeAddiction.type"/><min value="1"/><max value="1"/></base><type><code value="CodeableConcept"/><profile value="http://hl7.org/fhir/StructureDefinition/CodeableConcept"/></type></element><element id="BeAddiction.code"><path value="BeAddiction.code"/><short value="The specific addiction substance or activity"/><definition value="Here it is possible to further refine the addiction information e.g. when &quot;narcotics&quot; is indicated, this can specify the substance"/><min value="0"/><max value="1"/><base><path value="BeAddiction.code"/><min value="0"/><max value="1"/></base><type><code value="CodeableConcept"/><profile value="http://hl7.org/fhir/StructureDefinition/CodeableConcept"/></type></element><element id="BeAddiction.recordedDate"><path value="BeAddiction.recordedDate"/><short value="The date when the addiction is being recorded or updated"/><definition value="The date when the addiction is being recorded or updated"/><min value="1"/><max value="1"/><base><path value="BeAddiction.recordedDate"/><min value="1"/><max value="1"/></base><type><code value="dateTime"/><profile value="http://hl7.org/fhir/StructureDefinition/dateTime"/></type></element><element id="BeAddiction.period"><path value="BeAddiction.period"/><short value="The time when the patient suffered or suffers from addiction"/><definition value="The actual period this addiction was true. (e.g. used when a patient used to abuse alcohol) - or the beginning of addiction in case the addiction is still active"/><min value="0"/><max value="1"/><base><path value="BeAddiction.period"/><min value="0"/><max value="1"/></base><type><code value="BackboneElement"/></type></element><element id="BeAddiction.period.time"><path value="BeAddiction.period.time"/><short value="The actual time period of the addiction, if it is known"/><definition value="The actual period of the addiction or the beginning of addiction in case the addiction is still active"/><min value="0"/><max value="1"/><base><path value="BeAddiction.period.time"/><min value="0"/><max value="1"/></base><type><code value="Period"/><profile value="http://hl7.org/fhir/StructureDefinition/Period"/></type></element><element id="BeAddiction.period.text"><path value="BeAddiction.period.text"/><short value="A free text indication of the time period of addiction - e.g. &quot;teenager&quot;, etc."/><definition value="A free text indication of the time period of addiction - e.g. as &quot;teenager&quot;, &quot;approx 5 years ago&quot;, etc"/><min value="0"/><max value="1"/><base><path value="BeAddiction.period.text"/><min value="0"/><max value="1"/></base><type><code value="CodeableConcept"/></type></element><element id="BeAddiction.quantity"><path value="BeAddiction.quantity"/><short value="Quantifier of addiction e.g. number of cigarettes per day"/><definition value="e.g. number of cigarettes per day"/><min value="0"/><max value="1"/><base><path value="BeAddiction.quantity"/><min value="0"/><max value="1"/></base><type><code value="Quantity"/><profile value="http://hl7.org/fhir/StructureDefinition/Quantity"/></type></element><element id="BeAddiction.inTreatment"><path value="BeAddiction.inTreatment"/><short value="Whether the addiction is known to be under treatment"/><definition value="Is this patient following a treatment for this addiction?"/><min value="0"/><max value="1"/><base><path value="BeAddiction.inTreatment"/><min value="0"/><max value="1"/></base><type><code value="boolean"/></type></element><element id="BeAddiction.treatment"><path value="BeAddiction.treatment"/><short value="The links to the treatment(s) associated with this addition, if existing and known"/><definition value="Is this patient following a treatment for this addiction?&#xD;&#xA;(In technical reality, this will be actually a Procedure instance that refers to the Addiction instance)"/><min value="0"/><max value="*"/><base><path value="BeAddiction.treatment"/><min value="0"/><max value="*"/></base><type><code value="Reference"/></type></element><element id="BeAddiction.recorder"><path value="BeAddiction.recorder"/><short value="Participants that report the addiction"/><definition value="Clinical parties or informers that participate in reporting the addiction"/><min value="1"/><max value="*"/><base><path value="BeAddiction.recorder"/><min value="1"/><max value="*"/></base><type><code value="BackboneElement"/></type></element><element id="BeAddiction.recorder.performer"><path value="BeAddiction.recorder.performer"/><short value="Person that performed the recording or reporting"/><definition value="Who was responsible for asserting the observed value as &quot;true&quot;."/><min value="1"/><max value="1"/><base><path value="BeAddiction.recorder.performer"/><min value="1"/><max value="1"/></base><type><code value="Reference"/></type></element><element id="BeAddiction.recorder.performer.reference"><path value="BeAddiction.recorder.performer.reference"/><short value="Reference to person that performed the recording or reporting"/><definition value="Who was responsible for asserting the observed value as &quot;true&quot;. (Reference)"/><min value="1"/><max value="1"/><base><path value="BeAddiction.recorder.performer.reference"/><min value="1"/><max value="1"/></base><type><code value="Reference"/><targetProfile value="https://www.ehealth.fgov.be/standards/fhir/StructureDefinition/be-practitioner"/></type></element><element id="BeAddiction.recorder.performerCode"><path value="BeAddiction.recorder.performerCode"/><short value="The role or action that the person took - for example informer, recorder, verifier.."/><definition value="To mark the performer as &#39;INF&#39; (informer) - in case the addiction is reported by family"/><min value="0"/><max value="1"/><base><path value="BeAddiction.recorder.performerCode"/><min value="0"/><max value="1"/></base><type><code value="CodeableConcept"/><profile value="http://hl7.org/fhir/StructureDefinition/CodeableConcept"/></type><binding><strength value="required"/><valueSet value="http://hl7.org/fhir/ValueSet/performer-function"/></binding></element><element id="BeAddiction.note"><path value="BeAddiction.note"/><short value="Additional information about the addiction"/><definition value="Additional information about the addiction - this can be relevant history, any remarks by the patient or professional, etc."/><min value="0"/><max value="*"/><base><path value="BeAddiction.note"/><min value="0"/><max value="*"/></base><type><code value="Annotation"/><profile value="http://hl7.org/fhir/StructureDefinition/Annotation"/></type></element></snapshot><differential><element id="BeAddiction"><path value="BeAddiction"/><short value="A subject&#39;s addiction"/><definition value="A record of a patient&#39;s addiction."/><min value="0"/><max value="*"/></element><element id="BeAddiction.identifier"><path value="BeAddiction.identifier"/><short value="The business identifier(s) for the addiction condition"/><definition value="The business identifier(s) for the addiction condition - This is an optional attribute, used for example to track an addiction throughout its lifecycle, or across vaults."/><min value="0"/><max value="1"/><type><code value="Identifier"/></type></element><element id="BeAddiction.clinicalStatus"><path value="BeAddiction.clinicalStatus"/><short value="The clinical status of the addiction - whether it is active, resolved..."/><definition value="The clinical status of the addiction - whether it is active, resolved..."/><min value="0"/><max value="1"/><type><code value="code"/><profile value="http://hl7.org/fhir/StructureDefinition/code"/></type></element><element id="BeAddiction.verificationStatus"><path value="BeAddiction.verificationStatus"/><short value="The verification status of the addiction - whether it is suspected, confirmed, etc."/><definition value="The verification status of the addiction - whether it is suspected, confirmed, etc."/><min value="0"/><max value="1"/><type><code value="code"/><profile value="http://hl7.org/fhir/StructureDefinition/code"/></type></element><element id="BeAddiction.subject"><path value="BeAddiction.subject"/><short value="The person that has/had the addiction"/><definition value="The patient that has/had the addiction"/><min value="1"/><max value="1"/><type><code value="Reference"/><targetProfile value="https://www.ehealth.fgov.be/standards/fhir/StructureDefinition/be-patient"/></type></element><element id="BeAddiction.type"><path value="BeAddiction.type"/><short value="The type of addiction"/><definition value="Here the type of addiction will be specified (e.g. alcohol, drugs, medication). &#xD;&#xA;It SHOULD be expressed in a codified way (Valueset will be delivered by NIHDI)."/><min value="1"/><max value="1"/><type><code value="CodeableConcept"/><profile value="http://hl7.org/fhir/StructureDefinition/CodeableConcept"/></type></element><element id="BeAddiction.code"><path value="BeAddiction.code"/><short value="The specific addiction substance or activity"/><definition value="Here it is possible to further refine the addiction information e.g. when &quot;narcotics&quot; is indicated, this can specify the substance"/><min value="0"/><max value="1"/><type><code value="CodeableConcept"/><profile value="http://hl7.org/fhir/StructureDefinition/CodeableConcept"/></type></element><element id="BeAddiction.recordedDate"><path value="BeAddiction.recordedDate"/><short value="The date when the addiction is being recorded or updated"/><definition value="The date when the addiction is being recorded or updated"/><min value="1"/><max value="1"/><type><code value="dateTime"/><profile value="http://hl7.org/fhir/StructureDefinition/dateTime"/></type></element><element id="BeAddiction.period"><path value="BeAddiction.period"/><short value="The time when the patient suffered or suffers from addiction"/><definition value="The actual period this addiction was true. (e.g. used when a patient used to abuse alcohol) - or the beginning of addiction in case the addiction is still active"/><min value="0"/><max value="1"/><type><code value="BackboneElement"/></type></element><element id="BeAddiction.period.time"><path value="BeAddiction.period.time"/><short value="The actual time period of the addiction, if it is known"/><definition value="The actual period of the addiction or the beginning of addiction in case the addiction is still active"/><min value="0"/><max value="1"/><type><code value="Period"/><profile value="http://hl7.org/fhir/StructureDefinition/Period"/></type></element><element id="BeAddiction.period.text"><path value="BeAddiction.period.text"/><short value="A free text indication of the time period of addiction - e.g. &quot;teenager&quot;, etc."/><definition value="A free text indication of the time period of addiction - e.g. as &quot;teenager&quot;, &quot;approx 5 years ago&quot;, etc"/><min value="0"/><max value="1"/><type><code value="CodeableConcept"/></type></element><element id="BeAddiction.quantity"><path value="BeAddiction.quantity"/><short value="Quantifier of addiction e.g. number of cigarettes per day"/><definition value="e.g. number of cigarettes per day"/><min value="0"/><max value="1"/><type><code value="Quantity"/><profile value="http://hl7.org/fhir/StructureDefinition/Quantity"/></type></element><element id="BeAddiction.inTreatment"><path value="BeAddiction.inTreatment"/><short value="Whether the addiction is known to be under treatment"/><definition value="Is this patient following a treatment for this addiction?"/><min value="0"/><max value="1"/><type><code value="boolean"/></type></element><element id="BeAddiction.treatment"><path value="BeAddiction.treatment"/><short value="The links to the treatment(s) associated with this addition, if existing and known"/><definition value="Is this patient following a treatment for this addiction?&#xD;&#xA;(In technical reality, this will be actually a Procedure instance that refers to the Addiction instance)"/><min value="0"/><max value="*"/><type><code value="Reference"/></type></element><element id="BeAddiction.recorder"><path value="BeAddiction.recorder"/><short value="Participants that report the addiction"/><definition value="Clinical parties or informers that participate in reporting the addiction"/><min value="1"/><max value="*"/><type><code value="BackboneElement"/></type></element><element id="BeAddiction.recorder.performer"><path value="BeAddiction.recorder.performer"/><short value="Person that performed the recording or reporting"/><definition value="Who was responsible for asserting the observed value as &quot;true&quot;."/><min value="1"/><max value="1"/><type><code value="Reference"/></type></element><element id="BeAddiction.recorder.performer.reference"><path value="BeAddiction.recorder.performer.reference"/><short value="Reference to person that performed the recording or reporting"/><definition value="Who was responsible for asserting the observed value as &quot;true&quot;. (Reference)"/><min value="1"/><max value="1"/><type><code value="Reference"/><targetProfile value="https://www.ehealth.fgov.be/standards/fhir/StructureDefinition/be-practitioner"/></type></element><element id="BeAddiction.recorder.performerCode"><path value="BeAddiction.recorder.performerCode"/><short value="The role or action that the person took - for example informer, recorder, verifier.."/><definition value="To mark the performer as &#39;INF&#39; (informer) - in case the addiction is reported by family"/><min value="0"/><max value="1"/><type><code value="CodeableConcept"/><profile value="http://hl7.org/fhir/StructureDefinition/CodeableConcept"/></type><binding><strength value="required"/><valueSet value="http://hl7.org/fhir/ValueSet/performer-function"/></binding></element><element id="BeAddiction.note"><path value="BeAddiction.note"/><short value="Additional information about the addiction"/><definition value="Additional information about the addiction - this can be relevant history, any remarks by the patient or professional, etc."/><min value="0"/><max value="*"/><type><code value="Annotation"/><profile value="http://hl7.org/fhir/StructureDefinition/Annotation"/></type></element></differential></StructureDefinition>