<?xml version="1.0" encoding="UTF-8"?><ValueSet xmlns="http://hl7.org/fhir"><id value="be-vs-laterality"/><text><status value="generated"/><div xmlns="http://www.w3.org/1999/xhtml"><ul><li>Import all the codes that are contained in <a href="http://hl7.org/fhir/R4/valueset-bodystructure-relative-location.html">http://hl7.org/fhir/ValueSet/bodystructure-relative-location</a></li></ul></div></text><url value="https://www.hl7belgium.org/fhir/ValueSet/be-vs-laterality"/><version value="0.1.0"/><name value="BeVSLaterality"/><title value="Laterality"/><status value="draft"/><date value="2021-07-13T22:58:11+00:00"/><publisher value="RIZIV-INAMI"/><contact><telecom><system value="url"/><value value="http://somewhere.org"/></telecom></contact><description value="Laterality"/><jurisdiction><coding><system value="http://unstats.un.org/unsd/methods/m49/m49.htm"/><code value="056"/></coding><coding><system value="urn:iso:std:iso:3166"/><code value="BE"/></coding></jurisdiction><compose><include><valueSet value="http://hl7.org/fhir/ValueSet/bodystructure-relative-location"/></include></compose></ValueSet>