<?xml version="1.0" encoding="UTF-8"?><ValueSet xmlns="http://hl7.org/fhir"><id value="be-vs-addiction-category"/><text><status value="generated"/><div xmlns="http://www.w3.org/1999/xhtml"><p>This value set includes codes based on the following rules:</p><ul/></div></text><url value="https://www.hl7belgium.org/fhir/ValueSet/be-vs-addiction-category"/><version value="0.1.0"/><name value="BeVSAddictionCategory"/><title value="Addiction Category"/><status value="draft"/><date value="2021-07-13T22:58:11+00:00"/><publisher value="RIZIV-INAMI"/><contact><telecom><system value="url"/><value value="http://somewhere.org"/></telecom></contact><description value="Addiction Category"/><jurisdiction><coding><system value="http://unstats.un.org/unsd/methods/m49/m49.htm"/><code value="056"/></coding><coding><system value="urn:iso:std:iso:3166"/><code value="BE"/></coding></jurisdiction></ValueSet>