<?xml version="1.0" encoding="UTF-8"?><ValueSet xmlns="http://hl7.org/fhir"><id value="be-vs-scorecategory"/><text><status value="extensions"/><div xmlns="http://www.w3.org/1999/xhtml"><p>This value set includes codes based on the following rules:</p><ul><li>Include all codes defined in <a href="CodeSystem-be-cs-score-category.html"><code>https://www.hl7belgium.org/fhir/CodeSystem/be-cs-score-category</code></a></li><li>Include these codes as defined in <a href="http://terminology.hl7.org/2.1.0/CodeSystem-v3-NullFlavor.html"><code>http://terminology.hl7.org/CodeSystem/v3-NullFlavor</code></a><table class="none"><tr><td style="white-space:nowrap"><b>Code</b></td><td><b>Display</b></td><td><b>Definition</b></td></tr><tr><td><a href="http://terminology.hl7.org/2.1.0/CodeSystem-v3-NullFlavor.html#v3-NullFlavor-OTH">OTH</a></td><td>other</td><td>**Description:**The actual value is not a member of the set of permitted data values in the constrained value domain of a variable. (e.g., concept not provided by required code system).<br/><br/>**Usage Notes**: This flavor and its specializations are most commonly used with the CD datatype and its flavors. However, it may apply to \*any\* datatype where the constraints of the type are tighter than can be conveyed. For example, a PQ that is for a true measured amount whose units are not supported in UCUM, a need to convey a REAL when the type has been constrained to INT, etc.<br/><br/>With coded datatypes, this null flavor may only be used if the vocabulary binding has a coding strength of CNE. By definition, all local codes and original text are part of the value set if the coding strength is CWE.</td></tr></table></li></ul></div></text><url value="https://www.hl7belgium.org/fhir/ValueSet/be-vs-scorecategory"/><version value="0.1.0"/><name value="BeVSScoreCategory"/><title value="Score Category Value Set"/><status value="draft"/><date value="2021-07-13T22:58:11+00:00"/><publisher value="RIZIV-INAMI"/><contact><telecom><system value="url"/><value value="http://somewhere.org"/></telecom></contact><description value="Score Category Value Set"/><jurisdiction><coding><system value="http://unstats.un.org/unsd/methods/m49/m49.htm"/><code value="056"/></coding><coding><system value="urn:iso:std:iso:3166"/><code value="BE"/></coding></jurisdiction><compose><include><system value="https://www.hl7belgium.org/fhir/CodeSystem/be-cs-score-category"/></include><include><system value="http://terminology.hl7.org/CodeSystem/v3-NullFlavor"/><concept><code value="OTH"/></concept></include></compose></ValueSet>