<?xml version="1.0" encoding="UTF-8"?><ValueSet xmlns="http://hl7.org/fhir"><id value="be-vs-problem-origin-type"/><text><status value="generated"/><div xmlns="http://www.w3.org/1999/xhtml"><ul><li>Include all codes defined in <a href="CodeSystem-be-cs-problem-origin-type.html"><code>https://www.hl7belgium.org/fhir/CodeSystem/be-cs-problem-origin-type</code></a></li></ul></div></text><url value="https://www.hl7belgium.org/fhir/ValueSet/be-vs-problem-origin-type"/><version value="0.1.0"/><name value="BeVSProblemOriginType"/><title value="Problem Origin Type"/><status value="draft"/><date value="2021-07-13T23:17:19+00:00"/><publisher value="RIZIV-INAMI"/><contact><telecom><system value="url"/><value value="http://somewhere.org"/></telecom></contact><description value="Problem Origin Type"/><jurisdiction><coding><system value="http://unstats.un.org/unsd/methods/m49/m49.htm"/><code value="056"/></coding><coding><system value="urn:iso:std:iso:3166"/><code value="BE"/></coding></jurisdiction><compose><include><system value="https://www.hl7belgium.org/fhir/CodeSystem/be-cs-problem-origin-type"/></include></compose></ValueSet>