{
  "resourceType": "ImmunizationRecommendation",
  "id": "aymeric-rota",
  "text": {
    "status": "generated",
    "div": "<div xmlns=\"http://www.w3.org/1999/xhtml\"><p><b>Generated Narrative</b></p><p><b>patient</b>: <span></span></p><p><b>date</b>: 2020-04-06</p><h3>Recommendations</h3><table class=\"grid\"><tr><td>-</td><td><b>TargetDisease</b></td><td><b>ForecastStatus</b></td></tr><tr><td>*</td><td><span title=\"Codes: {http://snomed.info/sct 64694002}\">Human rotavirus</span></td><td><span title=\"Codes: \">Recommended</span></td></tr></table></div>"
  },
  "patient": {
    "identifier": {
      "system": "https://www.ehealth.fgov.be/standards/fhir/NamingSystem/ssin",
      "value": "20020142173"
    }
  },
  "date": "2020-04-06",
  "recommendation": [
    {
      "targetDisease": {
        "coding": [
          {
            "system": "http://snomed.info/sct",
            "code": "64694002"
          }
        ]
      },
      "forecastStatus": {
        "text": "Recommended"
      }
    }
  ]
}