<?xml version="1.0" encoding="UTF-8"?>

<ImplementationGuide xmlns="http://hl7.org/fhir">
  <id value="hl7.fhir.be.riziv"/>
  <text>
    <status value="extensions"/><div xmlns="http://www.w3.org/1999/xhtml"><h2>RIZIV_INAMI</h2><p>The official URL for this implementation guide is: </p><pre>https://www.hl7belgium.org/fhir/ImplementationGuide/hl7.fhir.be.riziv</pre><div><p>RIZIV-INAMI - Patient Summary Record Implementation Guide</p>
</div></div>
  </text>
  <url value="https://www.hl7belgium.org/fhir/ImplementationGuide/hl7.fhir.be.riziv"/>
  <version value="0.1.0"/>
  <name value="RIZIV_INAMI"/>
  <title value="RIZIV-INAMI Patient Record"/>
  <status value="draft"/>
  <experimental value="false"/>
  <date value="2021-07-13T22:58:11+00:00"/>
  <publisher value="RIZIV-INAMI"/>
  <contact>
    <telecom>
      <system value="url"/>
      <value value="http://somewhere.org"/>
    </telecom>
  </contact>
  <description value="RIZIV-INAMI - Patient Summary Record Implementation Guide"/>
  <jurisdiction>
    <coding>
      <system value="http://unstats.un.org/unsd/methods/m49/m49.htm"/>
      <code value="056"/>
    </coding>
    <coding>
      <system value="urn:iso:std:iso:3166"/>
      <code value="BE"/>
    </coding>
  </jurisdiction>
  <packageId value="hl7.fhir.be.riziv"/>
  <license value="CC0-1.0"/>
  <fhirVersion value="4.0.1"/>
  <definition>
    <extension url="http://hl7.org/fhir/tools/StructureDefinition/ig-parameter">
      <extension url="code">
        <valueString value="copyrightyear"/>
      </extension>
      <extension url="value">
        <valueString value="2019+"/>
      </extension>
    </extension>
    <extension url="http://hl7.org/fhir/tools/StructureDefinition/ig-parameter">
      <extension url="code">
        <valueString value="releaselabel"/>
      </extension>
      <extension url="value">
        <valueString value="CI Build"/>
      </extension>
    </extension>
    <extension url="http://hl7.org/fhir/tools/StructureDefinition/ig-parameter">
      <extension url="code">
        <valueString value="path-binary"/>
      </extension>
      <extension url="value">
        <valueString value="input\cql"/>
      </extension>
    </extension>
    <extension url="http://hl7.org/fhir/tools/StructureDefinition/ig-parameter">
      <extension url="code">
        <valueString value="excludettl"/>
      </extension>
      <extension url="value">
        <valueString value="true"/>
      </extension>
    </extension>
    <extension url="http://hl7.org/fhir/tools/StructureDefinition/ig-parameter">
      <extension url="code">
        <valueString value="autoload-resources"/>
      </extension>
      <extension url="value">
        <valueString value="true"/>
      </extension>
    </extension>
    <extension url="http://hl7.org/fhir/tools/StructureDefinition/ig-parameter">
      <extension url="code">
        <valueString value="path-liquid"/>
      </extension>
      <extension url="value">
        <valueString value="template/liquid"/>
      </extension>
    </extension>
    <extension url="http://hl7.org/fhir/tools/StructureDefinition/ig-parameter">
      <extension url="code">
        <valueString value="path-liquid"/>
      </extension>
      <extension url="value">
        <valueString value="input/liquid"/>
      </extension>
    </extension>
    <extension url="http://hl7.org/fhir/tools/StructureDefinition/ig-parameter">
      <extension url="code">
        <valueString value="path-qa"/>
      </extension>
      <extension url="value">
        <valueString value="temp/qa"/>
      </extension>
    </extension>
    <extension url="http://hl7.org/fhir/tools/StructureDefinition/ig-parameter">
      <extension url="code">
        <valueString value="path-temp"/>
      </extension>
      <extension url="value">
        <valueString value="temp/pages"/>
      </extension>
    </extension>
    <extension url="http://hl7.org/fhir/tools/StructureDefinition/ig-parameter">
      <extension url="code">
        <valueString value="path-output"/>
      </extension>
      <extension url="value">
        <valueString value="output"/>
      </extension>
    </extension>
    <extension url="http://hl7.org/fhir/tools/StructureDefinition/ig-parameter">
      <extension url="code">
        <valueString value="path-suppressed-warnings"/>
      </extension>
      <extension url="value">
        <valueString value="input/ignoreWarnings.txt"/>
      </extension>
    </extension>
    <extension url="http://hl7.org/fhir/tools/StructureDefinition/ig-parameter">
      <extension url="code">
        <valueString value="path-history"/>
      </extension>
      <extension url="value">
        <valueString value="https://www.hl7belgium.org/fhir/history.html"/>
      </extension>
    </extension>
    <extension url="http://hl7.org/fhir/tools/StructureDefinition/ig-parameter">
      <extension url="code">
        <valueString value="template-html"/>
      </extension>
      <extension url="value">
        <valueString value="template-page.html"/>
      </extension>
    </extension>
    <extension url="http://hl7.org/fhir/tools/StructureDefinition/ig-parameter">
      <extension url="code">
        <valueString value="template-md"/>
      </extension>
      <extension url="value">
        <valueString value="template-page-md.html"/>
      </extension>
    </extension>
    <extension url="http://hl7.org/fhir/tools/StructureDefinition/ig-parameter">
      <extension url="code">
        <valueString value="apply-contact"/>
      </extension>
      <extension url="value">
        <valueString value="true"/>
      </extension>
    </extension>
    <extension url="http://hl7.org/fhir/tools/StructureDefinition/ig-parameter">
      <extension url="code">
        <valueString value="apply-context"/>
      </extension>
      <extension url="value">
        <valueString value="true"/>
      </extension>
    </extension>
    <extension url="http://hl7.org/fhir/tools/StructureDefinition/ig-parameter">
      <extension url="code">
        <valueString value="apply-copyright"/>
      </extension>
      <extension url="value">
        <valueString value="true"/>
      </extension>
    </extension>
    <extension url="http://hl7.org/fhir/tools/StructureDefinition/ig-parameter">
      <extension url="code">
        <valueString value="apply-jurisdiction"/>
      </extension>
      <extension url="value">
        <valueString value="true"/>
      </extension>
    </extension>
    <extension url="http://hl7.org/fhir/tools/StructureDefinition/ig-parameter">
      <extension url="code">
        <valueString value="apply-license"/>
      </extension>
      <extension url="value">
        <valueString value="true"/>
      </extension>
    </extension>
    <extension url="http://hl7.org/fhir/tools/StructureDefinition/ig-parameter">
      <extension url="code">
        <valueString value="apply-publisher"/>
      </extension>
      <extension url="value">
        <valueString value="true"/>
      </extension>
    </extension>
    <extension url="http://hl7.org/fhir/tools/StructureDefinition/ig-parameter">
      <extension url="code">
        <valueString value="apply-version"/>
      </extension>
      <extension url="value">
        <valueString value="true"/>
      </extension>
    </extension>
    <extension url="http://hl7.org/fhir/tools/StructureDefinition/ig-parameter">
      <extension url="code">
        <valueString value="active-tables"/>
      </extension>
      <extension url="value">
        <valueString value="true"/>
      </extension>
    </extension>
    <grouping id="allergyintolerance">
      <name value="Allergy Intolerance"/>
      <description value="Allergy / Intolerance resources. These artefacts define the constraints and vocabulary necessary to record allergies and intolerances, suspected or confirmed.  A few example resources and scenario demonstrate the use of these resources."/>
    </grouping>
    <grouping id="patientwill">
      <name value="Patient Will"/>
      <description value="Patient Will profile and vocabulary. The Patient Will captures a patient&#39;s expressed preferences related to care provision.   The Logical Data Model defines the functional data needs.   An example demonstrates the use of the profile."/>
    </grouping>
    <grouping id="addiction">
      <name value="Addiction"/>
      <description value="The profile for Addiction, intended to capture known or suspected substance or other addictions.    The Logical Data Model defines the functional data needs.   An example demonstrates the use of the profile."/>
    </grouping>
    <grouping id="vaccination">
      <name value="Vaccination"/>
      <description value="Vaccination related resources.  These artefacts define the constraints and vocabulary necessary to record the administration of vaccine administrations, including the reference to a vaccination schema or protocol, and eventual immediate reactions.  The Logical Data Model defines the functional data needs.   The vocabulary resources help ensure conformity and data consistency.   The profile and extensions define the technical specifications.   A set of examples demonstrates the use of the profile."/>
    </grouping>
    <grouping id="problem">
      <name value="Problem"/>
      <description value="The Problem resources are intended to capture a short description of a patient&#39;s clinical condition.   The Logical Data Model defines the functional data needs.   The vocabulary resources help ensure conformity and data consistency.   The profile and extensions define the technical specifications.   A set of examples demonstrates the use of the profile."/>
    </grouping>
    <grouping id="scoreresults">
      <name value="Score Results"/>
      <description value="The Score Results resource captures an overal assessment score about a health indicator associated with a patient.   The vocabulary resources help ensure conformity and data consistency.   The profile defines the technical specifications.   A set of examples demonstrates the use of the profile."/>
    </grouping>
    <grouping id="referral">
      <name value="Referral Prescription"/>
      <description value="The Referral Prescription defines the exchange when ordering services such as nursing care, physiotherapy, or diagnostic procedures such as lab, imaging"/>
    </grouping>
    <resource>
      <extension url="http://hl7.org/fhir/tools/StructureDefinition/resource-information">
        <valueString value="StructureDefinition:logical"/>
      </extension>
      <reference>
        <reference value="StructureDefinition/be-model-addiction"/>
      </reference>
      <fhirVersion value="4.0.1"/>
      <name value="Logical Model Addiction"/>
      <description value="Addiction record logical model"/>
      <groupingId value="addiction"/>
    </resource>
    <resource>
      <extension url="http://hl7.org/fhir/tools/StructureDefinition/resource-information">
        <valueString value="StructureDefinition:resource"/>
      </extension>
      <reference>
        <reference value="StructureDefinition/be-addiction"/>
      </reference>
      <fhirVersion value="4.0.1"/>
      <name value="Addiction BE profile"/>
      <description value="Belgian Profile to capture Addictions (on substances or others)"/>
      <groupingId value="addiction"/>
    </resource>
    <resource>
      <extension url="http://hl7.org/fhir/tools/StructureDefinition/resource-information">
        <valueString value="StructureDefinition:extension"/>
      </extension>
      <reference>
        <reference value="StructureDefinition/be-ext-addiction-quantifier"/>
      </reference>
      <fhirVersion value="4.0.1"/>
      <name value="Addiction Quantifier extension"/>
      <description value="Belgian Extension to allow quantification of addictions (on substances or others) - for example 10 packs per week, 1 bottle per day"/>
      <groupingId value="addiction"/>
    </resource>
    <resource>
      <extension url="http://hl7.org/fhir/tools/StructureDefinition/resource-information">
        <valueString value="Condition"/>
      </extension>
      <reference>
        <reference value="Condition/addiction-smoking"/>
      </reference>
      <fhirVersion value="4.0.1"/>
      <name value="Example - Patient Smoking addiction"/>
      <description value="Patient Smoking addiction"/>
      <exampleCanonical value="https://www.hl7belgium.org/fhir/StructureDefinition/be-addiction"/>
      <groupingId value="addiction"/>
    </resource>
    <resource>
      <extension url="http://hl7.org/fhir/tools/StructureDefinition/resource-information">
        <valueString value="ValueSet"/>
      </extension>
      <reference>
        <reference value="ValueSet/be-vs-addiction-category"/>
      </reference>
      <fhirVersion value="4.0.1"/>
      <name value="Addiction Categories"/>
      <description value="Addiction Category value set"/>
      <groupingId value="addiction"/>
    </resource>
    <resource>
      <extension url="http://hl7.org/fhir/tools/StructureDefinition/resource-information">
        <valueString value="ValueSet"/>
      </extension>
      <reference>
        <reference value="ValueSet/be-vs-addiction-code"/>
      </reference>
      <fhirVersion value="4.0.1"/>
      <name value="Addiction Codes"/>
      <description value="Addiction Code value set"/>
      <groupingId value="addiction"/>
    </resource>
    <resource>
      <extension url="http://hl7.org/fhir/tools/StructureDefinition/resource-information">
        <valueString value="StructureDefinition:logical"/>
      </extension>
      <reference>
        <reference value="StructureDefinition/be-model-patientwill"/>
      </reference>
      <fhirVersion value="4.0.1"/>
      <name value="Logical Model Patient Will"/>
      <description value="Patient Will logical model"/>
      <groupingId value="patientwill"/>
    </resource>
    <resource>
      <extension url="http://hl7.org/fhir/tools/StructureDefinition/resource-information">
        <valueString value="StructureDefinition:resource"/>
      </extension>
      <reference>
        <reference value="StructureDefinition/be-patientwill"/>
      </reference>
      <fhirVersion value="4.0.1"/>
      <name value="Patient Will core BE profile"/>
      <description value="The Core BE profile for Patient Will"/>
      <groupingId value="patientwill"/>
    </resource>
    <resource>
      <extension url="http://hl7.org/fhir/tools/StructureDefinition/resource-information">
        <valueString value="CodeSystem"/>
      </extension>
      <reference>
        <reference value="CodeSystem/be-cs-patientwill-category"/>
      </reference>
      <fhirVersion value="4.0.1"/>
      <name value="Patient Will Categories"/>
      <description value="Patient Will Category code system"/>
      <groupingId value="patientwill"/>
    </resource>
    <resource>
      <extension url="http://hl7.org/fhir/tools/StructureDefinition/resource-information">
        <valueString value="ValueSet"/>
      </extension>
      <reference>
        <reference value="ValueSet/be-vs-patientwill-category"/>
      </reference>
      <fhirVersion value="4.0.1"/>
      <name value="Patient Will Categories"/>
      <description value="Patient Will Category value set"/>
      <groupingId value="patientwill"/>
    </resource>
    <resource>
      <extension url="http://hl7.org/fhir/tools/StructureDefinition/resource-information">
        <valueString value="CodeSystem"/>
      </extension>
      <reference>
        <reference value="CodeSystem/be-cs-patientwill-code"/>
      </reference>
      <fhirVersion value="4.0.1"/>
      <name value="Patient Will codes"/>
      <description value="Patient Will directive code system"/>
      <groupingId value="patientwill"/>
    </resource>
    <resource>
      <extension url="http://hl7.org/fhir/tools/StructureDefinition/resource-information">
        <valueString value="ValueSet"/>
      </extension>
      <reference>
        <reference value="ValueSet/be-vs-patientwill-code"/>
      </reference>
      <fhirVersion value="4.0.1"/>
      <name value="Patient Will directives"/>
      <description value="Patient Will directive value set"/>
      <groupingId value="patientwill"/>
    </resource>
    <resource>
      <extension url="http://hl7.org/fhir/tools/StructureDefinition/resource-information">
        <valueString value="Consent"/>
      </extension>
      <reference>
        <reference value="Consent/patientwill-example"/>
      </reference>
      <fhirVersion value="4.0.1"/>
      <name value="Example - Patient Will"/>
      <description value="Patient Will"/>
      <exampleCanonical value="https://www.hl7belgium.org/fhir/StructureDefinition/be-patientwill"/>
      <groupingId value="patientwill"/>
    </resource>
    <resource>
      <extension url="http://hl7.org/fhir/tools/StructureDefinition/resource-information">
        <valueString value="StructureDefinition:logical"/>
      </extension>
      <reference>
        <reference value="StructureDefinition/be-model-vaccination"/>
      </reference>
      <fhirVersion value="4.0.1"/>
      <name value="Logical Model Vaccination"/>
      <description value="Vaccination logical model"/>
      <groupingId value="vaccination"/>
    </resource>
    <resource>
      <extension url="http://hl7.org/fhir/tools/StructureDefinition/resource-information">
        <valueString value="StructureDefinition:resource"/>
      </extension>
      <reference>
        <reference value="StructureDefinition/be-vaccination"/>
      </reference>
      <fhirVersion value="4.0.1"/>
      <name value="Vaccination core BE profile"/>
      <description value="The Core BE profile for Vaccination (event)"/>
      <groupingId value="vaccination"/>
    </resource>
    <resource>
      <extension url="http://hl7.org/fhir/tools/StructureDefinition/resource-information">
        <valueString value="StructureDefinition:extension"/>
      </extension>
      <reference>
        <reference value="StructureDefinition/be-ext-vaccination-location"/>
      </reference>
      <fhirVersion value="4.0.1"/>
      <name value="Location of the vaccination event"/>
      <description value="Location of the vaccination event"/>
      <groupingId value="vaccination"/>
    </resource>
    <resource>
      <extension url="http://hl7.org/fhir/tools/StructureDefinition/resource-information">
        <valueString value="CodeSystem"/>
      </extension>
      <reference>
        <reference value="CodeSystem/be-cs-care-location"/>
      </reference>
      <fhirVersion value="4.0.1"/>
      <name value="CodeSystem - Care location"/>
      <description value="The location of the care event"/>
      <groupingId value="vaccination"/>
    </resource>
    <resource>
      <extension url="http://hl7.org/fhir/tools/StructureDefinition/resource-information">
        <valueString value="CodeSystem"/>
      </extension>
      <reference>
        <reference value="CodeSystem/be-cs-vaccination-confirmation-status"/>
      </reference>
      <fhirVersion value="4.0.1"/>
      <name value="CodeSystem - vaccination confirmation status"/>
      <description value="The list of vaccination confirmation status"/>
      <groupingId value="vaccination"/>
    </resource>
    <resource>
      <extension url="http://hl7.org/fhir/tools/StructureDefinition/resource-information">
        <valueString value="CodeSystem"/>
      </extension>
      <reference>
        <reference value="CodeSystem/be-cs-vaccination-status-reason"/>
      </reference>
      <fhirVersion value="4.0.1"/>
      <name value="CodeSystem - vaccination status-reason"/>
      <description value="The list of vaccination status reason"/>
      <groupingId value="vaccination"/>
    </resource>
    <resource>
      <extension url="http://hl7.org/fhir/tools/StructureDefinition/resource-information">
        <valueString value="CodeSystem"/>
      </extension>
      <reference>
        <reference value="CodeSystem/be-cs-vaccination-administration-route"/>
      </reference>
      <fhirVersion value="4.0.1"/>
      <name value="CodeSystem - Vaccine Administration Route"/>
      <description value="The list of administration routes for vaccines"/>
      <groupingId value="vaccination"/>
    </resource>
    <resource>
      <extension url="http://hl7.org/fhir/tools/StructureDefinition/resource-information">
        <valueString value="ValueSet"/>
      </extension>
      <reference>
        <reference value="ValueSet/be-vs-care-location"/>
      </reference>
      <fhirVersion value="4.0.1"/>
      <name value="ValueSet - Care location"/>
      <description value="The list of Care locations"/>
      <groupingId value="vaccination"/>
    </resource>
    <resource>
      <extension url="http://hl7.org/fhir/tools/StructureDefinition/resource-information">
        <valueString value="ValueSet"/>
      </extension>
      <reference>
        <reference value="ValueSet/be-vs-vaccination-administration-route"/>
      </reference>
      <fhirVersion value="4.0.1"/>
      <name value="ValueSet - Vaccine Administration Route"/>
      <description value="The list of administration routes for vaccines"/>
      <groupingId value="vaccination"/>
    </resource>
    <resource>
      <extension url="http://hl7.org/fhir/tools/StructureDefinition/resource-information">
        <valueString value="ValueSet"/>
      </extension>
      <reference>
        <reference value="ValueSet/be-vs-vaccination-confirmation-status"/>
      </reference>
      <fhirVersion value="4.0.1"/>
      <name value="ValueSet - vaccination confirmation status"/>
      <description value="The list of vaccination confirmation status"/>
      <groupingId value="vaccination"/>
    </resource>
    <resource>
      <extension url="http://hl7.org/fhir/tools/StructureDefinition/resource-information">
        <valueString value="ValueSet"/>
      </extension>
      <reference>
        <reference value="ValueSet/be-vs-vaccination-status-reason"/>
      </reference>
      <fhirVersion value="4.0.1"/>
      <name value="ValueSet - vaccination status reason"/>
      <description value="The list of vaccination status reason"/>
      <groupingId value="vaccination"/>
    </resource>
    <resource>
      <extension url="http://hl7.org/fhir/tools/StructureDefinition/resource-information">
        <valueString value="StructureDefinition:extension"/>
      </extension>
      <reference>
        <reference value="StructureDefinition/be-ext-administeredProduct"/>
      </reference>
      <fhirVersion value="4.0.1"/>
      <name value="Extension - Administered Product"/>
      <description value="Administered Product"/>
      <groupingId value="vaccination"/>
    </resource>
    <resource>
      <extension url="http://hl7.org/fhir/tools/StructureDefinition/resource-information">
        <valueString value="StructureDefinition:extension"/>
      </extension>
      <reference>
        <reference value="StructureDefinition/be-ext-vaccination-originalorder"/>
      </reference>
      <fhirVersion value="4.0.1"/>
      <name value="Extension - Vaccination original order"/>
      <description value="Vaccination original order  (e.g. prescription)"/>
      <groupingId value="vaccination"/>
    </resource>
    <resource>
      <extension url="http://hl7.org/fhir/tools/StructureDefinition/resource-information">
        <valueString value="StructureDefinition:extension"/>
      </extension>
      <reference>
        <reference value="StructureDefinition/be-ext-recorder"/>
      </reference>
      <fhirVersion value="4.0.1"/>
      <name value="Extension - Vaccination recorder"/>
      <description value="Vaccination recorder"/>
      <groupingId value="vaccination"/>
    </resource>
    <resource>
      <extension url="http://hl7.org/fhir/tools/StructureDefinition/resource-information">
        <valueString value="StructureDefinition:extension"/>
      </extension>
      <reference>
        <reference value="StructureDefinition/be-ext-vaccination-confirmationStatus"/>
      </reference>
      <fhirVersion value="4.0.1"/>
      <name value="Extension - Vaccination confirmation status"/>
      <description value="Vaccination confirmation status"/>
      <groupingId value="vaccination"/>
    </resource>
    <resource>
      <extension url="http://hl7.org/fhir/tools/StructureDefinition/resource-information">
        <valueString value="NamingSystem"/>
      </extension>
      <reference>
        <reference value="NamingSystem/be-ns-cnk-code"/>
      </reference>
      <fhirVersion value="4.0.1"/>
      <name value="NamingSystem - CNK Code"/>
      <description value="Naming System - CNK Product Codes"/>
      <groupingId value="vaccination"/>
    </resource>
    <resource>
      <extension url="http://hl7.org/fhir/tools/StructureDefinition/resource-information">
        <valueString value="NamingSystem"/>
      </extension>
      <reference>
        <reference value="NamingSystem/be-ns-nihdi-organization"/>
      </reference>
      <fhirVersion value="4.0.1"/>
      <name value="NamingSystem - NIHDI Organization"/>
      <description value="NamingSystem - NIHDI Organization number"/>
      <groupingId value="vaccination"/>
    </resource>
    <resource>
      <extension url="http://hl7.org/fhir/tools/StructureDefinition/resource-information">
        <valueString value="NamingSystem"/>
      </extension>
      <reference>
        <reference value="NamingSystem/be-ns-nihdi-professional"/>
      </reference>
      <fhirVersion value="4.0.1"/>
      <name value="NamingSystem - NIHDI Professional"/>
      <description value="NamingSystem - NIHDI Professional numbers"/>
      <groupingId value="vaccination"/>
    </resource>
    <resource>
      <extension url="http://hl7.org/fhir/tools/StructureDefinition/resource-information">
        <valueString value="NamingSystem"/>
      </extension>
      <reference>
        <reference value="NamingSystem/be-ns-one-vaccination"/>
      </reference>
      <fhirVersion value="4.0.1"/>
      <name value="NamingSystem - ONE Vaccination Id"/>
      <description value="NamingSystem for ONE vaccination ID"/>
      <groupingId value="vaccination"/>
    </resource>
    <resource>
      <extension url="http://hl7.org/fhir/tools/StructureDefinition/resource-information">
        <valueString value="NamingSystem"/>
      </extension>
      <reference>
        <reference value="NamingSystem/be-ns-product-manufacturer"/>
      </reference>
      <fhirVersion value="4.0.1"/>
      <name value="NamingSystem - Product Manufacturer"/>
      <description value="NamingSystem - Product Manufacturer"/>
      <groupingId value="vaccination"/>
    </resource>
    <resource>
      <extension url="http://hl7.org/fhir/tools/StructureDefinition/resource-information">
        <valueString value="Immunization"/>
      </extension>
      <reference>
        <reference value="Immunization/toto-hexa1"/>
      </reference>
      <fhirVersion value="4.0.1"/>
      <name value="Toto - First hexavalent vaccination"/>
      <description value="Toto - First hexavalent vaccination"/>
      <exampleCanonical value="https://www.hl7belgium.org/fhir/StructureDefinition/be-vaccination"/>
      <groupingId value="vaccination"/>
    </resource>
    <resource>
      <extension url="http://hl7.org/fhir/tools/StructureDefinition/resource-information">
        <valueString value="Immunization"/>
      </extension>
      <reference>
        <reference value="Immunization/toto-hexa2"/>
      </reference>
      <fhirVersion value="4.0.1"/>
      <name value="Toto - 2nd hexavalent vaccination"/>
      <description value="Toto - 2nd hexavalent vaccination"/>
      <exampleCanonical value="https://www.hl7belgium.org/fhir/StructureDefinition/be-vaccination"/>
      <groupingId value="vaccination"/>
    </resource>
    <resource>
      <extension url="http://hl7.org/fhir/tools/StructureDefinition/resource-information">
        <valueString value="Immunization"/>
      </extension>
      <reference>
        <reference value="Immunization/toto-hexa3"/>
      </reference>
      <fhirVersion value="4.0.1"/>
      <name value="Toto - 3rd hexavalent vaccination"/>
      <description value="Toto - 3rd hexavalent vaccination"/>
      <exampleCanonical value="https://www.hl7belgium.org/fhir/StructureDefinition/be-vaccination"/>
      <groupingId value="vaccination"/>
    </resource>
    <resource>
      <extension url="http://hl7.org/fhir/tools/StructureDefinition/resource-information">
        <valueString value="Immunization"/>
      </extension>
      <reference>
        <reference value="Immunization/toto-hexa4-skipped"/>
      </reference>
      <fhirVersion value="4.0.1"/>
      <name value="Toto - 4th hexavalent vaccination - skipped (fever)"/>
      <description value="Toto - 4th hexavalent vaccination - skipped (fever)"/>
      <exampleCanonical value="https://www.hl7belgium.org/fhir/StructureDefinition/be-vaccination"/>
      <groupingId value="vaccination"/>
    </resource>
    <resource>
      <extension url="http://hl7.org/fhir/tools/StructureDefinition/resource-information">
        <valueString value="Immunization"/>
      </extension>
      <reference>
        <reference value="Immunization/toto-hexa4-swelling"/>
      </reference>
      <fhirVersion value="4.0.1"/>
      <name value="Toto - 4th hexavalent vaccination"/>
      <description value="Toto - 4th hexavalent vaccination"/>
      <exampleCanonical value="https://www.hl7belgium.org/fhir/StructureDefinition/be-vaccination"/>
      <groupingId value="vaccination"/>
    </resource>
    <resource>
      <extension url="http://hl7.org/fhir/tools/StructureDefinition/resource-information">
        <valueString value="Immunization"/>
      </extension>
      <reference>
        <reference value="Immunization/juan-hexa1-reported"/>
      </reference>
      <fhirVersion value="4.0.1"/>
      <name value="Juan - 1st hexa (reported)"/>
      <description value="Juan - 1st hexa (reported)"/>
      <exampleCanonical value="https://www.hl7belgium.org/fhir/StructureDefinition/be-vaccination"/>
      <groupingId value="vaccination"/>
    </resource>
    <resource>
      <extension url="http://hl7.org/fhir/tools/StructureDefinition/resource-information">
        <valueString value="Immunization"/>
      </extension>
      <reference>
        <reference value="Immunization/juan-hexa2-reported-hospital"/>
      </reference>
      <fhirVersion value="4.0.1"/>
      <name value="Juan - 2nd hexa (hospital)"/>
      <description value="Juan - 2nd hexa (hospital)"/>
      <exampleCanonical value="https://www.hl7belgium.org/fhir/StructureDefinition/be-vaccination"/>
      <groupingId value="vaccination"/>
    </resource>
    <resource>
      <extension url="http://hl7.org/fhir/tools/StructureDefinition/resource-information">
        <valueString value="Immunization"/>
      </extension>
      <reference>
        <reference value="Immunization/juan-hexa3-skipped"/>
      </reference>
      <fhirVersion value="4.0.1"/>
      <name value="Juan - 3rd hexa (not done)"/>
      <description value="Juan - 3rd hexa (not done)"/>
      <exampleCanonical value="https://www.hl7belgium.org/fhir/StructureDefinition/be-vaccination"/>
      <groupingId value="vaccination"/>
    </resource>
    <resource>
      <extension url="http://hl7.org/fhir/tools/StructureDefinition/resource-information">
        <valueString value="Immunization"/>
      </extension>
      <reference>
        <reference value="Immunization/juan-hexa4"/>
      </reference>
      <fhirVersion value="4.0.1"/>
      <name value="Juan - 3rd hexa (effective)"/>
      <description value="Juan - 3rd hexa (effective)"/>
      <exampleCanonical value="https://www.hl7belgium.org/fhir/StructureDefinition/be-vaccination"/>
      <groupingId value="vaccination"/>
    </resource>
    <resource>
      <extension url="http://hl7.org/fhir/tools/StructureDefinition/resource-information">
        <valueString value="Immunization"/>
      </extension>
      <reference>
        <reference value="Immunization/eva-hpv1-school"/>
      </reference>
      <fhirVersion value="4.0.1"/>
      <name value="Eva - HPV 1st dose"/>
      <description value="Eva - HPV 1st dose"/>
      <exampleCanonical value="https://www.hl7belgium.org/fhir/StructureDefinition/be-vaccination"/>
      <groupingId value="vaccination"/>
    </resource>
    <resource>
      <extension url="http://hl7.org/fhir/tools/StructureDefinition/resource-information">
        <valueString value="Immunization"/>
      </extension>
      <reference>
        <reference value="Immunization/eva-hpv2-school"/>
      </reference>
      <fhirVersion value="4.0.1"/>
      <name value="Eva - HPV 2nd dose"/>
      <description value="Eva - HPV 2nd dose"/>
      <exampleCanonical value="https://www.hl7belgium.org/fhir/StructureDefinition/be-vaccination"/>
      <groupingId value="vaccination"/>
    </resource>
    <resource>
      <extension url="http://hl7.org/fhir/tools/StructureDefinition/resource-information">
        <valueString value="Immunization"/>
      </extension>
      <reference>
        <reference value="Immunization/julia-refuse-hpv"/>
      </reference>
      <fhirVersion value="4.0.1"/>
      <name value="Julia - refuse HPV"/>
      <description value="Julia - refuse HPV"/>
      <exampleCanonical value="https://www.hl7belgium.org/fhir/StructureDefinition/be-vaccination"/>
      <groupingId value="vaccination"/>
    </resource>
    <resource>
      <extension url="http://hl7.org/fhir/tools/StructureDefinition/resource-information">
        <valueString value="ImmunizationRecommendation"/>
      </extension>
      <reference>
        <reference value="ImmunizationRecommendation/order-gabriel-flu"/>
      </reference>
      <fhirVersion value="4.0.1"/>
      <name value="Gabriel - Flu vaccine prescription"/>
      <description value="Gabriel - flu vacccine prescription"/>
      <groupingId value="vaccination"/>
    </resource>
    <resource>
      <extension url="http://hl7.org/fhir/tools/StructureDefinition/resource-information">
        <valueString value="ImmunizationRecommendation"/>
      </extension>
      <reference>
        <reference value="ImmunizationRecommendation/order-simon-hpv"/>
      </reference>
      <fhirVersion value="4.0.1"/>
      <name value="Simon - HPV vaccine prescription"/>
      <description value="Simon - HPV vacccine prescription"/>
      <groupingId value="vaccination"/>
    </resource>
    <resource>
      <extension url="http://hl7.org/fhir/tools/StructureDefinition/resource-information">
        <valueString value="Observation"/>
      </extension>
      <reference>
        <reference value="Observation/erythema"/>
      </reference>
      <fhirVersion value="4.0.1"/>
      <name value="Toto reaction - erythema"/>
      <description value="Toto - example of reaction (erythema)"/>
      <groupingId value="vaccination"/>
    </resource>
    <resource>
      <extension url="http://hl7.org/fhir/tools/StructureDefinition/resource-information">
        <valueString value="Observation"/>
      </extension>
      <reference>
        <reference value="Observation/fever"/>
      </reference>
      <fhirVersion value="4.0.1"/>
      <name value="Toto finding - fever"/>
      <description value="Toto - example of finding that prevents vaccination (fever)"/>
      <groupingId value="vaccination"/>
    </resource>
    <resource>
      <extension url="http://hl7.org/fhir/tools/StructureDefinition/resource-information">
        <valueString value="Immunization"/>
      </extension>
      <reference>
        <reference value="Immunization/simon-hpv-at-work"/>
      </reference>
      <fhirVersion value="4.0.1"/>
      <name value="Simon HPV - work"/>
      <description value="Simon HPV - work"/>
      <exampleCanonical value="https://www.hl7belgium.org/fhir/StructureDefinition/be-vaccination"/>
      <groupingId value="vaccination"/>
    </resource>
    <resource>
      <extension url="http://hl7.org/fhir/tools/StructureDefinition/resource-information">
        <valueString value="ImmunizationRecommendation"/>
      </extension>
      <reference>
        <reference value="ImmunizationRecommendation/aymeric-rota"/>
      </reference>
      <fhirVersion value="4.0.1"/>
      <name value="Aymeric - rotavirus prescription"/>
      <description value="Aymeric - rotavirus prescription"/>
      <groupingId value="vaccination"/>
    </resource>
    <resource>
      <extension url="http://hl7.org/fhir/tools/StructureDefinition/resource-information">
        <valueString value="Immunization"/>
      </extension>
      <reference>
        <reference value="Immunization/aymeric-rota1"/>
      </reference>
      <fhirVersion value="4.0.1"/>
      <name value="Aymeric - rotavirus 1st dose"/>
      <description value="Aymeric - rotavirus 1st dose"/>
      <exampleCanonical value="https://www.hl7belgium.org/fhir/StructureDefinition/be-vaccination"/>
      <groupingId value="vaccination"/>
    </resource>
    <resource>
      <extension url="http://hl7.org/fhir/tools/StructureDefinition/resource-information">
        <valueString value="Immunization"/>
      </extension>
      <reference>
        <reference value="Immunization/aymeric-rota2"/>
      </reference>
      <fhirVersion value="4.0.1"/>
      <name value="Aymeric - rotavirus 2nd dose"/>
      <description value="Aymeric - rotavirus 2nd dose"/>
      <exampleCanonical value="https://www.hl7belgium.org/fhir/StructureDefinition/be-vaccination"/>
      <groupingId value="vaccination"/>
    </resource>
    <resource>
      <extension url="http://hl7.org/fhir/tools/StructureDefinition/resource-information">
        <valueString value="Immunization"/>
      </extension>
      <reference>
        <reference value="Immunization/aymeric-rota3"/>
      </reference>
      <fhirVersion value="4.0.1"/>
      <name value="Aymeric - rotavirus 3rd dose"/>
      <description value="Aymeric - rotavirus 3rd dose"/>
      <exampleCanonical value="https://www.hl7belgium.org/fhir/StructureDefinition/be-vaccination"/>
      <groupingId value="vaccination"/>
    </resource>
    <resource>
      <extension url="http://hl7.org/fhir/tools/StructureDefinition/resource-information">
        <valueString value="Immunization"/>
      </extension>
      <reference>
        <reference value="Immunization/gabriel-flu"/>
      </reference>
      <fhirVersion value="4.0.1"/>
      <name value="Gabriel - influenza vaccine"/>
      <description value="Gabriel - influenza vaccine"/>
      <exampleCanonical value="https://www.hl7belgium.org/fhir/StructureDefinition/be-vaccination"/>
      <groupingId value="vaccination"/>
    </resource>
    <resource>
      <extension url="http://hl7.org/fhir/tools/StructureDefinition/resource-information">
        <valueString value="Observation"/>
      </extension>
      <reference>
        <reference value="Observation/observation-swelling"/>
      </reference>
      <fhirVersion value="4.0.1"/>
      <name value="Observation - swelling reaction"/>
      <description value="Observation - swelling reaction"/>
      <groupingId value="vaccination"/>
    </resource>
    <resource>
      <extension url="http://hl7.org/fhir/tools/StructureDefinition/resource-information">
        <valueString value="StructureDefinition:logical"/>
      </extension>
      <reference>
        <reference value="StructureDefinition/be-model-problem"/>
      </reference>
      <fhirVersion value="4.0.1"/>
      <name value="Logical Model Problem"/>
      <description value="Problem logical model"/>
      <groupingId value="problem"/>
    </resource>
    <resource>
      <extension url="http://hl7.org/fhir/tools/StructureDefinition/resource-information">
        <valueString value="StructureDefinition:resource"/>
      </extension>
      <reference>
        <reference value="StructureDefinition/be-problem"/>
      </reference>
      <fhirVersion value="4.0.1"/>
      <name value="Problem core BE profile"/>
      <description value="The Core BE profile for Problem"/>
      <groupingId value="problem"/>
    </resource>
    <resource>
      <extension url="http://hl7.org/fhir/tools/StructureDefinition/resource-information">
        <valueString value="StructureDefinition:extension"/>
      </extension>
      <reference>
        <reference value="StructureDefinition/be-ext-laterality"/>
      </reference>
      <fhirVersion value="4.0.1"/>
      <name value="Laterality extension"/>
      <description value="Laterality"/>
      <groupingId value="problem"/>
    </resource>
    <resource>
      <extension url="http://hl7.org/fhir/tools/StructureDefinition/resource-information">
        <valueString value="StructureDefinition:extension"/>
      </extension>
      <reference>
        <reference value="StructureDefinition/be-ext-problem-origin-type"/>
      </reference>
      <fhirVersion value="4.0.1"/>
      <name value="Extension - Problem origin type"/>
      <description value="Extension for Problem origin type"/>
      <groupingId value="problem"/>
    </resource>
    <resource>
      <extension url="http://hl7.org/fhir/tools/StructureDefinition/resource-information">
        <valueString value="ValueSet"/>
      </extension>
      <reference>
        <reference value="ValueSet/be-vs-problem-origin-type"/>
      </reference>
      <fhirVersion value="4.0.1"/>
      <name value="ValueSet - Problem origin type"/>
      <description value="Set of values for problem origin type"/>
      <groupingId value="problem"/>
    </resource>
    <resource>
      <extension url="http://hl7.org/fhir/tools/StructureDefinition/resource-information">
        <valueString value="CodeSystem"/>
      </extension>
      <reference>
        <reference value="CodeSystem/be-cs-problem-origin-type"/>
      </reference>
      <fhirVersion value="4.0.1"/>
      <name value="CodeSystem - Problem origin type"/>
      <description value="Codes for Problem origin type"/>
      <groupingId value="problem"/>
    </resource>
    <resource>
      <extension url="http://hl7.org/fhir/tools/StructureDefinition/resource-information">
        <valueString value="CodeSystem"/>
      </extension>
      <reference>
        <reference value="CodeSystem/be-cs-problem-category"/>
      </reference>
      <fhirVersion value="4.0.1"/>
      <name value="Code System Problem Category"/>
      <description value="Code System Problem Category"/>
      <groupingId value="problem"/>
    </resource>
    <resource>
      <extension url="http://hl7.org/fhir/tools/StructureDefinition/resource-information">
        <valueString value="ValueSet"/>
      </extension>
      <reference>
        <reference value="ValueSet/be-vs-problem-category"/>
      </reference>
      <fhirVersion value="4.0.1"/>
      <name value="Value Set Problem Category"/>
      <description value="Value Set Problem Category"/>
      <groupingId value="problem"/>
    </resource>
    <resource>
      <extension url="http://hl7.org/fhir/tools/StructureDefinition/resource-information">
        <valueString value="ValueSet"/>
      </extension>
      <reference>
        <reference value="ValueSet/be-vs-problem-code"/>
      </reference>
      <fhirVersion value="4.0.1"/>
      <name value="Problem Codes Value Set"/>
      <description value="Problem Code Value Set"/>
      <groupingId value="problem"/>
    </resource>
    <resource>
      <extension url="http://hl7.org/fhir/tools/StructureDefinition/resource-information">
        <valueString value="ValueSet"/>
      </extension>
      <reference>
        <reference value="ValueSet/be-vs-laterality"/>
      </reference>
      <fhirVersion value="4.0.1"/>
      <name value="Value Set Laterality"/>
      <description value="Value Set Laterality"/>
      <groupingId value="problem"/>
    </resource>
    <resource>
      <extension url="http://hl7.org/fhir/tools/StructureDefinition/resource-information">
        <valueString value="CodeSystem"/>
      </extension>
      <reference>
        <reference value="CodeSystem/be-cs-bodysite"/>
      </reference>
      <fhirVersion value="4.0.1"/>
      <name value="Code System Body Site"/>
      <description value="Code System Body Site"/>
      <groupingId value="problem"/>
    </resource>
    <resource>
      <extension url="http://hl7.org/fhir/tools/StructureDefinition/resource-information">
        <valueString value="ValueSet"/>
      </extension>
      <reference>
        <reference value="ValueSet/be-vs-bodysite"/>
      </reference>
      <fhirVersion value="4.0.1"/>
      <name value="Value Set Body Site"/>
      <description value="Value Set Body Site"/>
      <groupingId value="problem"/>
    </resource>
    <resource>
      <extension url="http://hl7.org/fhir/tools/StructureDefinition/resource-information">
        <valueString value="StructureDefinition:resource"/>
      </extension>
      <reference>
        <reference value="StructureDefinition/be-allergyintolerance"/>
      </reference>
      <fhirVersion value="4.0.1"/>
      <name value="AllergyIntolerance"/>
      <description value="Allergy Intolerance profile"/>
      <groupingId value="allergyintolerance"/>
    </resource>
    <resource>
      <extension url="http://hl7.org/fhir/tools/StructureDefinition/resource-information">
        <valueString value="Practitioner"/>
      </extension>
      <reference>
        <reference value="Practitioner/durant"/>
      </reference>
      <fhirVersion value="4.0.1"/>
      <name value="Example Practitioner - Dr Durant (GP)"/>
      <description value="Dr. Paul Durant (GP)"/>
      <exampleBoolean value="true"/>
      <groupingId value="allergyintolerance"/>
    </resource>
    <resource>
      <extension url="http://hl7.org/fhir/tools/StructureDefinition/resource-information">
        <valueString value="Practitioner"/>
      </extension>
      <reference>
        <reference value="Practitioner/lenoir"/>
      </reference>
      <fhirVersion value="4.0.1"/>
      <name value="Example practitioner - Dr Lenoir"/>
      <description value="Lr Fran&#xE7;ois Lenoir"/>
      <exampleBoolean value="true"/>
      <groupingId value="allergyintolerance"/>
    </resource>
    <resource>
      <extension url="http://hl7.org/fhir/tools/StructureDefinition/resource-information">
        <valueString value="Patient"/>
      </extension>
      <reference>
        <reference value="Patient/noel"/>
      </reference>
      <fhirVersion value="4.0.1"/>
      <name value="Example Patient - Noel Joyeux"/>
      <description value="Patient Noel Joyeux"/>
      <exampleBoolean value="true"/>
      <groupingId value="allergyintolerance"/>
    </resource>
    <resource>
      <extension url="http://hl7.org/fhir/tools/StructureDefinition/resource-information">
        <valueString value="AllergyIntolerance"/>
      </extension>
      <reference>
        <reference value="AllergyIntolerance/noel-allergy.v0"/>
      </reference>
      <fhirVersion value="4.0.1"/>
      <name value="Example - Suspected Allergy"/>
      <description value="Suspected Allergy to Penicillin"/>
      <exampleCanonical value="https://www.hl7belgium.org/fhir/StructureDefinition/be-allergyintolerance"/>
      <groupingId value="allergyintolerance"/>
    </resource>
    <resource>
      <extension url="http://hl7.org/fhir/tools/StructureDefinition/resource-information">
        <valueString value="AllergyIntolerance"/>
      </extension>
      <reference>
        <reference value="AllergyIntolerance/noel-allergy.v1"/>
      </reference>
      <fhirVersion value="4.0.1"/>
      <name value="Example - Refuted Allergy"/>
      <description value="Allergy has been refuted - confirmed as non-existent"/>
      <exampleCanonical value="https://www.hl7belgium.org/fhir/StructureDefinition/be-allergyintolerance"/>
      <groupingId value="allergyintolerance"/>
    </resource>
    <resource>
      <extension url="http://hl7.org/fhir/tools/StructureDefinition/resource-information">
        <valueString value="AllergyIntolerance"/>
      </extension>
      <reference>
        <reference value="AllergyIntolerance/allergyintolerance1"/>
      </reference>
      <fhirVersion value="4.0.1"/>
      <name value="Example - Allergy 1 - peanut allergy"/>
      <description value="Allergy to peanut"/>
      <exampleCanonical value="https://www.hl7belgium.org/fhir/StructureDefinition/be-allergyintolerance"/>
      <groupingId value="allergyintolerance"/>
    </resource>
    <resource>
      <extension url="http://hl7.org/fhir/tools/StructureDefinition/resource-information">
        <valueString value="AllergyIntolerance"/>
      </extension>
      <reference>
        <reference value="AllergyIntolerance/allergyintolerance2"/>
      </reference>
      <fhirVersion value="4.0.1"/>
      <name value="Example - Allergy 2 - Pollen allergy"/>
      <description value="Allergy to pollen"/>
      <exampleCanonical value="https://www.hl7belgium.org/fhir/StructureDefinition/be-allergyintolerance"/>
      <groupingId value="allergyintolerance"/>
    </resource>
    <resource>
      <extension url="http://hl7.org/fhir/tools/StructureDefinition/resource-information">
        <valueString value="ExampleScenario"/>
      </extension>
      <reference>
        <reference value="ExampleScenario/scenario-allergy"/>
      </reference>
      <fhirVersion value="4.0.1"/>
      <name value="ExampleScenario - Suspected Allergy"/>
      <description value="Suspected Allergy, then refuted"/>
      <groupingId value="allergyintolerance"/>
    </resource>
    <resource>
      <extension url="http://hl7.org/fhir/tools/StructureDefinition/resource-information">
        <valueString value="ExampleScenario"/>
      </extension>
      <reference>
        <reference value="ExampleScenario/scenario-lab-ordering"/>
      </reference>
      <fhirVersion value="4.0.1"/>
      <name value="ExampleScenario - Laboratory Ordering Workflow"/>
      <description value="Lab Order Placed and Results Submitted"/>
    </resource>
    <resource>
      <extension url="http://hl7.org/fhir/tools/StructureDefinition/resource-information">
        <valueString value="StructureDefinition:logical"/>
      </extension>
      <reference>
        <reference value="StructureDefinition/be-model-scoreresult"/>
      </reference>
      <fhirVersion value="4.0.1"/>
      <name value="Score Result Logical Model"/>
      <description value="Score Result Logical Model"/>
      <groupingId value="scoreresults"/>
    </resource>
    <resource>
      <extension url="http://hl7.org/fhir/tools/StructureDefinition/resource-information">
        <valueString value="StructureDefinition:resource"/>
      </extension>
      <reference>
        <reference value="StructureDefinition/be-scoreresult"/>
      </reference>
      <fhirVersion value="4.0.1"/>
      <name value="Score Result Profile"/>
      <description value="Score Result Observation profile"/>
      <groupingId value="scoreresults"/>
    </resource>
    <resource>
      <extension url="http://hl7.org/fhir/tools/StructureDefinition/resource-information">
        <valueString value="Observation"/>
      </extension>
      <reference>
        <reference value="Observation/example-findRisc-screeningScoreResult"/>
      </reference>
      <fhirVersion value="4.0.1"/>
      <name value="Example - FINDRISC score result"/>
      <description value="FIDNRISC score result example, obtained from a QuestionnaireResponse"/>
      <exampleCanonical value="https://www.hl7belgium.org/fhir/StructureDefinition/be-scoreresult"/>
      <groupingId value="scoreresults"/>
    </resource>
    <resource>
      <extension url="http://hl7.org/fhir/tools/StructureDefinition/resource-information">
        <valueString value="CodeSystem"/>
      </extension>
      <reference>
        <reference value="CodeSystem/be-cs-score"/>
      </reference>
      <fhirVersion value="4.0.1"/>
      <name value="Score Result Code system"/>
      <description value="Score Result codes"/>
      <groupingId value="scoreresults"/>
    </resource>
    <resource>
      <extension url="http://hl7.org/fhir/tools/StructureDefinition/resource-information">
        <valueString value="CodeSystem"/>
      </extension>
      <reference>
        <reference value="CodeSystem/be-cs-score-category"/>
      </reference>
      <fhirVersion value="4.0.1"/>
      <name value="Score Result Category Code system"/>
      <description value="Score Result Category"/>
      <groupingId value="scoreresults"/>
    </resource>
    <resource>
      <extension url="http://hl7.org/fhir/tools/StructureDefinition/resource-information">
        <valueString value="ValueSet"/>
      </extension>
      <reference>
        <reference value="ValueSet/be-vs-score"/>
      </reference>
      <fhirVersion value="4.0.1"/>
      <name value="Score Result Value Set"/>
      <description value="Score Result value set"/>
      <groupingId value="scoreresults"/>
    </resource>
    <resource>
      <extension url="http://hl7.org/fhir/tools/StructureDefinition/resource-information">
        <valueString value="ValueSet"/>
      </extension>
      <reference>
        <reference value="ValueSet/be-vs-scorecategory"/>
      </reference>
      <fhirVersion value="4.0.1"/>
      <name value="Score Category Value Set"/>
      <description value="Score Category value set"/>
      <groupingId value="scoreresults"/>
    </resource>
    <resource>
      <extension url="http://hl7.org/fhir/tools/StructureDefinition/resource-information">
        <valueString value="StructureDefinition:logical"/>
      </extension>
      <reference>
        <reference value="StructureDefinition/be-model-referralprescription"/>
      </reference>
      <fhirVersion value="4.0.1"/>
      <name value="Logical Model Referral Prescription"/>
      <description value="Referral Prescription logical model"/>
      <groupingId value="referral"/>
    </resource>
    <resource>
      <extension url="http://hl7.org/fhir/tools/StructureDefinition/resource-information">
        <valueString value="StructureDefinition:resource"/>
      </extension>
      <reference>
        <reference value="StructureDefinition/be-patient"/>
      </reference>
      <description value="Belgian federal profile for a patient. Initially based on the functional description of the NIHDI. Special remarks for KMEHR users: following elements in KMEHR are not available in this FHIR resource. If needed, an extension can be defined in a future iteration of these specifications: the &#39;deathlocation&#39; (location is not available but the death of the patient is expressed by either date or Boolean cfr. infra.), the &#39;insurancystatus&#39; (covered in a seperate FHIR resource: Coverage), &#39;insurancymembership&#39; (covered in a seperate FHIR resource: Coverage) and &#39;profession&#39; (covered in a possible future FHIR resource: OccupationalData.)"/>
    </resource>
    <resource>
      <extension url="http://hl7.org/fhir/tools/StructureDefinition/resource-information">
        <valueString value="StructureDefinition:resource"/>
      </extension>
      <reference>
        <reference value="StructureDefinition/be-practitioner"/>
      </reference>
      <name value="BePractitioner"/>
    </resource>
    <resource>
      <extension url="http://hl7.org/fhir/tools/StructureDefinition/resource-information">
        <valueString value="StructureDefinition:resource"/>
      </extension>
      <reference>
        <reference value="StructureDefinition/be-practitionerrole"/>
      </reference>
      <name value="BePractitionerRole"/>
    </resource>
    <resource>
      <extension url="http://hl7.org/fhir/tools/StructureDefinition/resource-information">
        <valueString value="StructureDefinition:resource"/>
      </extension>
      <reference>
        <reference value="StructureDefinition/be-organization"/>
      </reference>
      <description value="Belgian federal profile for an organization. Initially based on the functional description of the NIHDI."/>
    </resource>
    <resource>
      <extension url="http://hl7.org/fhir/tools/StructureDefinition/resource-information">
        <valueString value="StructureDefinition:complex-type"/>
      </extension>
      <reference>
        <reference value="StructureDefinition/be-address"/>
      </reference>
      <description value="Belgain federal profile on address, to provide the possibility in the &#39;line&#39; element to provide a seperate streetname, housenumber and postal box. It is always RECOMMENDED to give these elements seperately."/>
    </resource>
    <resource>
      <extension url="http://hl7.org/fhir/tools/StructureDefinition/resource-information">
        <valueString value="Immunization"/>
      </extension>
      <reference>
        <reference value="Immunization/immunization-example-not-given-contraindication"/>
      </reference>
      <name value="Example Immunization - immunization-example-not-given-contraindication"/>
      <exampleCanonical value="https://www.hl7belgium.org/fhir/StructureDefinition/be-vaccination"/>
    </resource>
    <resource>
      <extension url="http://hl7.org/fhir/tools/StructureDefinition/resource-information">
        <valueString value="Immunization"/>
      </extension>
      <reference>
        <reference value="Immunization/iex1"/>
      </reference>
      <name value="Example Immunization - iex1"/>
      <exampleCanonical value="https://www.hl7belgium.org/fhir/StructureDefinition/be-vaccination"/>
    </resource>
    <resource>
      <extension url="http://hl7.org/fhir/tools/StructureDefinition/resource-information">
        <valueString value="StructureDefinition:extension"/>
      </extension>
      <reference>
        <reference value="StructureDefinition/be-ext-inform-party"/>
      </reference>
      <name value="BeInformParty"/>
      <description value="Extra parties that need to be informed of the outcome, besides the prescriber."/>
    </resource>
    <resource>
      <extension url="http://hl7.org/fhir/tools/StructureDefinition/resource-information">
        <valueString value="Immunization"/>
      </extension>
      <reference>
        <reference value="Immunization/covid-jan-2-discarded"/>
      </reference>
      <name value="Example Immunization - covid-jan-2-discarded"/>
      <exampleCanonical value="https://www.hl7belgium.org/fhir/StructureDefinition/be-vaccination"/>
    </resource>
    <resource>
      <extension url="http://hl7.org/fhir/tools/StructureDefinition/resource-information">
        <valueString value="Questionnaire"/>
      </extension>
      <reference>
        <reference value="Questionnaire/mna-questionnaire"/>
      </reference>
      <name value="Mini Nutritional Assessment Questionnaire"/>
    </resource>
    <resource>
      <extension url="http://hl7.org/fhir/tools/StructureDefinition/resource-information">
        <valueString value="AllergyIntolerance"/>
      </extension>
      <reference>
        <reference value="AllergyIntolerance/allergyintolerance-encounterReference"/>
      </reference>
      <name value="Example AllergyIntolerance - allergyintolerance-encounterReference"/>
      <exampleCanonical value="https://www.hl7belgium.org/fhir/StructureDefinition/be-allergyintolerance"/>
    </resource>
    <resource>
      <extension url="http://hl7.org/fhir/tools/StructureDefinition/resource-information">
        <valueString value="Encounter"/>
      </extension>
      <reference>
        <reference value="Encounter/example-encounter-uzgent-contained"/>
      </reference>
    </resource>
    <resource>
      <extension url="http://hl7.org/fhir/tools/StructureDefinition/resource-information">
        <valueString value="CodeSystem"/>
      </extension>
      <reference>
        <reference value="CodeSystem/cs-mkatz"/>
      </reference>
      <name value="CodeSystem Modified Katz assessment scale"/>
      <description value="CodeSystem Modified Katz assessment scale for independent living."/>
    </resource>
    <resource>
      <extension url="http://hl7.org/fhir/tools/StructureDefinition/resource-information">
        <valueString value="Immunization"/>
      </extension>
      <reference>
        <reference value="Immunization/immunization-example-reaction-swelling"/>
      </reference>
      <name value="Example Immunization - immunization-example-reaction-swelling"/>
      <exampleCanonical value="https://www.hl7belgium.org/fhir/StructureDefinition/be-vaccination"/>
    </resource>
    <resource>
      <extension url="http://hl7.org/fhir/tools/StructureDefinition/resource-information">
        <valueString value="Organization"/>
      </extension>
      <reference>
        <reference value="Organization/org-kind-en-gezin"/>
      </reference>
    </resource>
    <resource>
      <extension url="http://hl7.org/fhir/tools/StructureDefinition/resource-information">
        <valueString value="Immunization"/>
      </extension>
      <reference>
        <reference value="Immunization/immunization-example-prescribed-vaccination"/>
      </reference>
      <name value="Example Immunization - immunization-example-prescribed-vaccination"/>
      <exampleCanonical value="https://www.hl7belgium.org/fhir/StructureDefinition/be-vaccination"/>
    </resource>
    <resource>
      <extension url="http://hl7.org/fhir/tools/StructureDefinition/resource-information">
        <valueString value="Immunization"/>
      </extension>
      <reference>
        <reference value="Immunization/immunization-example-1-hpv"/>
      </reference>
      <name value="Example Immunization - immunization-example-1-hpv"/>
      <exampleCanonical value="https://www.hl7belgium.org/fhir/StructureDefinition/be-vaccination"/>
    </resource>
    <resource>
      <extension url="http://hl7.org/fhir/tools/StructureDefinition/resource-information">
        <valueString value="ValueSet"/>
      </extension>
      <reference>
        <reference value="ValueSet/be-referral-category"/>
      </reference>
      <description value="Codes to define the high level category for a referral prescription. SNOMED-CT codes in this valueset are just a draft proposal to give a general idea - pending an official valueset."/>
    </resource>
    <resource>
      <extension url="http://hl7.org/fhir/tools/StructureDefinition/resource-information">
        <valueString value="Immunization"/>
      </extension>
      <reference>
        <reference value="Immunization/immunization-example-tetanus-cautious-reinforcement"/>
      </reference>
      <name value="Example Immunization - immunization-example-tetanus-cautious-reinforcement"/>
      <exampleCanonical value="https://www.hl7belgium.org/fhir/StructureDefinition/be-vaccination"/>
    </resource>
    <resource>
      <extension url="http://hl7.org/fhir/tools/StructureDefinition/resource-information">
        <valueString value="Immunization"/>
      </extension>
      <reference>
        <reference value="Immunization/immunization-example-mistaken-entry"/>
      </reference>
      <name value="Example Immunization - immunization-example-mistaken-entry"/>
      <exampleCanonical value="https://www.hl7belgium.org/fhir/StructureDefinition/be-vaccination"/>
    </resource>
    <resource>
      <extension url="http://hl7.org/fhir/tools/StructureDefinition/resource-information">
        <valueString value="Immunization"/>
      </extension>
      <reference>
        <reference value="Immunization/immunization-example-mistaken-entry-update"/>
      </reference>
      <name value="Example Immunization - immunization-example-mistaken-entry-update"/>
      <exampleCanonical value="https://www.hl7belgium.org/fhir/StructureDefinition/be-vaccination"/>
    </resource>
    <resource>
      <extension url="http://hl7.org/fhir/tools/StructureDefinition/resource-information">
        <valueString value="Immunization"/>
      </extension>
      <reference>
        <reference value="Immunization/iex3"/>
      </reference>
      <name value="Example Immunization - iex3"/>
      <exampleCanonical value="https://www.hl7belgium.org/fhir/StructureDefinition/be-vaccination"/>
    </resource>
    <resource>
      <extension url="http://hl7.org/fhir/tools/StructureDefinition/resource-information">
        <valueString value="ValueSet"/>
      </extension>
      <reference>
        <reference value="ValueSet/be-reason-referral-status"/>
      </reference>
      <description value="Codes to explain the current status of a referral prescription."/>
    </resource>
    <resource>
      <extension url="http://hl7.org/fhir/tools/StructureDefinition/resource-information">
        <valueString value="Immunization"/>
      </extension>
      <reference>
        <reference value="Immunization/covid-jan-1"/>
      </reference>
      <name value="Example Immunization - covid-jan-1"/>
      <exampleCanonical value="https://www.hl7belgium.org/fhir/StructureDefinition/be-vaccination"/>
    </resource>
    <resource>
      <extension url="http://hl7.org/fhir/tools/StructureDefinition/resource-information">
        <valueString value="Questionnaire"/>
      </extension>
      <reference>
        <reference value="Questionnaire/mkatz-questionnaire"/>
      </reference>
      <name value="Modified Katz scale evaluation Questionnaire"/>
    </resource>
    <resource>
      <extension url="http://hl7.org/fhir/tools/StructureDefinition/resource-information">
        <valueString value="StructureDefinition:resource"/>
      </extension>
      <reference>
        <reference value="StructureDefinition/be-referralprescription"/>
      </reference>
      <description value="The common structure for referral prescription."/>
    </resource>
    <resource>
      <extension url="http://hl7.org/fhir/tools/StructureDefinition/resource-information">
        <valueString value="AllergyIntolerance"/>
      </extension>
      <reference>
        <reference value="AllergyIntolerance/allergyintolerance-encounterReference-contained"/>
      </reference>
      <name value="Example AllergyIntolerance - allergyintolerance-encounterReference-contained"/>
      <exampleCanonical value="https://www.hl7belgium.org/fhir/StructureDefinition/be-allergyintolerance"/>
    </resource>
    <resource>
      <extension url="http://hl7.org/fhir/tools/StructureDefinition/resource-information">
        <valueString value="Immunization"/>
      </extension>
      <reference>
        <reference value="Immunization/immunization-example-not-given-refusal"/>
      </reference>
      <name value="Example Immunization - immunization-example-not-given-refusal"/>
      <exampleCanonical value="https://www.hl7belgium.org/fhir/StructureDefinition/be-vaccination"/>
    </resource>
    <resource>
      <extension url="http://hl7.org/fhir/tools/StructureDefinition/resource-information">
        <valueString value="Immunization"/>
      </extension>
      <reference>
        <reference value="Immunization/immunization-example-not-given-stock"/>
      </reference>
      <name value="Example Immunization - immunization-example-not-given-stock"/>
      <exampleCanonical value="https://www.hl7belgium.org/fhir/StructureDefinition/be-vaccination"/>
    </resource>
    <resource>
      <extension url="http://hl7.org/fhir/tools/StructureDefinition/resource-information">
        <valueString value="StructureDefinition:resource"/>
      </extension>
      <reference>
        <reference value="StructureDefinition/be-measure"/>
      </reference>
      <name value="BeMEasure"/>
      <description value="A record of an observation made by the patient or a professional, with or without a measurement device. This is the preferred profile to be used in specified cases like glucose monitoring, BMI, etc.&#xA;The list of cases that are supported by this profile (and for which this profile is preferred) is evolving, but for those cases that are included, this profile should be used, instead of a generic Observation."/>
    </resource>
    <resource>
      <extension url="http://hl7.org/fhir/tools/StructureDefinition/resource-information">
        <valueString value="Immunization"/>
      </extension>
      <reference>
        <reference value="Immunization/immunization-example-childhood-measles"/>
      </reference>
      <name value="Example Immunization - immunization-example-childhood-measles"/>
      <exampleCanonical value="https://www.hl7belgium.org/fhir/StructureDefinition/be-vaccination"/>
    </resource>
    <resource>
      <extension url="http://hl7.org/fhir/tools/StructureDefinition/resource-information">
        <valueString value="Immunization"/>
      </extension>
      <reference>
        <reference value="Immunization/covid-jan-3"/>
      </reference>
      <name value="Example Immunization - covid-jan-3"/>
      <exampleCanonical value="https://www.hl7belgium.org/fhir/StructureDefinition/be-vaccination"/>
    </resource>
    <resource>
      <extension url="http://hl7.org/fhir/tools/StructureDefinition/resource-information">
        <valueString value="Encounter"/>
      </extension>
      <reference>
        <reference value="Encounter/example-encounter-uzgent"/>
      </reference>
    </resource>
    <resource>
      <extension url="http://hl7.org/fhir/tools/StructureDefinition/resource-information">
        <valueString value="CodeSystem"/>
      </extension>
      <reference>
        <reference value="CodeSystem/be-status-reason"/>
      </reference>
      <name value="BeStatusReason"/>
      <description value="Status reason in Belgium. Initially defined as supporting CodeSystem for the referral prescription."/>
    </resource>
    <resource>
      <extension url="http://hl7.org/fhir/tools/StructureDefinition/resource-information">
        <valueString value="Organization"/>
      </extension>
      <reference>
        <reference value="Organization/org-uz-gent"/>
      </reference>
    </resource>
    <resource>
      <extension url="http://hl7.org/fhir/tools/StructureDefinition/resource-information">
        <valueString value="Organization"/>
      </extension>
      <reference>
        <reference value="Organization/org-sanofi"/>
      </reference>
    </resource>
    <resource>
      <extension url="http://hl7.org/fhir/tools/StructureDefinition/resource-information">
        <valueString value="StructureDefinition:extension"/>
      </extension>
      <reference>
        <reference value="StructureDefinition/exposure-risk"/>
      </reference>
      <description value="Exposure Risk"/>
    </resource>
    <resource>
      <extension url="http://hl7.org/fhir/tools/StructureDefinition/resource-information">
        <valueString value="Organization"/>
      </extension>
      <reference>
        <reference value="Organization/org-one-brussels"/>
      </reference>
    </resource>
    <resource>
      <extension url="http://hl7.org/fhir/tools/StructureDefinition/resource-information">
        <valueString value="Questionnaire"/>
      </extension>
      <reference>
        <reference value="Questionnaire/allergy-intolerance-questionnaire"/>
      </reference>
      <name value="Allergy / Intolerance reporting Questionnaire"/>
    </resource>
    <resource>
      <extension url="http://hl7.org/fhir/tools/StructureDefinition/resource-information">
        <valueString value="Organization"/>
      </extension>
      <reference>
        <reference value="Organization/org-msd-belgium"/>
      </reference>
    </resource>
    <resource>
      <extension url="http://hl7.org/fhir/tools/StructureDefinition/resource-information">
        <valueString value="CodeSystem"/>
      </extension>
      <reference>
        <reference value="CodeSystem/cs-mna"/>
      </reference>
      <name value="CodeSystem Mini Nutritional Assessment scale"/>
      <description value="CodeSystem Mini Nutritional Assessment."/>
    </resource>
    <resource>
      <extension url="http://hl7.org/fhir/tools/StructureDefinition/resource-information">
        <valueString value="Immunization"/>
      </extension>
      <reference>
        <reference value="Immunization/iex2"/>
      </reference>
      <name value="Example Immunization - iex2"/>
      <exampleCanonical value="https://www.hl7belgium.org/fhir/StructureDefinition/be-vaccination"/>
    </resource>
    <page>
      <nameUrl value="toc.html"/>
      <title value="Table of Contents"/>
      <generation value="html"/>
      <page>
        <nameUrl value="index.html"/>
        <title value="MyIG Home Page"/>
        <generation value="html"/>
      </page>
      <page>
        <nameUrl value="project.html"/>
        <title value="Project Description"/>
        <generation value="html"/>
      </page>
      <page>
        <nameUrl value="usecases.html"/>
        <title value="Use Cases"/>
        <generation value="html"/>
      </page>
      <page>
        <nameUrl value="downloads.html"/>
        <title value="Useful Downloads"/>
        <generation value="html"/>
      </page>
      <page>
        <nameUrl value="changes.html"/>
        <title value="IG Change History"/>
        <generation value="html"/>
      </page>
    </page>
    <parameter>
      <code value="path-resource"/>
      <value value="input/examples/Vaccination"/>
    </parameter>
    <parameter>
      <code value="path-resource"/>
      <value value="input/scenarios"/>
    </parameter>
    <parameter>
      <code value="path-resource"/>
      <value value="input/capabilities"/>
    </parameter>
    <parameter>
      <code value="path-resource"/>
      <value value="input/examples"/>
    </parameter>
    <parameter>
      <code value="path-resource"/>
      <value value="input/extensions"/>
    </parameter>
    <parameter>
      <code value="path-resource"/>
      <value value="input/models"/>
    </parameter>
    <parameter>
      <code value="path-resource"/>
      <value value="input/operations"/>
    </parameter>
    <parameter>
      <code value="path-resource"/>
      <value value="input/profiles"/>
    </parameter>
    <parameter>
      <code value="path-resource"/>
      <value value="input/resources"/>
    </parameter>
    <parameter>
      <code value="path-resource"/>
      <value value="input/vocabulary"/>
    </parameter>
    <parameter>
      <code value="path-resource"/>
      <value value="input/testing"/>
    </parameter>
    <parameter>
      <code value="path-resource"/>
      <value value="input/history"/>
    </parameter>
    <parameter>
      <code value="path-resource"/>
      <value value="fsh-generated/resources"/>
    </parameter>
    <parameter>
      <code value="path-pages"/>
      <value value="template/config"/>
    </parameter>
    <parameter>
      <code value="path-pages"/>
      <value value="input/images"/>
    </parameter>
    <parameter>
      <code value="path-tx-cache"/>
      <value value="input-cache/txcache"/>
    </parameter>
  </definition>
</ImplementationGuide>