{
  "resourceType": "ImplementationGuide",
  "id": "hl7.fhir.be.riziv",
  "text": {
    "status": "extensions",
    "div": "<div xmlns=\"http://www.w3.org/1999/xhtml\"><h2>RIZIV_INAMI</h2><p>The official URL for this implementation guide is: </p><pre>https://www.hl7belgium.org/fhir/ImplementationGuide/hl7.fhir.be.riziv</pre><div><p>RIZIV-INAMI - Patient Summary Record Implementation Guide</p>\n</div></div>"
  },
  "url": "https://www.hl7belgium.org/fhir/ImplementationGuide/hl7.fhir.be.riziv",
  "version": "0.1.0",
  "name": "RIZIV_INAMI",
  "title": "RIZIV-INAMI Patient Record",
  "status": "draft",
  "experimental": false,
  "date": "2021-07-13T23:17:19+00:00",
  "publisher": "RIZIV-INAMI",
  "contact": [
    {
      "telecom": [
        {
          "system": "url",
          "value": "http://somewhere.org"
        }
      ]
    }
  ],
  "description": "RIZIV-INAMI - Patient Summary Record Implementation Guide",
  "jurisdiction": [
    {
      "coding": [
        {
          "system": "http://unstats.un.org/unsd/methods/m49/m49.htm",
          "code": "056"
        },
        {
          "system": "urn:iso:std:iso:3166",
          "code": "BE"
        }
      ]
    }
  ],
  "packageId": "hl7.fhir.be.riziv",
  "license": "CC0-1.0",
  "fhirVersion": [
    "4.0.1"
  ],
  "definition": {
    "extension": [
      {
        "extension": [
          {
            "url": "code",
            "valueString": "copyrightyear"
          },
          {
            "url": "value",
            "valueString": "2019+"
          }
        ],
        "url": "http://hl7.org/fhir/tools/StructureDefinition/ig-parameter"
      },
      {
        "extension": [
          {
            "url": "code",
            "valueString": "releaselabel"
          },
          {
            "url": "value",
            "valueString": "CI Build"
          }
        ],
        "url": "http://hl7.org/fhir/tools/StructureDefinition/ig-parameter"
      },
      {
        "extension": [
          {
            "url": "code",
            "valueString": "path-binary"
          },
          {
            "url": "value",
            "valueString": "input\\cql"
          }
        ],
        "url": "http://hl7.org/fhir/tools/StructureDefinition/ig-parameter"
      },
      {
        "extension": [
          {
            "url": "code",
            "valueString": "excludettl"
          },
          {
            "url": "value",
            "valueString": "true"
          }
        ],
        "url": "http://hl7.org/fhir/tools/StructureDefinition/ig-parameter"
      },
      {
        "extension": [
          {
            "url": "code",
            "valueString": "autoload-resources"
          },
          {
            "url": "value",
            "valueString": "true"
          }
        ],
        "url": "http://hl7.org/fhir/tools/StructureDefinition/ig-parameter"
      },
      {
        "extension": [
          {
            "url": "code",
            "valueString": "path-liquid"
          },
          {
            "url": "value",
            "valueString": "template/liquid"
          }
        ],
        "url": "http://hl7.org/fhir/tools/StructureDefinition/ig-parameter"
      },
      {
        "extension": [
          {
            "url": "code",
            "valueString": "path-liquid"
          },
          {
            "url": "value",
            "valueString": "input/liquid"
          }
        ],
        "url": "http://hl7.org/fhir/tools/StructureDefinition/ig-parameter"
      },
      {
        "extension": [
          {
            "url": "code",
            "valueString": "path-qa"
          },
          {
            "url": "value",
            "valueString": "temp/qa"
          }
        ],
        "url": "http://hl7.org/fhir/tools/StructureDefinition/ig-parameter"
      },
      {
        "extension": [
          {
            "url": "code",
            "valueString": "path-temp"
          },
          {
            "url": "value",
            "valueString": "temp/pages"
          }
        ],
        "url": "http://hl7.org/fhir/tools/StructureDefinition/ig-parameter"
      },
      {
        "extension": [
          {
            "url": "code",
            "valueString": "path-output"
          },
          {
            "url": "value",
            "valueString": "output"
          }
        ],
        "url": "http://hl7.org/fhir/tools/StructureDefinition/ig-parameter"
      },
      {
        "extension": [
          {
            "url": "code",
            "valueString": "path-suppressed-warnings"
          },
          {
            "url": "value",
            "valueString": "input/ignoreWarnings.txt"
          }
        ],
        "url": "http://hl7.org/fhir/tools/StructureDefinition/ig-parameter"
      },
      {
        "extension": [
          {
            "url": "code",
            "valueString": "path-history"
          },
          {
            "url": "value",
            "valueString": "https://www.hl7belgium.org/fhir/history.html"
          }
        ],
        "url": "http://hl7.org/fhir/tools/StructureDefinition/ig-parameter"
      },
      {
        "extension": [
          {
            "url": "code",
            "valueString": "template-html"
          },
          {
            "url": "value",
            "valueString": "template-page.html"
          }
        ],
        "url": "http://hl7.org/fhir/tools/StructureDefinition/ig-parameter"
      },
      {
        "extension": [
          {
            "url": "code",
            "valueString": "template-md"
          },
          {
            "url": "value",
            "valueString": "template-page-md.html"
          }
        ],
        "url": "http://hl7.org/fhir/tools/StructureDefinition/ig-parameter"
      },
      {
        "extension": [
          {
            "url": "code",
            "valueString": "apply-contact"
          },
          {
            "url": "value",
            "valueString": "true"
          }
        ],
        "url": "http://hl7.org/fhir/tools/StructureDefinition/ig-parameter"
      },
      {
        "extension": [
          {
            "url": "code",
            "valueString": "apply-context"
          },
          {
            "url": "value",
            "valueString": "true"
          }
        ],
        "url": "http://hl7.org/fhir/tools/StructureDefinition/ig-parameter"
      },
      {
        "extension": [
          {
            "url": "code",
            "valueString": "apply-copyright"
          },
          {
            "url": "value",
            "valueString": "true"
          }
        ],
        "url": "http://hl7.org/fhir/tools/StructureDefinition/ig-parameter"
      },
      {
        "extension": [
          {
            "url": "code",
            "valueString": "apply-jurisdiction"
          },
          {
            "url": "value",
            "valueString": "true"
          }
        ],
        "url": "http://hl7.org/fhir/tools/StructureDefinition/ig-parameter"
      },
      {
        "extension": [
          {
            "url": "code",
            "valueString": "apply-license"
          },
          {
            "url": "value",
            "valueString": "true"
          }
        ],
        "url": "http://hl7.org/fhir/tools/StructureDefinition/ig-parameter"
      },
      {
        "extension": [
          {
            "url": "code",
            "valueString": "apply-publisher"
          },
          {
            "url": "value",
            "valueString": "true"
          }
        ],
        "url": "http://hl7.org/fhir/tools/StructureDefinition/ig-parameter"
      },
      {
        "extension": [
          {
            "url": "code",
            "valueString": "apply-version"
          },
          {
            "url": "value",
            "valueString": "true"
          }
        ],
        "url": "http://hl7.org/fhir/tools/StructureDefinition/ig-parameter"
      },
      {
        "extension": [
          {
            "url": "code",
            "valueString": "active-tables"
          },
          {
            "url": "value",
            "valueString": "true"
          }
        ],
        "url": "http://hl7.org/fhir/tools/StructureDefinition/ig-parameter"
      }
    ],
    "grouping": [
      {
        "id": "allergyintolerance",
        "name": "Allergy Intolerance",
        "description": "Allergy / Intolerance resources. These artefacts define the constraints and vocabulary necessary to record allergies and intolerances, suspected or confirmed.  A few example resources and scenario demonstrate the use of these resources."
      },
      {
        "id": "patientwill",
        "name": "Patient Will",
        "description": "Patient Will profile and vocabulary. The Patient Will captures a patient's expressed preferences related to care provision.   The Logical Data Model defines the functional data needs.   An example demonstrates the use of the profile."
      },
      {
        "id": "addiction",
        "name": "Addiction",
        "description": "The profile for Addiction, intended to capture known or suspected substance or other addictions.    The Logical Data Model defines the functional data needs.   An example demonstrates the use of the profile."
      },
      {
        "id": "vaccination",
        "name": "Vaccination",
        "description": "Vaccination related resources.  These artefacts define the constraints and vocabulary necessary to record the administration of vaccine administrations, including the reference to a vaccination schema or protocol, and eventual immediate reactions.  The Logical Data Model defines the functional data needs.   The vocabulary resources help ensure conformity and data consistency.   The profile and extensions define the technical specifications.   A set of examples demonstrates the use of the profile."
      },
      {
        "id": "problem",
        "name": "Problem",
        "description": "The Problem resources are intended to capture a short description of a patient's clinical condition.   The Logical Data Model defines the functional data needs.   The vocabulary resources help ensure conformity and data consistency.   The profile and extensions define the technical specifications.   A set of examples demonstrates the use of the profile."
      },
      {
        "id": "scoreresults",
        "name": "Score Results",
        "description": "The Score Results resource captures an overal assessment score about a health indicator associated with a patient.   The vocabulary resources help ensure conformity and data consistency.   The profile defines the technical specifications.   A set of examples demonstrates the use of the profile."
      },
      {
        "id": "referral",
        "name": "Referral Prescription",
        "description": "The Referral Prescription defines the exchange when ordering services such as nursing care, physiotherapy, or diagnostic procedures such as lab, imaging"
      }
    ],
    "resource": [
      {
        "extension": [
          {
            "url": "http://hl7.org/fhir/tools/StructureDefinition/resource-information",
            "valueString": "StructureDefinition:logical"
          }
        ],
        "reference": {
          "reference": "StructureDefinition/be-model-addiction"
        },
        "fhirVersion": [
          "4.0.1"
        ],
        "name": "Logical Model Addiction",
        "description": "Addiction record logical model",
        "groupingId": "addiction"
      },
      {
        "extension": [
          {
            "url": "http://hl7.org/fhir/tools/StructureDefinition/resource-information",
            "valueString": "StructureDefinition:resource"
          }
        ],
        "reference": {
          "reference": "StructureDefinition/be-addiction"
        },
        "fhirVersion": [
          "4.0.1"
        ],
        "name": "Addiction BE profile",
        "description": "Belgian Profile to capture Addictions (on substances or others)",
        "groupingId": "addiction"
      },
      {
        "extension": [
          {
            "url": "http://hl7.org/fhir/tools/StructureDefinition/resource-information",
            "valueString": "StructureDefinition:extension"
          }
        ],
        "reference": {
          "reference": "StructureDefinition/be-ext-addiction-quantifier"
        },
        "fhirVersion": [
          "4.0.1"
        ],
        "name": "Addiction Quantifier extension",
        "description": "Belgian Extension to allow quantification of addictions (on substances or others) - for example 10 packs per week, 1 bottle per day",
        "groupingId": "addiction"
      },
      {
        "extension": [
          {
            "url": "http://hl7.org/fhir/tools/StructureDefinition/resource-information",
            "valueString": "Condition"
          }
        ],
        "reference": {
          "reference": "Condition/addiction-smoking"
        },
        "fhirVersion": [
          "4.0.1"
        ],
        "name": "Example - Patient Smoking addiction",
        "description": "Patient Smoking addiction",
        "exampleCanonical": "https://www.hl7belgium.org/fhir/StructureDefinition/be-addiction",
        "groupingId": "addiction"
      },
      {
        "extension": [
          {
            "url": "http://hl7.org/fhir/tools/StructureDefinition/resource-information",
            "valueString": "ValueSet"
          }
        ],
        "reference": {
          "reference": "ValueSet/be-vs-addiction-category"
        },
        "fhirVersion": [
          "4.0.1"
        ],
        "name": "Addiction Categories",
        "description": "Addiction Category value set",
        "groupingId": "addiction"
      },
      {
        "extension": [
          {
            "url": "http://hl7.org/fhir/tools/StructureDefinition/resource-information",
            "valueString": "ValueSet"
          }
        ],
        "reference": {
          "reference": "ValueSet/be-vs-addiction-code"
        },
        "fhirVersion": [
          "4.0.1"
        ],
        "name": "Addiction Codes",
        "description": "Addiction Code value set",
        "groupingId": "addiction"
      },
      {
        "extension": [
          {
            "url": "http://hl7.org/fhir/tools/StructureDefinition/resource-information",
            "valueString": "StructureDefinition:logical"
          }
        ],
        "reference": {
          "reference": "StructureDefinition/be-model-patientwill"
        },
        "fhirVersion": [
          "4.0.1"
        ],
        "name": "Logical Model Patient Will",
        "description": "Patient Will logical model",
        "groupingId": "patientwill"
      },
      {
        "extension": [
          {
            "url": "http://hl7.org/fhir/tools/StructureDefinition/resource-information",
            "valueString": "StructureDefinition:resource"
          }
        ],
        "reference": {
          "reference": "StructureDefinition/be-patientwill"
        },
        "fhirVersion": [
          "4.0.1"
        ],
        "name": "Patient Will core BE profile",
        "description": "The Core BE profile for Patient Will",
        "groupingId": "patientwill"
      },
      {
        "extension": [
          {
            "url": "http://hl7.org/fhir/tools/StructureDefinition/resource-information",
            "valueString": "CodeSystem"
          }
        ],
        "reference": {
          "reference": "CodeSystem/be-cs-patientwill-category"
        },
        "fhirVersion": [
          "4.0.1"
        ],
        "name": "Patient Will Categories",
        "description": "Patient Will Category code system",
        "groupingId": "patientwill"
      },
      {
        "extension": [
          {
            "url": "http://hl7.org/fhir/tools/StructureDefinition/resource-information",
            "valueString": "ValueSet"
          }
        ],
        "reference": {
          "reference": "ValueSet/be-vs-patientwill-category"
        },
        "fhirVersion": [
          "4.0.1"
        ],
        "name": "Patient Will Categories",
        "description": "Patient Will Category value set",
        "groupingId": "patientwill"
      },
      {
        "extension": [
          {
            "url": "http://hl7.org/fhir/tools/StructureDefinition/resource-information",
            "valueString": "CodeSystem"
          }
        ],
        "reference": {
          "reference": "CodeSystem/be-cs-patientwill-code"
        },
        "fhirVersion": [
          "4.0.1"
        ],
        "name": "Patient Will codes",
        "description": "Patient Will directive code system",
        "groupingId": "patientwill"
      },
      {
        "extension": [
          {
            "url": "http://hl7.org/fhir/tools/StructureDefinition/resource-information",
            "valueString": "ValueSet"
          }
        ],
        "reference": {
          "reference": "ValueSet/be-vs-patientwill-code"
        },
        "fhirVersion": [
          "4.0.1"
        ],
        "name": "Patient Will directives",
        "description": "Patient Will directive value set",
        "groupingId": "patientwill"
      },
      {
        "extension": [
          {
            "url": "http://hl7.org/fhir/tools/StructureDefinition/resource-information",
            "valueString": "Consent"
          }
        ],
        "reference": {
          "reference": "Consent/patientwill-example"
        },
        "fhirVersion": [
          "4.0.1"
        ],
        "name": "Example - Patient Will",
        "description": "Patient Will",
        "exampleCanonical": "https://www.hl7belgium.org/fhir/StructureDefinition/be-patientwill",
        "groupingId": "patientwill"
      },
      {
        "extension": [
          {
            "url": "http://hl7.org/fhir/tools/StructureDefinition/resource-information",
            "valueString": "StructureDefinition:logical"
          }
        ],
        "reference": {
          "reference": "StructureDefinition/be-model-vaccination"
        },
        "fhirVersion": [
          "4.0.1"
        ],
        "name": "Logical Model Vaccination",
        "description": "Vaccination logical model",
        "groupingId": "vaccination"
      },
      {
        "extension": [
          {
            "url": "http://hl7.org/fhir/tools/StructureDefinition/resource-information",
            "valueString": "StructureDefinition:resource"
          }
        ],
        "reference": {
          "reference": "StructureDefinition/be-vaccination"
        },
        "fhirVersion": [
          "4.0.1"
        ],
        "name": "Vaccination core BE profile",
        "description": "The Core BE profile for Vaccination (event)",
        "groupingId": "vaccination"
      },
      {
        "extension": [
          {
            "url": "http://hl7.org/fhir/tools/StructureDefinition/resource-information",
            "valueString": "StructureDefinition:extension"
          }
        ],
        "reference": {
          "reference": "StructureDefinition/be-ext-vaccination-location"
        },
        "fhirVersion": [
          "4.0.1"
        ],
        "name": "Location of the vaccination event",
        "description": "Location of the vaccination event",
        "groupingId": "vaccination"
      },
      {
        "extension": [
          {
            "url": "http://hl7.org/fhir/tools/StructureDefinition/resource-information",
            "valueString": "CodeSystem"
          }
        ],
        "reference": {
          "reference": "CodeSystem/be-cs-care-location"
        },
        "fhirVersion": [
          "4.0.1"
        ],
        "name": "CodeSystem - Care location",
        "description": "The location of the care event",
        "groupingId": "vaccination"
      },
      {
        "extension": [
          {
            "url": "http://hl7.org/fhir/tools/StructureDefinition/resource-information",
            "valueString": "CodeSystem"
          }
        ],
        "reference": {
          "reference": "CodeSystem/be-cs-vaccination-confirmation-status"
        },
        "fhirVersion": [
          "4.0.1"
        ],
        "name": "CodeSystem - vaccination confirmation status",
        "description": "The list of vaccination confirmation status",
        "groupingId": "vaccination"
      },
      {
        "extension": [
          {
            "url": "http://hl7.org/fhir/tools/StructureDefinition/resource-information",
            "valueString": "CodeSystem"
          }
        ],
        "reference": {
          "reference": "CodeSystem/be-cs-vaccination-status-reason"
        },
        "fhirVersion": [
          "4.0.1"
        ],
        "name": "CodeSystem - vaccination status-reason",
        "description": "The list of vaccination status reason",
        "groupingId": "vaccination"
      },
      {
        "extension": [
          {
            "url": "http://hl7.org/fhir/tools/StructureDefinition/resource-information",
            "valueString": "CodeSystem"
          }
        ],
        "reference": {
          "reference": "CodeSystem/be-cs-vaccination-administration-route"
        },
        "fhirVersion": [
          "4.0.1"
        ],
        "name": "CodeSystem - Vaccine Administration Route",
        "description": "The list of administration routes for vaccines",
        "groupingId": "vaccination"
      },
      {
        "extension": [
          {
            "url": "http://hl7.org/fhir/tools/StructureDefinition/resource-information",
            "valueString": "ValueSet"
          }
        ],
        "reference": {
          "reference": "ValueSet/be-vs-care-location"
        },
        "fhirVersion": [
          "4.0.1"
        ],
        "name": "ValueSet - Care location",
        "description": "The list of Care locations",
        "groupingId": "vaccination"
      },
      {
        "extension": [
          {
            "url": "http://hl7.org/fhir/tools/StructureDefinition/resource-information",
            "valueString": "ValueSet"
          }
        ],
        "reference": {
          "reference": "ValueSet/be-vs-vaccination-administration-route"
        },
        "fhirVersion": [
          "4.0.1"
        ],
        "name": "ValueSet - Vaccine Administration Route",
        "description": "The list of administration routes for vaccines",
        "groupingId": "vaccination"
      },
      {
        "extension": [
          {
            "url": "http://hl7.org/fhir/tools/StructureDefinition/resource-information",
            "valueString": "ValueSet"
          }
        ],
        "reference": {
          "reference": "ValueSet/be-vs-vaccination-confirmation-status"
        },
        "fhirVersion": [
          "4.0.1"
        ],
        "name": "ValueSet - vaccination confirmation status",
        "description": "The list of vaccination confirmation status",
        "groupingId": "vaccination"
      },
      {
        "extension": [
          {
            "url": "http://hl7.org/fhir/tools/StructureDefinition/resource-information",
            "valueString": "ValueSet"
          }
        ],
        "reference": {
          "reference": "ValueSet/be-vs-vaccination-status-reason"
        },
        "fhirVersion": [
          "4.0.1"
        ],
        "name": "ValueSet - vaccination status reason",
        "description": "The list of vaccination status reason",
        "groupingId": "vaccination"
      },
      {
        "extension": [
          {
            "url": "http://hl7.org/fhir/tools/StructureDefinition/resource-information",
            "valueString": "StructureDefinition:extension"
          }
        ],
        "reference": {
          "reference": "StructureDefinition/be-ext-administeredProduct"
        },
        "fhirVersion": [
          "4.0.1"
        ],
        "name": "Extension - Administered Product",
        "description": "Administered Product",
        "groupingId": "vaccination"
      },
      {
        "extension": [
          {
            "url": "http://hl7.org/fhir/tools/StructureDefinition/resource-information",
            "valueString": "StructureDefinition:extension"
          }
        ],
        "reference": {
          "reference": "StructureDefinition/be-ext-vaccination-originalorder"
        },
        "fhirVersion": [
          "4.0.1"
        ],
        "name": "Extension - Vaccination original order",
        "description": "Vaccination original order  (e.g. prescription)",
        "groupingId": "vaccination"
      },
      {
        "extension": [
          {
            "url": "http://hl7.org/fhir/tools/StructureDefinition/resource-information",
            "valueString": "StructureDefinition:extension"
          }
        ],
        "reference": {
          "reference": "StructureDefinition/be-ext-recorder"
        },
        "fhirVersion": [
          "4.0.1"
        ],
        "name": "Extension - Vaccination recorder",
        "description": "Vaccination recorder",
        "groupingId": "vaccination"
      },
      {
        "extension": [
          {
            "url": "http://hl7.org/fhir/tools/StructureDefinition/resource-information",
            "valueString": "StructureDefinition:extension"
          }
        ],
        "reference": {
          "reference": "StructureDefinition/be-ext-vaccination-confirmationStatus"
        },
        "fhirVersion": [
          "4.0.1"
        ],
        "name": "Extension - Vaccination confirmation status",
        "description": "Vaccination confirmation status",
        "groupingId": "vaccination"
      },
      {
        "extension": [
          {
            "url": "http://hl7.org/fhir/tools/StructureDefinition/resource-information",
            "valueString": "NamingSystem"
          }
        ],
        "reference": {
          "reference": "NamingSystem/be-ns-cnk-code"
        },
        "fhirVersion": [
          "4.0.1"
        ],
        "name": "NamingSystem - CNK Code",
        "description": "Naming System - CNK Product Codes",
        "groupingId": "vaccination"
      },
      {
        "extension": [
          {
            "url": "http://hl7.org/fhir/tools/StructureDefinition/resource-information",
            "valueString": "NamingSystem"
          }
        ],
        "reference": {
          "reference": "NamingSystem/be-ns-nihdi-organization"
        },
        "fhirVersion": [
          "4.0.1"
        ],
        "name": "NamingSystem - NIHDI Organization",
        "description": "NamingSystem - NIHDI Organization number",
        "groupingId": "vaccination"
      },
      {
        "extension": [
          {
            "url": "http://hl7.org/fhir/tools/StructureDefinition/resource-information",
            "valueString": "NamingSystem"
          }
        ],
        "reference": {
          "reference": "NamingSystem/be-ns-nihdi-professional"
        },
        "fhirVersion": [
          "4.0.1"
        ],
        "name": "NamingSystem - NIHDI Professional",
        "description": "NamingSystem - NIHDI Professional numbers",
        "groupingId": "vaccination"
      },
      {
        "extension": [
          {
            "url": "http://hl7.org/fhir/tools/StructureDefinition/resource-information",
            "valueString": "NamingSystem"
          }
        ],
        "reference": {
          "reference": "NamingSystem/be-ns-one-vaccination"
        },
        "fhirVersion": [
          "4.0.1"
        ],
        "name": "NamingSystem - ONE Vaccination Id",
        "description": "NamingSystem for ONE vaccination ID",
        "groupingId": "vaccination"
      },
      {
        "extension": [
          {
            "url": "http://hl7.org/fhir/tools/StructureDefinition/resource-information",
            "valueString": "NamingSystem"
          }
        ],
        "reference": {
          "reference": "NamingSystem/be-ns-product-manufacturer"
        },
        "fhirVersion": [
          "4.0.1"
        ],
        "name": "NamingSystem - Product Manufacturer",
        "description": "NamingSystem - Product Manufacturer",
        "groupingId": "vaccination"
      },
      {
        "extension": [
          {
            "url": "http://hl7.org/fhir/tools/StructureDefinition/resource-information",
            "valueString": "Immunization"
          }
        ],
        "reference": {
          "reference": "Immunization/toto-hexa1"
        },
        "fhirVersion": [
          "4.0.1"
        ],
        "name": "Toto - First hexavalent vaccination",
        "description": "Toto - First hexavalent vaccination",
        "exampleCanonical": "https://www.hl7belgium.org/fhir/StructureDefinition/be-vaccination",
        "groupingId": "vaccination"
      },
      {
        "extension": [
          {
            "url": "http://hl7.org/fhir/tools/StructureDefinition/resource-information",
            "valueString": "Immunization"
          }
        ],
        "reference": {
          "reference": "Immunization/toto-hexa2"
        },
        "fhirVersion": [
          "4.0.1"
        ],
        "name": "Toto - 2nd hexavalent vaccination",
        "description": "Toto - 2nd hexavalent vaccination",
        "exampleCanonical": "https://www.hl7belgium.org/fhir/StructureDefinition/be-vaccination",
        "groupingId": "vaccination"
      },
      {
        "extension": [
          {
            "url": "http://hl7.org/fhir/tools/StructureDefinition/resource-information",
            "valueString": "Immunization"
          }
        ],
        "reference": {
          "reference": "Immunization/toto-hexa3"
        },
        "fhirVersion": [
          "4.0.1"
        ],
        "name": "Toto - 3rd hexavalent vaccination",
        "description": "Toto - 3rd hexavalent vaccination",
        "exampleCanonical": "https://www.hl7belgium.org/fhir/StructureDefinition/be-vaccination",
        "groupingId": "vaccination"
      },
      {
        "extension": [
          {
            "url": "http://hl7.org/fhir/tools/StructureDefinition/resource-information",
            "valueString": "Immunization"
          }
        ],
        "reference": {
          "reference": "Immunization/toto-hexa4-skipped"
        },
        "fhirVersion": [
          "4.0.1"
        ],
        "name": "Toto - 4th hexavalent vaccination - skipped (fever)",
        "description": "Toto - 4th hexavalent vaccination - skipped (fever)",
        "exampleCanonical": "https://www.hl7belgium.org/fhir/StructureDefinition/be-vaccination",
        "groupingId": "vaccination"
      },
      {
        "extension": [
          {
            "url": "http://hl7.org/fhir/tools/StructureDefinition/resource-information",
            "valueString": "Immunization"
          }
        ],
        "reference": {
          "reference": "Immunization/toto-hexa4-swelling"
        },
        "fhirVersion": [
          "4.0.1"
        ],
        "name": "Toto - 4th hexavalent vaccination",
        "description": "Toto - 4th hexavalent vaccination",
        "exampleCanonical": "https://www.hl7belgium.org/fhir/StructureDefinition/be-vaccination",
        "groupingId": "vaccination"
      },
      {
        "extension": [
          {
            "url": "http://hl7.org/fhir/tools/StructureDefinition/resource-information",
            "valueString": "Immunization"
          }
        ],
        "reference": {
          "reference": "Immunization/juan-hexa1-reported"
        },
        "fhirVersion": [
          "4.0.1"
        ],
        "name": "Juan - 1st hexa (reported)",
        "description": "Juan - 1st hexa (reported)",
        "exampleCanonical": "https://www.hl7belgium.org/fhir/StructureDefinition/be-vaccination",
        "groupingId": "vaccination"
      },
      {
        "extension": [
          {
            "url": "http://hl7.org/fhir/tools/StructureDefinition/resource-information",
            "valueString": "Immunization"
          }
        ],
        "reference": {
          "reference": "Immunization/juan-hexa2-reported-hospital"
        },
        "fhirVersion": [
          "4.0.1"
        ],
        "name": "Juan - 2nd hexa (hospital)",
        "description": "Juan - 2nd hexa (hospital)",
        "exampleCanonical": "https://www.hl7belgium.org/fhir/StructureDefinition/be-vaccination",
        "groupingId": "vaccination"
      },
      {
        "extension": [
          {
            "url": "http://hl7.org/fhir/tools/StructureDefinition/resource-information",
            "valueString": "Immunization"
          }
        ],
        "reference": {
          "reference": "Immunization/juan-hexa3-skipped"
        },
        "fhirVersion": [
          "4.0.1"
        ],
        "name": "Juan - 3rd hexa (not done)",
        "description": "Juan - 3rd hexa (not done)",
        "exampleCanonical": "https://www.hl7belgium.org/fhir/StructureDefinition/be-vaccination",
        "groupingId": "vaccination"
      },
      {
        "extension": [
          {
            "url": "http://hl7.org/fhir/tools/StructureDefinition/resource-information",
            "valueString": "Immunization"
          }
        ],
        "reference": {
          "reference": "Immunization/juan-hexa4"
        },
        "fhirVersion": [
          "4.0.1"
        ],
        "name": "Juan - 3rd hexa (effective)",
        "description": "Juan - 3rd hexa (effective)",
        "exampleCanonical": "https://www.hl7belgium.org/fhir/StructureDefinition/be-vaccination",
        "groupingId": "vaccination"
      },
      {
        "extension": [
          {
            "url": "http://hl7.org/fhir/tools/StructureDefinition/resource-information",
            "valueString": "Immunization"
          }
        ],
        "reference": {
          "reference": "Immunization/eva-hpv1-school"
        },
        "fhirVersion": [
          "4.0.1"
        ],
        "name": "Eva - HPV 1st dose",
        "description": "Eva - HPV 1st dose",
        "exampleCanonical": "https://www.hl7belgium.org/fhir/StructureDefinition/be-vaccination",
        "groupingId": "vaccination"
      },
      {
        "extension": [
          {
            "url": "http://hl7.org/fhir/tools/StructureDefinition/resource-information",
            "valueString": "Immunization"
          }
        ],
        "reference": {
          "reference": "Immunization/eva-hpv2-school"
        },
        "fhirVersion": [
          "4.0.1"
        ],
        "name": "Eva - HPV 2nd dose",
        "description": "Eva - HPV 2nd dose",
        "exampleCanonical": "https://www.hl7belgium.org/fhir/StructureDefinition/be-vaccination",
        "groupingId": "vaccination"
      },
      {
        "extension": [
          {
            "url": "http://hl7.org/fhir/tools/StructureDefinition/resource-information",
            "valueString": "Immunization"
          }
        ],
        "reference": {
          "reference": "Immunization/julia-refuse-hpv"
        },
        "fhirVersion": [
          "4.0.1"
        ],
        "name": "Julia - refuse HPV",
        "description": "Julia - refuse HPV",
        "exampleCanonical": "https://www.hl7belgium.org/fhir/StructureDefinition/be-vaccination",
        "groupingId": "vaccination"
      },
      {
        "extension": [
          {
            "url": "http://hl7.org/fhir/tools/StructureDefinition/resource-information",
            "valueString": "ImmunizationRecommendation"
          }
        ],
        "reference": {
          "reference": "ImmunizationRecommendation/order-gabriel-flu"
        },
        "fhirVersion": [
          "4.0.1"
        ],
        "name": "Gabriel - Flu vaccine prescription",
        "description": "Gabriel - flu vacccine prescription",
        "groupingId": "vaccination"
      },
      {
        "extension": [
          {
            "url": "http://hl7.org/fhir/tools/StructureDefinition/resource-information",
            "valueString": "ImmunizationRecommendation"
          }
        ],
        "reference": {
          "reference": "ImmunizationRecommendation/order-simon-hpv"
        },
        "fhirVersion": [
          "4.0.1"
        ],
        "name": "Simon - HPV vaccine prescription",
        "description": "Simon - HPV vacccine prescription",
        "groupingId": "vaccination"
      },
      {
        "extension": [
          {
            "url": "http://hl7.org/fhir/tools/StructureDefinition/resource-information",
            "valueString": "Observation"
          }
        ],
        "reference": {
          "reference": "Observation/erythema"
        },
        "fhirVersion": [
          "4.0.1"
        ],
        "name": "Toto reaction - erythema",
        "description": "Toto - example of reaction (erythema)",
        "groupingId": "vaccination"
      },
      {
        "extension": [
          {
            "url": "http://hl7.org/fhir/tools/StructureDefinition/resource-information",
            "valueString": "Observation"
          }
        ],
        "reference": {
          "reference": "Observation/fever"
        },
        "fhirVersion": [
          "4.0.1"
        ],
        "name": "Toto finding - fever",
        "description": "Toto - example of finding that prevents vaccination (fever)",
        "groupingId": "vaccination"
      },
      {
        "extension": [
          {
            "url": "http://hl7.org/fhir/tools/StructureDefinition/resource-information",
            "valueString": "Immunization"
          }
        ],
        "reference": {
          "reference": "Immunization/simon-hpv-at-work"
        },
        "fhirVersion": [
          "4.0.1"
        ],
        "name": "Simon HPV - work",
        "description": "Simon HPV - work",
        "exampleCanonical": "https://www.hl7belgium.org/fhir/StructureDefinition/be-vaccination",
        "groupingId": "vaccination"
      },
      {
        "extension": [
          {
            "url": "http://hl7.org/fhir/tools/StructureDefinition/resource-information",
            "valueString": "ImmunizationRecommendation"
          }
        ],
        "reference": {
          "reference": "ImmunizationRecommendation/aymeric-rota"
        },
        "fhirVersion": [
          "4.0.1"
        ],
        "name": "Aymeric - rotavirus prescription",
        "description": "Aymeric - rotavirus prescription",
        "groupingId": "vaccination"
      },
      {
        "extension": [
          {
            "url": "http://hl7.org/fhir/tools/StructureDefinition/resource-information",
            "valueString": "Immunization"
          }
        ],
        "reference": {
          "reference": "Immunization/aymeric-rota1"
        },
        "fhirVersion": [
          "4.0.1"
        ],
        "name": "Aymeric - rotavirus 1st dose",
        "description": "Aymeric - rotavirus 1st dose",
        "exampleCanonical": "https://www.hl7belgium.org/fhir/StructureDefinition/be-vaccination",
        "groupingId": "vaccination"
      },
      {
        "extension": [
          {
            "url": "http://hl7.org/fhir/tools/StructureDefinition/resource-information",
            "valueString": "Immunization"
          }
        ],
        "reference": {
          "reference": "Immunization/aymeric-rota2"
        },
        "fhirVersion": [
          "4.0.1"
        ],
        "name": "Aymeric - rotavirus 2nd dose",
        "description": "Aymeric - rotavirus 2nd dose",
        "exampleCanonical": "https://www.hl7belgium.org/fhir/StructureDefinition/be-vaccination",
        "groupingId": "vaccination"
      },
      {
        "extension": [
          {
            "url": "http://hl7.org/fhir/tools/StructureDefinition/resource-information",
            "valueString": "Immunization"
          }
        ],
        "reference": {
          "reference": "Immunization/aymeric-rota3"
        },
        "fhirVersion": [
          "4.0.1"
        ],
        "name": "Aymeric - rotavirus 3rd dose",
        "description": "Aymeric - rotavirus 3rd dose",
        "exampleCanonical": "https://www.hl7belgium.org/fhir/StructureDefinition/be-vaccination",
        "groupingId": "vaccination"
      },
      {
        "extension": [
          {
            "url": "http://hl7.org/fhir/tools/StructureDefinition/resource-information",
            "valueString": "Immunization"
          }
        ],
        "reference": {
          "reference": "Immunization/gabriel-flu"
        },
        "fhirVersion": [
          "4.0.1"
        ],
        "name": "Gabriel - influenza vaccine",
        "description": "Gabriel - influenza vaccine",
        "exampleCanonical": "https://www.hl7belgium.org/fhir/StructureDefinition/be-vaccination",
        "groupingId": "vaccination"
      },
      {
        "extension": [
          {
            "url": "http://hl7.org/fhir/tools/StructureDefinition/resource-information",
            "valueString": "Observation"
          }
        ],
        "reference": {
          "reference": "Observation/observation-swelling"
        },
        "fhirVersion": [
          "4.0.1"
        ],
        "name": "Observation - swelling reaction",
        "description": "Observation - swelling reaction",
        "groupingId": "vaccination"
      },
      {
        "extension": [
          {
            "url": "http://hl7.org/fhir/tools/StructureDefinition/resource-information",
            "valueString": "StructureDefinition:logical"
          }
        ],
        "reference": {
          "reference": "StructureDefinition/be-model-problem"
        },
        "fhirVersion": [
          "4.0.1"
        ],
        "name": "Logical Model Problem",
        "description": "Problem logical model",
        "groupingId": "problem"
      },
      {
        "extension": [
          {
            "url": "http://hl7.org/fhir/tools/StructureDefinition/resource-information",
            "valueString": "StructureDefinition:resource"
          }
        ],
        "reference": {
          "reference": "StructureDefinition/be-problem"
        },
        "fhirVersion": [
          "4.0.1"
        ],
        "name": "Problem core BE profile",
        "description": "The Core BE profile for Problem",
        "groupingId": "problem"
      },
      {
        "extension": [
          {
            "url": "http://hl7.org/fhir/tools/StructureDefinition/resource-information",
            "valueString": "StructureDefinition:extension"
          }
        ],
        "reference": {
          "reference": "StructureDefinition/be-ext-laterality"
        },
        "fhirVersion": [
          "4.0.1"
        ],
        "name": "Laterality extension",
        "description": "Laterality",
        "groupingId": "problem"
      },
      {
        "extension": [
          {
            "url": "http://hl7.org/fhir/tools/StructureDefinition/resource-information",
            "valueString": "StructureDefinition:extension"
          }
        ],
        "reference": {
          "reference": "StructureDefinition/be-ext-problem-origin-type"
        },
        "fhirVersion": [
          "4.0.1"
        ],
        "name": "Extension - Problem origin type",
        "description": "Extension for Problem origin type",
        "groupingId": "problem"
      },
      {
        "extension": [
          {
            "url": "http://hl7.org/fhir/tools/StructureDefinition/resource-information",
            "valueString": "ValueSet"
          }
        ],
        "reference": {
          "reference": "ValueSet/be-vs-problem-origin-type"
        },
        "fhirVersion": [
          "4.0.1"
        ],
        "name": "ValueSet - Problem origin type",
        "description": "Set of values for problem origin type",
        "groupingId": "problem"
      },
      {
        "extension": [
          {
            "url": "http://hl7.org/fhir/tools/StructureDefinition/resource-information",
            "valueString": "CodeSystem"
          }
        ],
        "reference": {
          "reference": "CodeSystem/be-cs-problem-origin-type"
        },
        "fhirVersion": [
          "4.0.1"
        ],
        "name": "CodeSystem - Problem origin type",
        "description": "Codes for Problem origin type",
        "groupingId": "problem"
      },
      {
        "extension": [
          {
            "url": "http://hl7.org/fhir/tools/StructureDefinition/resource-information",
            "valueString": "CodeSystem"
          }
        ],
        "reference": {
          "reference": "CodeSystem/be-cs-problem-category"
        },
        "fhirVersion": [
          "4.0.1"
        ],
        "name": "Code System Problem Category",
        "description": "Code System Problem Category",
        "groupingId": "problem"
      },
      {
        "extension": [
          {
            "url": "http://hl7.org/fhir/tools/StructureDefinition/resource-information",
            "valueString": "ValueSet"
          }
        ],
        "reference": {
          "reference": "ValueSet/be-vs-problem-category"
        },
        "fhirVersion": [
          "4.0.1"
        ],
        "name": "Value Set Problem Category",
        "description": "Value Set Problem Category",
        "groupingId": "problem"
      },
      {
        "extension": [
          {
            "url": "http://hl7.org/fhir/tools/StructureDefinition/resource-information",
            "valueString": "ValueSet"
          }
        ],
        "reference": {
          "reference": "ValueSet/be-vs-problem-code"
        },
        "fhirVersion": [
          "4.0.1"
        ],
        "name": "Problem Codes Value Set",
        "description": "Problem Code Value Set",
        "groupingId": "problem"
      },
      {
        "extension": [
          {
            "url": "http://hl7.org/fhir/tools/StructureDefinition/resource-information",
            "valueString": "ValueSet"
          }
        ],
        "reference": {
          "reference": "ValueSet/be-vs-laterality"
        },
        "fhirVersion": [
          "4.0.1"
        ],
        "name": "Value Set Laterality",
        "description": "Value Set Laterality",
        "groupingId": "problem"
      },
      {
        "extension": [
          {
            "url": "http://hl7.org/fhir/tools/StructureDefinition/resource-information",
            "valueString": "CodeSystem"
          }
        ],
        "reference": {
          "reference": "CodeSystem/be-cs-bodysite"
        },
        "fhirVersion": [
          "4.0.1"
        ],
        "name": "Code System Body Site",
        "description": "Code System Body Site",
        "groupingId": "problem"
      },
      {
        "extension": [
          {
            "url": "http://hl7.org/fhir/tools/StructureDefinition/resource-information",
            "valueString": "ValueSet"
          }
        ],
        "reference": {
          "reference": "ValueSet/be-vs-bodysite"
        },
        "fhirVersion": [
          "4.0.1"
        ],
        "name": "Value Set Body Site",
        "description": "Value Set Body Site",
        "groupingId": "problem"
      },
      {
        "extension": [
          {
            "url": "http://hl7.org/fhir/tools/StructureDefinition/resource-information",
            "valueString": "StructureDefinition:resource"
          }
        ],
        "reference": {
          "reference": "StructureDefinition/be-allergyintolerance"
        },
        "fhirVersion": [
          "4.0.1"
        ],
        "name": "AllergyIntolerance",
        "description": "Allergy Intolerance profile",
        "groupingId": "allergyintolerance"
      },
      {
        "extension": [
          {
            "url": "http://hl7.org/fhir/tools/StructureDefinition/resource-information",
            "valueString": "Practitioner"
          }
        ],
        "reference": {
          "reference": "Practitioner/durant"
        },
        "fhirVersion": [
          "4.0.1"
        ],
        "name": "Example Practitioner - Dr Durant (GP)",
        "description": "Dr. Paul Durant (GP)",
        "exampleBoolean": true,
        "groupingId": "allergyintolerance"
      },
      {
        "extension": [
          {
            "url": "http://hl7.org/fhir/tools/StructureDefinition/resource-information",
            "valueString": "Practitioner"
          }
        ],
        "reference": {
          "reference": "Practitioner/lenoir"
        },
        "fhirVersion": [
          "4.0.1"
        ],
        "name": "Example practitioner - Dr Lenoir",
        "description": "Lr François Lenoir",
        "exampleBoolean": true,
        "groupingId": "allergyintolerance"
      },
      {
        "extension": [
          {
            "url": "http://hl7.org/fhir/tools/StructureDefinition/resource-information",
            "valueString": "Patient"
          }
        ],
        "reference": {
          "reference": "Patient/noel"
        },
        "fhirVersion": [
          "4.0.1"
        ],
        "name": "Example Patient - Noel Joyeux",
        "description": "Patient Noel Joyeux",
        "exampleBoolean": true,
        "groupingId": "allergyintolerance"
      },
      {
        "extension": [
          {
            "url": "http://hl7.org/fhir/tools/StructureDefinition/resource-information",
            "valueString": "AllergyIntolerance"
          }
        ],
        "reference": {
          "reference": "AllergyIntolerance/noel-allergy.v0"
        },
        "fhirVersion": [
          "4.0.1"
        ],
        "name": "Example - Suspected Allergy",
        "description": "Suspected Allergy to Penicillin",
        "exampleCanonical": "https://www.hl7belgium.org/fhir/StructureDefinition/be-allergyintolerance",
        "groupingId": "allergyintolerance"
      },
      {
        "extension": [
          {
            "url": "http://hl7.org/fhir/tools/StructureDefinition/resource-information",
            "valueString": "AllergyIntolerance"
          }
        ],
        "reference": {
          "reference": "AllergyIntolerance/noel-allergy.v1"
        },
        "fhirVersion": [
          "4.0.1"
        ],
        "name": "Example - Refuted Allergy",
        "description": "Allergy has been refuted - confirmed as non-existent",
        "exampleCanonical": "https://www.hl7belgium.org/fhir/StructureDefinition/be-allergyintolerance",
        "groupingId": "allergyintolerance"
      },
      {
        "extension": [
          {
            "url": "http://hl7.org/fhir/tools/StructureDefinition/resource-information",
            "valueString": "AllergyIntolerance"
          }
        ],
        "reference": {
          "reference": "AllergyIntolerance/allergyintolerance1"
        },
        "fhirVersion": [
          "4.0.1"
        ],
        "name": "Example - Allergy 1 - peanut allergy",
        "description": "Allergy to peanut",
        "exampleCanonical": "https://www.hl7belgium.org/fhir/StructureDefinition/be-allergyintolerance",
        "groupingId": "allergyintolerance"
      },
      {
        "extension": [
          {
            "url": "http://hl7.org/fhir/tools/StructureDefinition/resource-information",
            "valueString": "AllergyIntolerance"
          }
        ],
        "reference": {
          "reference": "AllergyIntolerance/allergyintolerance2"
        },
        "fhirVersion": [
          "4.0.1"
        ],
        "name": "Example - Allergy 2 - Pollen allergy",
        "description": "Allergy to pollen",
        "exampleCanonical": "https://www.hl7belgium.org/fhir/StructureDefinition/be-allergyintolerance",
        "groupingId": "allergyintolerance"
      },
      {
        "extension": [
          {
            "url": "http://hl7.org/fhir/tools/StructureDefinition/resource-information",
            "valueString": "ExampleScenario"
          }
        ],
        "reference": {
          "reference": "ExampleScenario/scenario-allergy"
        },
        "fhirVersion": [
          "4.0.1"
        ],
        "name": "ExampleScenario - Suspected Allergy",
        "description": "Suspected Allergy, then refuted",
        "groupingId": "allergyintolerance"
      },
      {
        "extension": [
          {
            "url": "http://hl7.org/fhir/tools/StructureDefinition/resource-information",
            "valueString": "ExampleScenario"
          }
        ],
        "reference": {
          "reference": "ExampleScenario/scenario-lab-ordering"
        },
        "fhirVersion": [
          "4.0.1"
        ],
        "name": "ExampleScenario - Laboratory Ordering Workflow",
        "description": "Lab Order Placed and Results Submitted"
      },
      {
        "extension": [
          {
            "url": "http://hl7.org/fhir/tools/StructureDefinition/resource-information",
            "valueString": "StructureDefinition:logical"
          }
        ],
        "reference": {
          "reference": "StructureDefinition/be-model-scoreresult"
        },
        "fhirVersion": [
          "4.0.1"
        ],
        "name": "Score Result Logical Model",
        "description": "Score Result Logical Model",
        "groupingId": "scoreresults"
      },
      {
        "extension": [
          {
            "url": "http://hl7.org/fhir/tools/StructureDefinition/resource-information",
            "valueString": "StructureDefinition:resource"
          }
        ],
        "reference": {
          "reference": "StructureDefinition/be-scoreresult"
        },
        "fhirVersion": [
          "4.0.1"
        ],
        "name": "Score Result Profile",
        "description": "Score Result Observation profile",
        "groupingId": "scoreresults"
      },
      {
        "extension": [
          {
            "url": "http://hl7.org/fhir/tools/StructureDefinition/resource-information",
            "valueString": "Observation"
          }
        ],
        "reference": {
          "reference": "Observation/example-findRisc-screeningScoreResult"
        },
        "fhirVersion": [
          "4.0.1"
        ],
        "name": "Example - FINDRISC score result",
        "description": "FIDNRISC score result example, obtained from a QuestionnaireResponse",
        "exampleCanonical": "https://www.hl7belgium.org/fhir/StructureDefinition/be-scoreresult",
        "groupingId": "scoreresults"
      },
      {
        "extension": [
          {
            "url": "http://hl7.org/fhir/tools/StructureDefinition/resource-information",
            "valueString": "CodeSystem"
          }
        ],
        "reference": {
          "reference": "CodeSystem/be-cs-score"
        },
        "fhirVersion": [
          "4.0.1"
        ],
        "name": "Score Result Code system",
        "description": "Score Result codes",
        "groupingId": "scoreresults"
      },
      {
        "extension": [
          {
            "url": "http://hl7.org/fhir/tools/StructureDefinition/resource-information",
            "valueString": "CodeSystem"
          }
        ],
        "reference": {
          "reference": "CodeSystem/be-cs-score-category"
        },
        "fhirVersion": [
          "4.0.1"
        ],
        "name": "Score Result Category Code system",
        "description": "Score Result Category",
        "groupingId": "scoreresults"
      },
      {
        "extension": [
          {
            "url": "http://hl7.org/fhir/tools/StructureDefinition/resource-information",
            "valueString": "ValueSet"
          }
        ],
        "reference": {
          "reference": "ValueSet/be-vs-score"
        },
        "fhirVersion": [
          "4.0.1"
        ],
        "name": "Score Result Value Set",
        "description": "Score Result value set",
        "groupingId": "scoreresults"
      },
      {
        "extension": [
          {
            "url": "http://hl7.org/fhir/tools/StructureDefinition/resource-information",
            "valueString": "ValueSet"
          }
        ],
        "reference": {
          "reference": "ValueSet/be-vs-scorecategory"
        },
        "fhirVersion": [
          "4.0.1"
        ],
        "name": "Score Category Value Set",
        "description": "Score Category value set",
        "groupingId": "scoreresults"
      },
      {
        "extension": [
          {
            "url": "http://hl7.org/fhir/tools/StructureDefinition/resource-information",
            "valueString": "StructureDefinition:logical"
          }
        ],
        "reference": {
          "reference": "StructureDefinition/be-model-referralprescription"
        },
        "fhirVersion": [
          "4.0.1"
        ],
        "name": "Logical Model Referral Prescription",
        "description": "Referral Prescription logical model",
        "groupingId": "referral"
      },
      {
        "extension": [
          {
            "url": "http://hl7.org/fhir/tools/StructureDefinition/resource-information",
            "valueString": "StructureDefinition:resource"
          }
        ],
        "reference": {
          "reference": "StructureDefinition/be-patient"
        },
        "description": "Belgian federal profile for a patient. Initially based on the functional description of the NIHDI. Special remarks for KMEHR users: following elements in KMEHR are not available in this FHIR resource. If needed, an extension can be defined in a future iteration of these specifications: the 'deathlocation' (location is not available but the death of the patient is expressed by either date or Boolean cfr. infra.), the 'insurancystatus' (covered in a seperate FHIR resource: Coverage), 'insurancymembership' (covered in a seperate FHIR resource: Coverage) and 'profession' (covered in a possible future FHIR resource: OccupationalData.)"
      },
      {
        "extension": [
          {
            "url": "http://hl7.org/fhir/tools/StructureDefinition/resource-information",
            "valueString": "StructureDefinition:resource"
          }
        ],
        "reference": {
          "reference": "StructureDefinition/be-practitioner"
        },
        "name": "BePractitioner"
      },
      {
        "extension": [
          {
            "url": "http://hl7.org/fhir/tools/StructureDefinition/resource-information",
            "valueString": "StructureDefinition:resource"
          }
        ],
        "reference": {
          "reference": "StructureDefinition/be-practitionerrole"
        },
        "name": "BePractitionerRole"
      },
      {
        "extension": [
          {
            "url": "http://hl7.org/fhir/tools/StructureDefinition/resource-information",
            "valueString": "StructureDefinition:resource"
          }
        ],
        "reference": {
          "reference": "StructureDefinition/be-organization"
        },
        "description": "Belgian federal profile for an organization. Initially based on the functional description of the NIHDI."
      },
      {
        "extension": [
          {
            "url": "http://hl7.org/fhir/tools/StructureDefinition/resource-information",
            "valueString": "StructureDefinition:complex-type"
          }
        ],
        "reference": {
          "reference": "StructureDefinition/be-address"
        },
        "description": "Belgain federal profile on address, to provide the possibility in the 'line' element to provide a seperate streetname, housenumber and postal box. It is always RECOMMENDED to give these elements seperately."
      },
      {
        "extension": [
          {
            "url": "http://hl7.org/fhir/tools/StructureDefinition/resource-information",
            "valueString": "Immunization"
          }
        ],
        "reference": {
          "reference": "Immunization/immunization-example-not-given-contraindication"
        },
        "name": "Example Immunization - immunization-example-not-given-contraindication",
        "exampleCanonical": "https://www.hl7belgium.org/fhir/StructureDefinition/be-vaccination"
      },
      {
        "extension": [
          {
            "url": "http://hl7.org/fhir/tools/StructureDefinition/resource-information",
            "valueString": "Immunization"
          }
        ],
        "reference": {
          "reference": "Immunization/iex1"
        },
        "name": "Example Immunization - iex1",
        "exampleCanonical": "https://www.hl7belgium.org/fhir/StructureDefinition/be-vaccination"
      },
      {
        "extension": [
          {
            "url": "http://hl7.org/fhir/tools/StructureDefinition/resource-information",
            "valueString": "StructureDefinition:extension"
          }
        ],
        "reference": {
          "reference": "StructureDefinition/be-ext-inform-party"
        },
        "name": "BeInformParty",
        "description": "Extra parties that need to be informed of the outcome, besides the prescriber."
      },
      {
        "extension": [
          {
            "url": "http://hl7.org/fhir/tools/StructureDefinition/resource-information",
            "valueString": "Immunization"
          }
        ],
        "reference": {
          "reference": "Immunization/covid-jan-2-discarded"
        },
        "name": "Example Immunization - covid-jan-2-discarded",
        "exampleCanonical": "https://www.hl7belgium.org/fhir/StructureDefinition/be-vaccination"
      },
      {
        "extension": [
          {
            "url": "http://hl7.org/fhir/tools/StructureDefinition/resource-information",
            "valueString": "Questionnaire"
          }
        ],
        "reference": {
          "reference": "Questionnaire/mna-questionnaire"
        },
        "name": "Mini Nutritional Assessment Questionnaire"
      },
      {
        "extension": [
          {
            "url": "http://hl7.org/fhir/tools/StructureDefinition/resource-information",
            "valueString": "AllergyIntolerance"
          }
        ],
        "reference": {
          "reference": "AllergyIntolerance/allergyintolerance-encounterReference"
        },
        "name": "Example AllergyIntolerance - allergyintolerance-encounterReference",
        "exampleCanonical": "https://www.hl7belgium.org/fhir/StructureDefinition/be-allergyintolerance"
      },
      {
        "extension": [
          {
            "url": "http://hl7.org/fhir/tools/StructureDefinition/resource-information",
            "valueString": "Encounter"
          }
        ],
        "reference": {
          "reference": "Encounter/example-encounter-uzgent-contained"
        }
      },
      {
        "extension": [
          {
            "url": "http://hl7.org/fhir/tools/StructureDefinition/resource-information",
            "valueString": "CodeSystem"
          }
        ],
        "reference": {
          "reference": "CodeSystem/cs-mkatz"
        },
        "name": "CodeSystem Modified Katz assessment scale",
        "description": "CodeSystem Modified Katz assessment scale for independent living."
      },
      {
        "extension": [
          {
            "url": "http://hl7.org/fhir/tools/StructureDefinition/resource-information",
            "valueString": "Immunization"
          }
        ],
        "reference": {
          "reference": "Immunization/immunization-example-reaction-swelling"
        },
        "name": "Example Immunization - immunization-example-reaction-swelling",
        "exampleCanonical": "https://www.hl7belgium.org/fhir/StructureDefinition/be-vaccination"
      },
      {
        "extension": [
          {
            "url": "http://hl7.org/fhir/tools/StructureDefinition/resource-information",
            "valueString": "Organization"
          }
        ],
        "reference": {
          "reference": "Organization/org-kind-en-gezin"
        }
      },
      {
        "extension": [
          {
            "url": "http://hl7.org/fhir/tools/StructureDefinition/resource-information",
            "valueString": "Immunization"
          }
        ],
        "reference": {
          "reference": "Immunization/immunization-example-prescribed-vaccination"
        },
        "name": "Example Immunization - immunization-example-prescribed-vaccination",
        "exampleCanonical": "https://www.hl7belgium.org/fhir/StructureDefinition/be-vaccination"
      },
      {
        "extension": [
          {
            "url": "http://hl7.org/fhir/tools/StructureDefinition/resource-information",
            "valueString": "Immunization"
          }
        ],
        "reference": {
          "reference": "Immunization/immunization-example-1-hpv"
        },
        "name": "Example Immunization - immunization-example-1-hpv",
        "exampleCanonical": "https://www.hl7belgium.org/fhir/StructureDefinition/be-vaccination"
      },
      {
        "extension": [
          {
            "url": "http://hl7.org/fhir/tools/StructureDefinition/resource-information",
            "valueString": "ValueSet"
          }
        ],
        "reference": {
          "reference": "ValueSet/be-referral-category"
        },
        "description": "Codes to define the high level category for a referral prescription. SNOMED-CT codes in this valueset are just a draft proposal to give a general idea - pending an official valueset."
      },
      {
        "extension": [
          {
            "url": "http://hl7.org/fhir/tools/StructureDefinition/resource-information",
            "valueString": "Immunization"
          }
        ],
        "reference": {
          "reference": "Immunization/immunization-example-tetanus-cautious-reinforcement"
        },
        "name": "Example Immunization - immunization-example-tetanus-cautious-reinforcement",
        "exampleCanonical": "https://www.hl7belgium.org/fhir/StructureDefinition/be-vaccination"
      },
      {
        "extension": [
          {
            "url": "http://hl7.org/fhir/tools/StructureDefinition/resource-information",
            "valueString": "Immunization"
          }
        ],
        "reference": {
          "reference": "Immunization/immunization-example-mistaken-entry"
        },
        "name": "Example Immunization - immunization-example-mistaken-entry",
        "exampleCanonical": "https://www.hl7belgium.org/fhir/StructureDefinition/be-vaccination"
      },
      {
        "extension": [
          {
            "url": "http://hl7.org/fhir/tools/StructureDefinition/resource-information",
            "valueString": "Immunization"
          }
        ],
        "reference": {
          "reference": "Immunization/immunization-example-mistaken-entry-update"
        },
        "name": "Example Immunization - immunization-example-mistaken-entry-update",
        "exampleCanonical": "https://www.hl7belgium.org/fhir/StructureDefinition/be-vaccination"
      },
      {
        "extension": [
          {
            "url": "http://hl7.org/fhir/tools/StructureDefinition/resource-information",
            "valueString": "Immunization"
          }
        ],
        "reference": {
          "reference": "Immunization/iex3"
        },
        "name": "Example Immunization - iex3",
        "exampleCanonical": "https://www.hl7belgium.org/fhir/StructureDefinition/be-vaccination"
      },
      {
        "extension": [
          {
            "url": "http://hl7.org/fhir/tools/StructureDefinition/resource-information",
            "valueString": "ValueSet"
          }
        ],
        "reference": {
          "reference": "ValueSet/be-reason-referral-status"
        },
        "description": "Codes to explain the current status of a referral prescription."
      },
      {
        "extension": [
          {
            "url": "http://hl7.org/fhir/tools/StructureDefinition/resource-information",
            "valueString": "Immunization"
          }
        ],
        "reference": {
          "reference": "Immunization/covid-jan-1"
        },
        "name": "Example Immunization - covid-jan-1",
        "exampleCanonical": "https://www.hl7belgium.org/fhir/StructureDefinition/be-vaccination"
      },
      {
        "extension": [
          {
            "url": "http://hl7.org/fhir/tools/StructureDefinition/resource-information",
            "valueString": "Questionnaire"
          }
        ],
        "reference": {
          "reference": "Questionnaire/mkatz-questionnaire"
        },
        "name": "Modified Katz scale evaluation Questionnaire"
      },
      {
        "extension": [
          {
            "url": "http://hl7.org/fhir/tools/StructureDefinition/resource-information",
            "valueString": "StructureDefinition:resource"
          }
        ],
        "reference": {
          "reference": "StructureDefinition/be-referralprescription"
        },
        "description": "The common structure for referral prescription."
      },
      {
        "extension": [
          {
            "url": "http://hl7.org/fhir/tools/StructureDefinition/resource-information",
            "valueString": "AllergyIntolerance"
          }
        ],
        "reference": {
          "reference": "AllergyIntolerance/allergyintolerance-encounterReference-contained"
        },
        "name": "Example AllergyIntolerance - allergyintolerance-encounterReference-contained",
        "exampleCanonical": "https://www.hl7belgium.org/fhir/StructureDefinition/be-allergyintolerance"
      },
      {
        "extension": [
          {
            "url": "http://hl7.org/fhir/tools/StructureDefinition/resource-information",
            "valueString": "Immunization"
          }
        ],
        "reference": {
          "reference": "Immunization/immunization-example-not-given-refusal"
        },
        "name": "Example Immunization - immunization-example-not-given-refusal",
        "exampleCanonical": "https://www.hl7belgium.org/fhir/StructureDefinition/be-vaccination"
      },
      {
        "extension": [
          {
            "url": "http://hl7.org/fhir/tools/StructureDefinition/resource-information",
            "valueString": "Immunization"
          }
        ],
        "reference": {
          "reference": "Immunization/immunization-example-not-given-stock"
        },
        "name": "Example Immunization - immunization-example-not-given-stock",
        "exampleCanonical": "https://www.hl7belgium.org/fhir/StructureDefinition/be-vaccination"
      },
      {
        "extension": [
          {
            "url": "http://hl7.org/fhir/tools/StructureDefinition/resource-information",
            "valueString": "StructureDefinition:resource"
          }
        ],
        "reference": {
          "reference": "StructureDefinition/be-measure"
        },
        "name": "BeMEasure",
        "description": "A record of an observation made by the patient or a professional, with or without a measurement device. This is the preferred profile to be used in specified cases like glucose monitoring, BMI, etc.\nThe list of cases that are supported by this profile (and for which this profile is preferred) is evolving, but for those cases that are included, this profile should be used, instead of a generic Observation."
      },
      {
        "extension": [
          {
            "url": "http://hl7.org/fhir/tools/StructureDefinition/resource-information",
            "valueString": "Immunization"
          }
        ],
        "reference": {
          "reference": "Immunization/immunization-example-childhood-measles"
        },
        "name": "Example Immunization - immunization-example-childhood-measles",
        "exampleCanonical": "https://www.hl7belgium.org/fhir/StructureDefinition/be-vaccination"
      },
      {
        "extension": [
          {
            "url": "http://hl7.org/fhir/tools/StructureDefinition/resource-information",
            "valueString": "Immunization"
          }
        ],
        "reference": {
          "reference": "Immunization/covid-jan-3"
        },
        "name": "Example Immunization - covid-jan-3",
        "exampleCanonical": "https://www.hl7belgium.org/fhir/StructureDefinition/be-vaccination"
      },
      {
        "extension": [
          {
            "url": "http://hl7.org/fhir/tools/StructureDefinition/resource-information",
            "valueString": "Encounter"
          }
        ],
        "reference": {
          "reference": "Encounter/example-encounter-uzgent"
        }
      },
      {
        "extension": [
          {
            "url": "http://hl7.org/fhir/tools/StructureDefinition/resource-information",
            "valueString": "CodeSystem"
          }
        ],
        "reference": {
          "reference": "CodeSystem/be-status-reason"
        },
        "name": "BeStatusReason",
        "description": "Status reason in Belgium. Initially defined as supporting CodeSystem for the referral prescription."
      },
      {
        "extension": [
          {
            "url": "http://hl7.org/fhir/tools/StructureDefinition/resource-information",
            "valueString": "Organization"
          }
        ],
        "reference": {
          "reference": "Organization/org-uz-gent"
        }
      },
      {
        "extension": [
          {
            "url": "http://hl7.org/fhir/tools/StructureDefinition/resource-information",
            "valueString": "Organization"
          }
        ],
        "reference": {
          "reference": "Organization/org-sanofi"
        }
      },
      {
        "extension": [
          {
            "url": "http://hl7.org/fhir/tools/StructureDefinition/resource-information",
            "valueString": "StructureDefinition:extension"
          }
        ],
        "reference": {
          "reference": "StructureDefinition/exposure-risk"
        },
        "description": "Exposure Risk"
      },
      {
        "extension": [
          {
            "url": "http://hl7.org/fhir/tools/StructureDefinition/resource-information",
            "valueString": "Organization"
          }
        ],
        "reference": {
          "reference": "Organization/org-one-brussels"
        }
      },
      {
        "extension": [
          {
            "url": "http://hl7.org/fhir/tools/StructureDefinition/resource-information",
            "valueString": "Questionnaire"
          }
        ],
        "reference": {
          "reference": "Questionnaire/allergy-intolerance-questionnaire"
        },
        "name": "Allergy / Intolerance reporting Questionnaire"
      },
      {
        "extension": [
          {
            "url": "http://hl7.org/fhir/tools/StructureDefinition/resource-information",
            "valueString": "Organization"
          }
        ],
        "reference": {
          "reference": "Organization/org-msd-belgium"
        }
      },
      {
        "extension": [
          {
            "url": "http://hl7.org/fhir/tools/StructureDefinition/resource-information",
            "valueString": "CodeSystem"
          }
        ],
        "reference": {
          "reference": "CodeSystem/cs-mna"
        },
        "name": "CodeSystem Mini Nutritional Assessment scale",
        "description": "CodeSystem Mini Nutritional Assessment."
      },
      {
        "extension": [
          {
            "url": "http://hl7.org/fhir/tools/StructureDefinition/resource-information",
            "valueString": "Immunization"
          }
        ],
        "reference": {
          "reference": "Immunization/iex2"
        },
        "name": "Example Immunization - iex2",
        "exampleCanonical": "https://www.hl7belgium.org/fhir/StructureDefinition/be-vaccination"
      }
    ],
    "page": {
      "nameUrl": "toc.html",
      "title": "Table of Contents",
      "generation": "html",
      "page": [
        {
          "nameUrl": "index.html",
          "title": "MyIG Home Page",
          "generation": "html"
        },
        {
          "nameUrl": "project.html",
          "title": "Project Description",
          "generation": "html"
        },
        {
          "nameUrl": "usecases.html",
          "title": "Use Cases",
          "generation": "html"
        },
        {
          "nameUrl": "downloads.html",
          "title": "Useful Downloads",
          "generation": "html"
        },
        {
          "nameUrl": "changes.html",
          "title": "IG Change History",
          "generation": "html"
        }
      ]
    },
    "parameter": [
      {
        "code": "path-resource",
        "value": "input/examples/Vaccination"
      },
      {
        "code": "path-resource",
        "value": "input/scenarios"
      },
      {
        "code": "path-resource",
        "value": "input/capabilities"
      },
      {
        "code": "path-resource",
        "value": "input/examples"
      },
      {
        "code": "path-resource",
        "value": "input/extensions"
      },
      {
        "code": "path-resource",
        "value": "input/models"
      },
      {
        "code": "path-resource",
        "value": "input/operations"
      },
      {
        "code": "path-resource",
        "value": "input/profiles"
      },
      {
        "code": "path-resource",
        "value": "input/resources"
      },
      {
        "code": "path-resource",
        "value": "input/vocabulary"
      },
      {
        "code": "path-resource",
        "value": "input/testing"
      },
      {
        "code": "path-resource",
        "value": "input/history"
      },
      {
        "code": "path-resource",
        "value": "fsh-generated/resources"
      },
      {
        "code": "path-pages",
        "value": "template/config"
      },
      {
        "code": "path-pages",
        "value": "input/images"
      },
      {
        "code": "path-tx-cache",
        "value": "input-cache/txcache"
      }
    ]
  }
}