{"resourceType":"CodeSystem","id":"be-cs-vaccination-confirmation-status","text":{"status":"generated","div":"<div xmlns=\"http://www.w3.org/1999/xhtml\"><p>This code system https://www.hl7belgium.org/fhir/CodeSystem/be-cs-vaccination-confirmation-status defines the following codes:</p><table class=\"codes\"><tr><td style=\"white-space:nowrap\"><b>Code</b></td><td><b>Display</b></td></tr><tr><td style=\"white-space:nowrap\">unconfirmed<a name=\"be-cs-vaccination-confirmation-status-unconfirmed\"> </a></td><td>unconfirmed</td></tr><tr><td style=\"white-space:nowrap\">confirmed<a name=\"be-cs-vaccination-confirmation-status-confirmed\"> </a></td><td>confirmed</td></tr><tr><td style=\"white-space:nowrap\">other<a name=\"be-cs-vaccination-confirmation-status-other\"> </a></td><td>other</td></tr></table><p><b>Additional Language Displays</b></p><table class=\"codes\"><tr><td><b>Code</b></td><td><b>French (Belgium) (fr)</b></td><td><b>Nederlands (België) (Dutch (Belgium), nl)</b></td></tr><tr><td>unconfirmed</td><td>non confirmé</td><td>niet bevestigd</td></tr><tr><td>confirmed</td><td>confirmé</td><td>bevestigd</td></tr><tr><td>other</td><td>autre</td><td>andere</td></tr></table></div>"},"url":"https://www.hl7belgium.org/fhir/CodeSystem/be-cs-vaccination-confirmation-status","version":"0.1.0","name":"BeCSVaccinationConfirmationStatus","title":"Vaccination status Code System.","status":"draft","date":"2021-07-13T22:58:11+00:00","publisher":"RIZIV-INAMI","contact":[{"telecom":[{"system":"url","value":"http://somewhere.org"}]}],"description":"Vaccination status Code System.","jurisdiction":[{"coding":[{"system":"http://unstats.un.org/unsd/methods/m49/m49.htm","code":"056"},{"system":"urn:iso:std:iso:3166","code":"BE"}]}],"content":"complete","concept":[{"code":"unconfirmed","display":"unconfirmed","designation":[{"language":"fr-BE","value":"non confirmé"},{"language":"nl-BE","value":"niet bevestigd"}]},{"code":"confirmed","display":"confirmed","designation":[{"language":"fr-BE","value":"confirmé"},{"language":"nl-BE","value":"bevestigd"}]},{"code":"other","display":"other","designation":[{"language":"fr-BE","value":"autre"},{"language":"nl-BE","value":"andere"}]}]}