{"resourceType":"ExampleScenario","id":"scenario-lab-ordering","url":"https://www.hl7belgium.org/fhir/ExampleScenario/scenario-lab-ordering","version":"0.1.0","name":"LabOrderingScenario","status":"draft","experimental":true,"date":"2021-07-14T00:00:00.000+01:00","publisher":"RIZIV-INAMI","contact":[{"telecom":[{"system":"url","value":"http://somewhere.org"}]}],"jurisdiction":[{"coding":[{"system":"http://unstats.un.org/unsd/methods/m49/m49.htm","code":"056"},{"system":"urn:iso:std:iso:3166","code":"BE"}]}],"actor":[{"actorId":"OrderCreator","type":"person","name":"(GP)"},{"actorId":"OrderRepository","type":"entity","name":"Order Repository"},{"actorId":"OrderReciever","type":"person","name":"(Lab Operator)"}],"instance":[{"resourceId":"lab-order-bundle.v0","resourceType":"Bundle","name":"Bundle for Placed Lab Order"},{"resourceId":"EB","resourceType":"Bundle","name":"Empty Bundle"},{"resourceId":"lab-order-bundle.v1","resourceType":"Bundle","name":"Lab Order Bundle Updated Status"},{"resourceId":"lab-order-bundle.v2","resourceType":"Bundle","name":"Lab Order Bundle Updated Results"}],"process":[{"title":"Laboratory Ordering Use Case","description":"description","preConditions":"The patient visits their GP and shows signs of illness. The GP will order a set of tests to be performed.","postConditions":"The patient's lab order is persisted in the Order Repository, and includes an updated status of `Completed` and order results.","step":[{"operation":{"number":"1","name":"Create a new Laboratory Test Order","initiator":"OrderCreator","receiver":"OrderRepository","response":{"resourceId":"lab-order-bundle.v0"}}},{"operation":{"number":"2","name":"Create a new Laboratory Test Order","initiator":"OrderRepository","receiver":"OrderReciever","response":{"resourceId":"lab-order-bundle.v0"}}},{"operation":{"number":"3","name":"Accept Lab Order","initiator":"OrderReciever","receiver":"OrderRepository","response":{"resourceId":"lab-order-bundle.v1"}}},{"operation":{"number":"4","name":"Update Lab Order with Results","initiator":"OrderReciever","receiver":"OrderRepository","response":{"resourceId":"lab-order-bundle.v2"}}},{"operation":{"number":"5","name":"Update Lab Order with Results","initiator":"OrderRepository","receiver":"OrderCreator","response":{"resourceId":"lab-order-bundle.v2"}}}]}]}