{"resourceType":"ExampleScenario","id":"scenario-allergy","url":"https://www.hl7belgium.org/fhir/ExampleScenario/scenario-allergy","version":"0.1.0","name":"AllergyScenario","status":"draft","experimental":false,"date":"2019-09-11T00:00:00.000+01:00","publisher":"RIZIV-INAMI","contact":[{"telecom":[{"system":"url","value":"http://somewhere.org"}]}],"jurisdiction":[{"coding":[{"system":"http://unstats.un.org/unsd/methods/m49/m49.htm","code":"056"},{"system":"urn:iso:std:iso:3166","code":"BE"}]}],"actor":[{"actorId":"GP","type":"person","name":"Dr. Durant\\n(GP)"},{"actorId":"VAULT","type":"entity","name":"Vault"},{"actorId":"SPEC","type":"person","name":"Dr. Lenoir\\n(Specialist)"}],"instance":[{"resourceId":"noel-allergy.v0","resourceType":"AllergyIntolerance","name":"Allergy Record"},{"resourceId":"EB","resourceType":"Bundle","name":"Empty Bundle"},{"resourceId":"noel-allergy.v1","resourceType":"AllergyIntolerance","name":"Updated Allergy Record"}],"process":[{"title":"Allergy Intolerance Use Case","description":"description","preConditions":"The patient visits their GP and shows signs of inflammation. The GP will check for possible allergies, while presently there are no allergies registered for the patient.","postConditions":"The patient's allergy information in the central vault is updated with a refuted allergy (which may or not be shown in the patient record).","step":[{"operation":{"number":"1","name":"Get patient's allergies","initiator":"GP","receiver":"VAULT","response":{"resourceId":"EB"}}},{"operation":{"number":"2","name":"Create new Allergy record entry","initiator":"GP","receiver":"VAULT","request":{"resourceId":"noel-allergy.v0"}}},{"operation":{"number":"3","name":"Get patient's allergies","initiator":"SPEC","receiver":"VAULT","response":{"resourceId":"noel-allergy.v0"}}},{"operation":{"number":"4","name":"Update Allergy record","initiator":"SPEC","receiver":"VAULT","request":{"resourceId":"noel-allergy.v1"}}},{"operation":{"number":"5","name":"Get patient's allergies","initiator":"GP","receiver":"VAULT","response":{"resourceId":"noel-allergy.v1"}}}]}]}