{"resourceType":"Questionnaire","id":"allergy-intolerance-questionnaire","language":"en","text":{"status":"generated","div":"<div xmlns=\"http://www.w3.org/1999/xhtml\" xml:lang=\"en\" lang=\"en\"><b>Structure</b><table border=\"1\" cellpadding=\"0\" cellspacing=\"0\" style=\"border: 1px #F0F0F0 solid; font-size: 11px; font-family: verdana; vertical-align: top;\"><tr style=\"border: 2px #F0F0F0 solid; font-size: 11px; font-family: verdana; vertical-align: top\"><th style=\"vertical-align: top; text-align : left; background-color: white; border: 1px #F0F0F0 solid; padding:0px 4px 0px 4px\" class=\"hierarchy\"><a href=\"http://hl7.org/fhir/R4/formats.html#table\" title=\"The linkId for the item\">LinkId</a></th><th style=\"vertical-align: top; text-align : left; background-color: white; border: 1px #F0F0F0 solid; padding:0px 4px 0px 4px\" class=\"hierarchy\"><a href=\"http://hl7.org/fhir/R4/formats.html#table\" title=\"Text for the item\">Text</a></th><th style=\"vertical-align: top; text-align : left; background-color: white; border: 1px #F0F0F0 solid; padding:0px 4px 0px 4px\" class=\"hierarchy\"><a href=\"http://hl7.org/fhir/R4/formats.html#table\" title=\"Minimum and Maximum # of times the the itemcan appear in the instance\">Cardinality</a></th><th style=\"vertical-align: top; text-align : left; background-color: white; border: 1px #F0F0F0 solid; padding:0px 4px 0px 4px\" class=\"hierarchy\"><a href=\"http://hl7.org/fhir/R4/formats.html#table\" title=\"The type of the item\">Type</a></th><th style=\"vertical-align: top; text-align : left; background-color: white; border: 1px #F0F0F0 solid; padding:0px 4px 0px 4px\" class=\"hierarchy\"><a href=\"http://hl7.org/fhir/R4/formats.html#table\" title=\"Additional information about the item\">Description &amp; Constraints</a><span style=\"float: right\"><a href=\"http://hl7.org/fhir/R4/formats.html#table\" title=\"Legend for this format\"><img src=\"http://hl7.org/fhir/R4/help16.png\" alt=\"doco\" style=\"background-color: inherit\"/></a></span></th></tr><tr style=\"border: 1px #F0F0F0 solid; padding:0px; vertical-align: top; background-color: white\"><td style=\"vertical-align: top; text-align : left; background-color: white; border: 1px #F0F0F0 solid; padding:0px 4px 0px 4px; white-space: nowrap; background-image: url(tbl_bck1.png)\" class=\"hierarchy\"><img src=\"tbl_spacer.png\" alt=\".\" style=\"background-color: inherit\" class=\"hierarchy\"/><img src=\"icon_q_root.gif\" alt=\".\" style=\"background-color: white; background-color: inherit\" title=\"QuestionnaireRoot\" class=\"hierarchy\"/> AllergyIntoleranceQuestionnaire</td><td style=\"vertical-align: top; text-align : left; background-color: white; border: 1px #F0F0F0 solid; padding:0px 4px 0px 4px\" class=\"hierarchy\"></td><td style=\"vertical-align: top; text-align : left; background-color: white; border: 1px #F0F0F0 solid; padding:0px 4px 0px 4px\" class=\"hierarchy\"></td><td style=\"vertical-align: top; text-align : left; background-color: white; border: 1px #F0F0F0 solid; padding:0px 4px 0px 4px\" class=\"hierarchy\">Questionnaire</td><td style=\"vertical-align: top; text-align : left; background-color: white; border: 1px #F0F0F0 solid; padding:0px 4px 0px 4px\" class=\"hierarchy\"/></tr>\r\n<tr style=\"border: 1px #F0F0F0 solid; padding:0px; vertical-align: top; background-color: #F7F7F7\"><td style=\"vertical-align: top; text-align : left; background-color: #F7F7F7; border: 1px #F0F0F0 solid; padding:0px 4px 0px 4px; white-space: nowrap; background-image: url(tbl_bck11.png)\" class=\"hierarchy\"><img src=\"tbl_spacer.png\" alt=\".\" style=\"background-color: inherit\" class=\"hierarchy\"/><img src=\"tbl_vjoin.png\" alt=\".\" style=\"background-color: inherit\" class=\"hierarchy\"/><img src=\"icon-q-group.png\" alt=\".\" style=\"background-color: #F7F7F7; background-color: inherit\" title=\"Group\" class=\"hierarchy\"/> patient</td><td style=\"vertical-align: top; text-align : left; background-color: #F7F7F7; border: 1px #F0F0F0 solid; padding:0px 4px 0px 4px\" class=\"hierarchy\">Patient</td><td style=\"vertical-align: top; text-align : left; background-color: #F7F7F7; border: 1px #F0F0F0 solid; padding:0px 4px 0px 4px\" class=\"hierarchy\">1..1</td><td style=\"vertical-align: top; text-align : left; background-color: #F7F7F7; border: 1px #F0F0F0 solid; padding:0px 4px 0px 4px\" class=\"hierarchy\"><a href=\"http://hl7.org/fhir/R4/codesystem-item-type.html#item-type-group\">group</a></td><td style=\"vertical-align: top; text-align : left; background-color: #F7F7F7; border: 1px #F0F0F0 solid; padding:0px 4px 0px 4px\" class=\"hierarchy\"/></tr>\r\n<tr style=\"border: 1px #F0F0F0 solid; padding:0px; vertical-align: top; background-color: white\"><td style=\"vertical-align: top; text-align : left; background-color: white; border: 1px #F0F0F0 solid; padding:0px 4px 0px 4px; white-space: nowrap; background-image: url(tbl_bck110.png)\" class=\"hierarchy\"><img src=\"tbl_spacer.png\" alt=\".\" style=\"background-color: inherit\" class=\"hierarchy\"/><img src=\"tbl_vline.png\" alt=\".\" style=\"background-color: inherit\" class=\"hierarchy\"/><img src=\"tbl_vjoin.png\" alt=\".\" style=\"background-color: inherit\" class=\"hierarchy\"/><img src=\"icon-q-string.png\" alt=\".\" style=\"background-color: white; background-color: inherit\" title=\"String\" class=\"hierarchy\"/> patient-name</td><td style=\"vertical-align: top; text-align : left; background-color: white; border: 1px #F0F0F0 solid; padding:0px 4px 0px 4px\" class=\"hierarchy\">Patient Name</td><td style=\"vertical-align: top; text-align : left; background-color: white; border: 1px #F0F0F0 solid; padding:0px 4px 0px 4px\" class=\"hierarchy\">0..1</td><td style=\"vertical-align: top; text-align : left; background-color: white; border: 1px #F0F0F0 solid; padding:0px 4px 0px 4px\" class=\"hierarchy\"><a href=\"http://hl7.org/fhir/R4/codesystem-item-type.html#item-type-string\">string</a></td><td style=\"vertical-align: top; text-align : left; background-color: white; border: 1px #F0F0F0 solid; padding:0px 4px 0px 4px\" class=\"hierarchy\"/></tr>\r\n<tr style=\"border: 1px #F0F0F0 solid; padding:0px; vertical-align: top; background-color: #F7F7F7\"><td style=\"vertical-align: top; text-align : left; background-color: #F7F7F7; border: 1px #F0F0F0 solid; padding:0px 4px 0px 4px; white-space: nowrap; background-image: url(tbl_bck100.png)\" class=\"hierarchy\"><img src=\"tbl_spacer.png\" alt=\".\" style=\"background-color: inherit\" class=\"hierarchy\"/><img src=\"tbl_vline.png\" alt=\".\" style=\"background-color: inherit\" class=\"hierarchy\"/><img src=\"tbl_vjoin_end.png\" alt=\".\" style=\"background-color: inherit\" class=\"hierarchy\"/><img src=\"icon-q-string.png\" alt=\".\" style=\"background-color: #F7F7F7; background-color: inherit\" title=\"String\" class=\"hierarchy\"/> patient-id</td><td style=\"vertical-align: top; text-align : left; background-color: #F7F7F7; border: 1px #F0F0F0 solid; padding:0px 4px 0px 4px\" class=\"hierarchy\">Patient ID (SSIN)</td><td style=\"vertical-align: top; text-align : left; background-color: #F7F7F7; border: 1px #F0F0F0 solid; padding:0px 4px 0px 4px\" class=\"hierarchy\">1..1</td><td style=\"vertical-align: top; text-align : left; background-color: #F7F7F7; border: 1px #F0F0F0 solid; padding:0px 4px 0px 4px\" class=\"hierarchy\"><a href=\"http://hl7.org/fhir/R4/codesystem-item-type.html#item-type-string\">string</a></td><td style=\"vertical-align: top; text-align : left; background-color: #F7F7F7; border: 1px #F0F0F0 solid; padding:0px 4px 0px 4px\" class=\"hierarchy\"/></tr>\r\n<tr style=\"border: 1px #F0F0F0 solid; padding:0px; vertical-align: top; background-color: white\"><td style=\"vertical-align: top; text-align : left; background-color: white; border: 1px #F0F0F0 solid; padding:0px 4px 0px 4px; white-space: nowrap; background-image: url(tbl_bck11.png)\" class=\"hierarchy\"><img src=\"tbl_spacer.png\" alt=\".\" style=\"background-color: inherit\" class=\"hierarchy\"/><img src=\"tbl_vjoin.png\" alt=\".\" style=\"background-color: inherit\" class=\"hierarchy\"/><img src=\"icon-q-display.png\" alt=\".\" style=\"background-color: white; background-color: inherit\" title=\"Display\" class=\"hierarchy\"/> status</td><td style=\"vertical-align: top; text-align : left; background-color: white; border: 1px #F0F0F0 solid; padding:0px 4px 0px 4px\" class=\"hierarchy\">AllergyStatus</td><td style=\"vertical-align: top; text-align : left; background-color: white; border: 1px #F0F0F0 solid; padding:0px 4px 0px 4px\" class=\"hierarchy\">0..1</td><td style=\"vertical-align: top; text-align : left; background-color: white; border: 1px #F0F0F0 solid; padding:0px 4px 0px 4px\" class=\"hierarchy\"><a href=\"http://hl7.org/fhir/R4/codesystem-item-type.html#item-type-display\">display</a></td><td style=\"vertical-align: top; text-align : left; background-color: white; border: 1px #F0F0F0 solid; padding:0px 4px 0px 4px\" class=\"hierarchy\"/></tr>\r\n<tr style=\"border: 1px #F0F0F0 solid; padding:0px; vertical-align: top; background-color: #F7F7F7\"><td style=\"vertical-align: top; text-align : left; background-color: #F7F7F7; border: 1px #F0F0F0 solid; padding:0px 4px 0px 4px; white-space: nowrap; background-image: url(tbl_bck110.png)\" class=\"hierarchy\"><img src=\"tbl_spacer.png\" alt=\".\" style=\"background-color: inherit\" class=\"hierarchy\"/><img src=\"tbl_vline.png\" alt=\".\" style=\"background-color: inherit\" class=\"hierarchy\"/><img src=\"tbl_vjoin.png\" alt=\".\" style=\"background-color: inherit\" class=\"hierarchy\"/><img src=\"icon-q-string.png\" alt=\".\" style=\"background-color: #F7F7F7; background-color: inherit\" title=\"String\" class=\"hierarchy\"/> clinical-status</td><td style=\"vertical-align: top; text-align : left; background-color: #F7F7F7; border: 1px #F0F0F0 solid; padding:0px 4px 0px 4px\" class=\"hierarchy\">Clinical Status</td><td style=\"vertical-align: top; text-align : left; background-color: #F7F7F7; border: 1px #F0F0F0 solid; padding:0px 4px 0px 4px\" class=\"hierarchy\">0..1</td><td style=\"vertical-align: top; text-align : left; background-color: #F7F7F7; border: 1px #F0F0F0 solid; padding:0px 4px 0px 4px\" class=\"hierarchy\"><a href=\"http://hl7.org/fhir/R4/codesystem-item-type.html#item-type-string\">string</a></td><td style=\"vertical-align: top; text-align : left; background-color: #F7F7F7; border: 1px #F0F0F0 solid; padding:0px 4px 0px 4px\" class=\"hierarchy\">Options: <a href=\"#opt-item.clinical-status\">3 options</a></td></tr>\r\n<tr style=\"border: 1px #F0F0F0 solid; padding:0px; vertical-align: top; background-color: white\"><td style=\"vertical-align: top; text-align : left; background-color: white; border: 1px #F0F0F0 solid; padding:0px 4px 0px 4px; white-space: nowrap; background-image: url(tbl_bck100.png)\" class=\"hierarchy\"><img src=\"tbl_spacer.png\" alt=\".\" style=\"background-color: inherit\" class=\"hierarchy\"/><img src=\"tbl_vline.png\" alt=\".\" style=\"background-color: inherit\" class=\"hierarchy\"/><img src=\"tbl_vjoin_end.png\" alt=\".\" style=\"background-color: inherit\" class=\"hierarchy\"/><img src=\"icon-q-string.png\" alt=\".\" style=\"background-color: white; background-color: inherit\" title=\"String\" class=\"hierarchy\"/> patient-id</td><td style=\"vertical-align: top; text-align : left; background-color: white; border: 1px #F0F0F0 solid; padding:0px 4px 0px 4px\" class=\"hierarchy\">Verification Status</td><td style=\"vertical-align: top; text-align : left; background-color: white; border: 1px #F0F0F0 solid; padding:0px 4px 0px 4px\" class=\"hierarchy\">0..1</td><td style=\"vertical-align: top; text-align : left; background-color: white; border: 1px #F0F0F0 solid; padding:0px 4px 0px 4px\" class=\"hierarchy\"><a href=\"http://hl7.org/fhir/R4/codesystem-item-type.html#item-type-string\">string</a></td><td style=\"vertical-align: top; text-align : left; background-color: white; border: 1px #F0F0F0 solid; padding:0px 4px 0px 4px\" class=\"hierarchy\">Options: <a href=\"#opt-item.patient-id\">4 options</a></td></tr>\r\n<tr style=\"border: 1px #F0F0F0 solid; padding:0px; vertical-align: top; background-color: #F7F7F7\"><td style=\"vertical-align: top; text-align : left; background-color: #F7F7F7; border: 1px #F0F0F0 solid; padding:0px 4px 0px 4px; white-space: nowrap; background-image: url(tbl_bck10.png)\" class=\"hierarchy\"><img src=\"tbl_spacer.png\" alt=\".\" style=\"background-color: inherit\" class=\"hierarchy\"/><img src=\"tbl_vjoin.png\" alt=\".\" style=\"background-color: inherit\" class=\"hierarchy\"/><img src=\"icon-q-coding.png\" alt=\".\" style=\"background-color: #F7F7F7; background-color: inherit\" title=\"Coding\" class=\"hierarchy\"/> allergyintolerance</td><td style=\"vertical-align: top; text-align : left; background-color: #F7F7F7; border: 1px #F0F0F0 solid; padding:0px 4px 0px 4px\" class=\"hierarchy\">Allergy or Intolerance?</td><td style=\"vertical-align: top; text-align : left; background-color: #F7F7F7; border: 1px #F0F0F0 solid; padding:0px 4px 0px 4px\" class=\"hierarchy\">0..1</td><td style=\"vertical-align: top; text-align : left; background-color: #F7F7F7; border: 1px #F0F0F0 solid; padding:0px 4px 0px 4px\" class=\"hierarchy\"><a href=\"http://hl7.org/fhir/R4/codesystem-item-type.html#item-type-choice\">choice</a></td><td style=\"vertical-align: top; text-align : left; background-color: #F7F7F7; border: 1px #F0F0F0 solid; padding:0px 4px 0px 4px\" class=\"hierarchy\">Options: <a href=\"#opt-item.allergyintolerance\">2 options</a></td></tr>\r\n<tr style=\"border: 1px #F0F0F0 solid; padding:0px; vertical-align: top; background-color: white\"><td style=\"vertical-align: top; text-align : left; background-color: white; border: 1px #F0F0F0 solid; padding:0px 4px 0px 4px; white-space: nowrap; background-image: url(tbl_bck10.png)\" class=\"hierarchy\"><img src=\"tbl_spacer.png\" alt=\".\" style=\"background-color: inherit\" class=\"hierarchy\"/><img src=\"tbl_vjoin.png\" alt=\".\" style=\"background-color: inherit\" class=\"hierarchy\"/><img src=\"icon-q-coding.png\" alt=\".\" style=\"background-color: white; background-color: inherit\" title=\"Coding\" class=\"hierarchy\"/> type</td><td style=\"vertical-align: top; text-align : left; background-color: white; border: 1px #F0F0F0 solid; padding:0px 4px 0px 4px\" class=\"hierarchy\">Type (food, medication, environment, biologic)?</td><td style=\"vertical-align: top; text-align : left; background-color: white; border: 1px #F0F0F0 solid; padding:0px 4px 0px 4px\" class=\"hierarchy\">0..1</td><td style=\"vertical-align: top; text-align : left; background-color: white; border: 1px #F0F0F0 solid; padding:0px 4px 0px 4px\" class=\"hierarchy\"><a href=\"http://hl7.org/fhir/R4/codesystem-item-type.html#item-type-choice\">choice</a></td><td style=\"vertical-align: top; text-align : left; background-color: white; border: 1px #F0F0F0 solid; padding:0px 4px 0px 4px\" class=\"hierarchy\">Options: <a href=\"#opt-item.type\">4 options</a></td></tr>\r\n<tr style=\"border: 1px #F0F0F0 solid; padding:0px; vertical-align: top; background-color: #F7F7F7\"><td style=\"vertical-align: top; text-align : left; background-color: #F7F7F7; border: 1px #F0F0F0 solid; padding:0px 4px 0px 4px; white-space: nowrap; background-image: url(tbl_bck10.png)\" class=\"hierarchy\"><img src=\"tbl_spacer.png\" alt=\".\" style=\"background-color: inherit\" class=\"hierarchy\"/><img src=\"tbl_vjoin.png\" alt=\".\" style=\"background-color: inherit\" class=\"hierarchy\"/><img src=\"icon-q-coding.png\" alt=\".\" style=\"background-color: #F7F7F7; background-color: inherit\" title=\"Coding\" class=\"hierarchy\"/> code</td><td style=\"vertical-align: top; text-align : left; background-color: #F7F7F7; border: 1px #F0F0F0 solid; padding:0px 4px 0px 4px\" class=\"hierarchy\">Code of the allergen or substance?</td><td style=\"vertical-align: top; text-align : left; background-color: #F7F7F7; border: 1px #F0F0F0 solid; padding:0px 4px 0px 4px\" class=\"hierarchy\">0..1</td><td style=\"vertical-align: top; text-align : left; background-color: #F7F7F7; border: 1px #F0F0F0 solid; padding:0px 4px 0px 4px\" class=\"hierarchy\"><a href=\"http://hl7.org/fhir/R4/codesystem-item-type.html#item-type-choice\">choice</a></td><td style=\"vertical-align: top; text-align : left; background-color: #F7F7F7; border: 1px #F0F0F0 solid; padding:0px 4px 0px 4px\" class=\"hierarchy\">Value Set: https://www.ehealth.fgov.be/standards/fhir/ValueSet/be-allergyintolerancecode</td></tr>\r\n<tr style=\"border: 1px #F0F0F0 solid; padding:0px; vertical-align: top; background-color: white\"><td style=\"vertical-align: top; text-align : left; background-color: white; border: 1px #F0F0F0 solid; padding:0px 4px 0px 4px; white-space: nowrap; background-image: url(tbl_bck11.png)\" class=\"hierarchy\"><img src=\"tbl_spacer.png\" alt=\".\" style=\"background-color: inherit\" class=\"hierarchy\"/><img src=\"tbl_vjoin.png\" alt=\".\" style=\"background-color: inherit\" class=\"hierarchy\"/><img src=\"icon-q-group.png\" alt=\".\" style=\"background-color: white; background-color: inherit\" title=\"Group\" class=\"hierarchy\"/> recorded</td><td style=\"vertical-align: top; text-align : left; background-color: white; border: 1px #F0F0F0 solid; padding:0px 4px 0px 4px\" class=\"hierarchy\">Recorded</td><td style=\"vertical-align: top; text-align : left; background-color: white; border: 1px #F0F0F0 solid; padding:0px 4px 0px 4px\" class=\"hierarchy\">1..1</td><td style=\"vertical-align: top; text-align : left; background-color: white; border: 1px #F0F0F0 solid; padding:0px 4px 0px 4px\" class=\"hierarchy\"><a href=\"http://hl7.org/fhir/R4/codesystem-item-type.html#item-type-group\">group</a></td><td style=\"vertical-align: top; text-align : left; background-color: white; border: 1px #F0F0F0 solid; padding:0px 4px 0px 4px\" class=\"hierarchy\"/></tr>\r\n<tr style=\"border: 1px #F0F0F0 solid; padding:0px; vertical-align: top; background-color: #F7F7F7\"><td style=\"vertical-align: top; text-align : left; background-color: #F7F7F7; border: 1px #F0F0F0 solid; padding:0px 4px 0px 4px; white-space: nowrap; background-image: url(tbl_bck110.png)\" class=\"hierarchy\"><img src=\"tbl_spacer.png\" alt=\".\" style=\"background-color: inherit\" class=\"hierarchy\"/><img src=\"tbl_vline.png\" alt=\".\" style=\"background-color: inherit\" class=\"hierarchy\"/><img src=\"tbl_vjoin.png\" alt=\".\" style=\"background-color: inherit\" class=\"hierarchy\"/><img src=\"icon-q-date.png\" alt=\".\" style=\"background-color: #F7F7F7; background-color: inherit\" title=\"Date\" class=\"hierarchy\"/> recorded-date</td><td style=\"vertical-align: top; text-align : left; background-color: #F7F7F7; border: 1px #F0F0F0 solid; padding:0px 4px 0px 4px\" class=\"hierarchy\">Date of Record</td><td style=\"vertical-align: top; text-align : left; background-color: #F7F7F7; border: 1px #F0F0F0 solid; padding:0px 4px 0px 4px\" class=\"hierarchy\">0..1</td><td style=\"vertical-align: top; text-align : left; background-color: #F7F7F7; border: 1px #F0F0F0 solid; padding:0px 4px 0px 4px\" class=\"hierarchy\"><a href=\"http://hl7.org/fhir/R4/codesystem-item-type.html#item-type-date\">date</a></td><td style=\"vertical-align: top; text-align : left; background-color: #F7F7F7; border: 1px #F0F0F0 solid; padding:0px 4px 0px 4px\" class=\"hierarchy\"/></tr>\r\n<tr style=\"border: 1px #F0F0F0 solid; padding:0px; vertical-align: top; background-color: white\"><td style=\"vertical-align: top; text-align : left; background-color: white; border: 1px #F0F0F0 solid; padding:0px 4px 0px 4px; white-space: nowrap; background-image: url(tbl_bck110.png)\" class=\"hierarchy\"><img src=\"tbl_spacer.png\" alt=\".\" style=\"background-color: inherit\" class=\"hierarchy\"/><img src=\"tbl_vline.png\" alt=\".\" style=\"background-color: inherit\" class=\"hierarchy\"/><img src=\"tbl_vjoin.png\" alt=\".\" style=\"background-color: inherit\" class=\"hierarchy\"/><img src=\"icon-q-string.png\" alt=\".\" style=\"background-color: white; background-color: inherit\" title=\"String\" class=\"hierarchy\"/> recorder</td><td style=\"vertical-align: top; text-align : left; background-color: white; border: 1px #F0F0F0 solid; padding:0px 4px 0px 4px\" class=\"hierarchy\">Recorder</td><td style=\"vertical-align: top; text-align : left; background-color: white; border: 1px #F0F0F0 solid; padding:0px 4px 0px 4px\" class=\"hierarchy\">0..1</td><td style=\"vertical-align: top; text-align : left; background-color: white; border: 1px #F0F0F0 solid; padding:0px 4px 0px 4px\" class=\"hierarchy\"><a href=\"http://hl7.org/fhir/R4/codesystem-item-type.html#item-type-string\">string</a></td><td style=\"vertical-align: top; text-align : left; background-color: white; border: 1px #F0F0F0 solid; padding:0px 4px 0px 4px\" class=\"hierarchy\"/></tr>\r\n<tr style=\"border: 1px #F0F0F0 solid; padding:0px; vertical-align: top; background-color: #F7F7F7\"><td style=\"vertical-align: top; text-align : left; background-color: #F7F7F7; border: 1px #F0F0F0 solid; padding:0px 4px 0px 4px; white-space: nowrap; background-image: url(tbl_bck100.png)\" class=\"hierarchy\"><img src=\"tbl_spacer.png\" alt=\".\" style=\"background-color: inherit\" class=\"hierarchy\"/><img src=\"tbl_vline.png\" alt=\".\" style=\"background-color: inherit\" class=\"hierarchy\"/><img src=\"tbl_vjoin_end.png\" alt=\".\" style=\"background-color: inherit\" class=\"hierarchy\"/><img src=\"icon-q-string.png\" alt=\".\" style=\"background-color: #F7F7F7; background-color: inherit\" title=\"String\" class=\"hierarchy\"/> asserter</td><td style=\"vertical-align: top; text-align : left; background-color: #F7F7F7; border: 1px #F0F0F0 solid; padding:0px 4px 0px 4px\" class=\"hierarchy\">Asserter</td><td style=\"vertical-align: top; text-align : left; background-color: #F7F7F7; border: 1px #F0F0F0 solid; padding:0px 4px 0px 4px\" class=\"hierarchy\">0..1</td><td style=\"vertical-align: top; text-align : left; background-color: #F7F7F7; border: 1px #F0F0F0 solid; padding:0px 4px 0px 4px\" class=\"hierarchy\"><a href=\"http://hl7.org/fhir/R4/codesystem-item-type.html#item-type-string\">string</a></td><td style=\"vertical-align: top; text-align : left; background-color: #F7F7F7; border: 1px #F0F0F0 solid; padding:0px 4px 0px 4px\" class=\"hierarchy\"/></tr>\r\n<tr style=\"border: 1px #F0F0F0 solid; padding:0px; vertical-align: top; background-color: white\"><td style=\"vertical-align: top; text-align : left; background-color: white; border: 1px #F0F0F0 solid; padding:0px 4px 0px 4px; white-space: nowrap; background-image: url(tbl_bck10.png)\" class=\"hierarchy\"><img src=\"tbl_spacer.png\" alt=\".\" style=\"background-color: inherit\" class=\"hierarchy\"/><img src=\"tbl_vjoin.png\" alt=\".\" style=\"background-color: inherit\" class=\"hierarchy\"/><img src=\"icon-q-text.png\" alt=\".\" style=\"background-color: white; background-color: inherit\" title=\"Text\" class=\"hierarchy\"/> note</td><td style=\"vertical-align: top; text-align : left; background-color: white; border: 1px #F0F0F0 solid; padding:0px 4px 0px 4px\" class=\"hierarchy\">Note</td><td style=\"vertical-align: top; text-align : left; background-color: white; border: 1px #F0F0F0 solid; padding:0px 4px 0px 4px\" class=\"hierarchy\">0..*</td><td style=\"vertical-align: top; text-align : left; background-color: white; border: 1px #F0F0F0 solid; padding:0px 4px 0px 4px\" class=\"hierarchy\"><a href=\"http://hl7.org/fhir/R4/codesystem-item-type.html#item-type-text\">text</a></td><td style=\"vertical-align: top; text-align : left; background-color: white; border: 1px #F0F0F0 solid; padding:0px 4px 0px 4px\" class=\"hierarchy\"/></tr>\r\n<tr style=\"border: 1px #F0F0F0 solid; padding:0px; vertical-align: top; background-color: #F7F7F7\"><td style=\"vertical-align: top; text-align : left; background-color: #F7F7F7; border: 1px #F0F0F0 solid; padding:0px 4px 0px 4px; white-space: nowrap; background-image: url(tbl_bck01.png)\" class=\"hierarchy\"><img src=\"tbl_spacer.png\" alt=\".\" style=\"background-color: inherit\" class=\"hierarchy\"/><img src=\"tbl_vjoin_end.png\" alt=\".\" style=\"background-color: inherit\" class=\"hierarchy\"/><img src=\"icon-q-group.png\" alt=\".\" style=\"background-color: #F7F7F7; background-color: inherit\" title=\"Group\" class=\"hierarchy\"/> reactions</td><td style=\"vertical-align: top; text-align : left; background-color: #F7F7F7; border: 1px #F0F0F0 solid; padding:0px 4px 0px 4px\" class=\"hierarchy\">Reaction</td><td style=\"vertical-align: top; text-align : left; background-color: #F7F7F7; border: 1px #F0F0F0 solid; padding:0px 4px 0px 4px\" class=\"hierarchy\">0..*</td><td style=\"vertical-align: top; text-align : left; background-color: #F7F7F7; border: 1px #F0F0F0 solid; padding:0px 4px 0px 4px\" class=\"hierarchy\"><a href=\"http://hl7.org/fhir/R4/codesystem-item-type.html#item-type-group\">group</a></td><td style=\"vertical-align: top; text-align : left; background-color: #F7F7F7; border: 1px #F0F0F0 solid; padding:0px 4px 0px 4px\" class=\"hierarchy\"/></tr>\r\n<tr style=\"border: 1px #F0F0F0 solid; padding:0px; vertical-align: top; background-color: white\"><td style=\"vertical-align: top; text-align : left; background-color: white; border: 1px #F0F0F0 solid; padding:0px 4px 0px 4px; white-space: nowrap; background-image: url(tbl_bck010.png)\" class=\"hierarchy\"><img src=\"tbl_spacer.png\" alt=\".\" style=\"background-color: inherit\" class=\"hierarchy\"/><img src=\"tbl_blank.png\" alt=\".\" style=\"background-color: inherit\" class=\"hierarchy\"/><img src=\"tbl_vjoin.png\" alt=\".\" style=\"background-color: inherit\" class=\"hierarchy\"/><img src=\"icon-q-coding.png\" alt=\".\" style=\"background-color: white; background-color: inherit\" title=\"Coding\" class=\"hierarchy\"/> manifestation</td><td style=\"vertical-align: top; text-align : left; background-color: white; border: 1px #F0F0F0 solid; padding:0px 4px 0px 4px\" class=\"hierarchy\">Manifestation</td><td style=\"vertical-align: top; text-align : left; background-color: white; border: 1px #F0F0F0 solid; padding:0px 4px 0px 4px\" class=\"hierarchy\">0..1</td><td style=\"vertical-align: top; text-align : left; background-color: white; border: 1px #F0F0F0 solid; padding:0px 4px 0px 4px\" class=\"hierarchy\"><a href=\"http://hl7.org/fhir/R4/codesystem-item-type.html#item-type-choice\">choice</a></td><td style=\"vertical-align: top; text-align : left; background-color: white; border: 1px #F0F0F0 solid; padding:0px 4px 0px 4px\" class=\"hierarchy\">Value Set: https://www.ehealth.fgov.be/standards/fhir/ValueSet/be-riskmanifestation</td></tr>\r\n<tr style=\"border: 1px #F0F0F0 solid; padding:0px; vertical-align: top; background-color: #F7F7F7\"><td style=\"vertical-align: top; text-align : left; background-color: #F7F7F7; border: 1px #F0F0F0 solid; padding:0px 4px 0px 4px; white-space: nowrap; background-image: url(tbl_bck010.png)\" class=\"hierarchy\"><img src=\"tbl_spacer.png\" alt=\".\" style=\"background-color: inherit\" class=\"hierarchy\"/><img src=\"tbl_blank.png\" alt=\".\" style=\"background-color: inherit\" class=\"hierarchy\"/><img src=\"tbl_vjoin.png\" alt=\".\" style=\"background-color: inherit\" class=\"hierarchy\"/><img src=\"icon-q-coding.png\" alt=\".\" style=\"background-color: #F7F7F7; background-color: inherit\" title=\"Coding\" class=\"hierarchy\"/> exposure-route</td><td style=\"vertical-align: top; text-align : left; background-color: #F7F7F7; border: 1px #F0F0F0 solid; padding:0px 4px 0px 4px\" class=\"hierarchy\">Exposure Route</td><td style=\"vertical-align: top; text-align : left; background-color: #F7F7F7; border: 1px #F0F0F0 solid; padding:0px 4px 0px 4px\" class=\"hierarchy\">0..1</td><td style=\"vertical-align: top; text-align : left; background-color: #F7F7F7; border: 1px #F0F0F0 solid; padding:0px 4px 0px 4px\" class=\"hierarchy\"><a href=\"http://hl7.org/fhir/R4/codesystem-item-type.html#item-type-choice\">choice</a></td><td style=\"vertical-align: top; text-align : left; background-color: #F7F7F7; border: 1px #F0F0F0 solid; padding:0px 4px 0px 4px\" class=\"hierarchy\">Value Set: https://www.ehealth.fgov.be/standards/fhir/ValueSet/be-exposureroute</td></tr>\r\n<tr style=\"border: 1px #F0F0F0 solid; padding:0px; vertical-align: top; background-color: white\"><td style=\"vertical-align: top; text-align : left; background-color: white; border: 1px #F0F0F0 solid; padding:0px 4px 0px 4px; white-space: nowrap; background-image: url(tbl_bck000.png)\" class=\"hierarchy\"><img src=\"tbl_spacer.png\" alt=\".\" style=\"background-color: inherit\" class=\"hierarchy\"/><img src=\"tbl_blank.png\" alt=\".\" style=\"background-color: inherit\" class=\"hierarchy\"/><img src=\"tbl_vjoin_end.png\" alt=\".\" style=\"background-color: inherit\" class=\"hierarchy\"/><img src=\"icon-q-coding.png\" alt=\".\" style=\"background-color: white; background-color: inherit\" title=\"Coding\" class=\"hierarchy\"/> note</td><td style=\"vertical-align: top; text-align : left; background-color: white; border: 1px #F0F0F0 solid; padding:0px 4px 0px 4px\" class=\"hierarchy\">Note</td><td style=\"vertical-align: top; text-align : left; background-color: white; border: 1px #F0F0F0 solid; padding:0px 4px 0px 4px\" class=\"hierarchy\">0..1</td><td style=\"vertical-align: top; text-align : left; background-color: white; border: 1px #F0F0F0 solid; padding:0px 4px 0px 4px\" class=\"hierarchy\"><a href=\"http://hl7.org/fhir/R4/codesystem-item-type.html#item-type-choice\">choice</a></td><td style=\"vertical-align: top; text-align : left; background-color: white; border: 1px #F0F0F0 solid; padding:0px 4px 0px 4px\" class=\"hierarchy\"/></tr>\r\n<tr><td colspan=\"5\" class=\"hierarchy\"><br/><a href=\"http://hl7.org/fhir/R4/formats.html#table\" title=\"Legend for this format\"><img src=\"http://hl7.org/fhir/R4/help16.png\" alt=\"doco\" style=\"background-color: inherit\"/> Documentation for this format</a></td></tr></table><hr/><p><b>Option Sets</b></p><a name=\"opt-item.clinical-status\"> </a><p><b>Answer options for clinical-status</b></p><ul><li style=\"font-size: 11px\">null#active (&quot;Active&quot;)</li><li style=\"font-size: 11px\">null#inactive (&quot;Inactive&quot;)</li><li style=\"font-size: 11px\">null#resolved (&quot;Resolved&quot;)</li></ul><a name=\"opt-item.patient-id\"> </a><p><b>Answer options for patient-id</b></p><ul><li style=\"font-size: 11px\">null#unconfirmed (&quot;Unconfirmed&quot;)</li><li style=\"font-size: 11px\">null#confirmed (&quot;Confirmed&quot;)</li><li style=\"font-size: 11px\">null#refuted (&quot;Refuted&quot;)</li><li style=\"font-size: 11px\">null#entered-in-error (&quot;entered-in-error&quot;)</li></ul><a name=\"opt-item.allergyintolerance\"> </a><p><b>Answer options for allergyintolerance</b></p><ul><li style=\"font-size: 11px\">null#allergy (&quot;Allergy&quot;)</li><li style=\"font-size: 11px\">null#intolerance (&quot;Intolerance&quot;)</li></ul><a name=\"opt-item.type\"> </a><p><b>Answer options for type</b></p><ul><li style=\"font-size: 11px\">null#food (&quot;Food allergy&quot;)</li><li style=\"font-size: 11px\">null#medication (&quot;Medication allergy or intolerance&quot;)</li><li style=\"font-size: 11px\">null#environment (&quot;Environmental allergy or intolerance&quot;)</li><li style=\"font-size: 11px\">null#biologic (&quot;Biologic allergy or intolerance&quot;)</li></ul></div>"},"url":"https://www.hl7belgium.org/fhir/Questionnaire/allergy-intolerance-questionnaire","version":"0.1.0","name":"AllergyIntoleranceQuestionnaire","title":"Allergy / Intolerance reporting Questionnaire","_title":{"extension":[{"extension":[{"url":"lang","valueCode":"fr-BE"},{"url":"content","valueString":"."}],"url":"http://hl7.org/fhir/StructureDefinition/translation"},{"extension":[{"url":"lang","valueCode":"nl-BE"},{"url":"content","valueString":"."}],"url":"http://hl7.org/fhir/StructureDefinition/translation"}]},"status":"draft","subjectType":["Patient"],"date":"2021-07-13T22:58:11+00:00","publisher":"RIZIV-INAMI","contact":[{"telecom":[{"system":"url","value":"http://somewhere.org"}]}],"jurisdiction":[{"coding":[{"system":"http://unstats.un.org/unsd/methods/m49/m49.htm","code":"056"},{"system":"urn:iso:std:iso:3166","code":"BE"}]}],"item":[{"linkId":"patient","text":"Patient","_text":{"extension":[{"extension":[{"url":"lang","valueCode":"fr-BE"},{"url":"content","valueString":"."}],"url":"http://hl7.org/fhir/StructureDefinition/translation"},{"extension":[{"url":"lang","valueCode":"nl-BE"},{"url":"content","valueString":"."}],"url":"http://hl7.org/fhir/StructureDefinition/translation"}]},"type":"group","required":true,"repeats":false,"item":[{"linkId":"patient-name","text":"Patient Name","_text":{"extension":[{"extension":[{"url":"lang","valueCode":"fr-BE"},{"url":"content","valueString":"."}],"url":"http://hl7.org/fhir/StructureDefinition/translation"},{"extension":[{"url":"lang","valueCode":"nl-BE"},{"url":"content","valueString":"."}],"url":"http://hl7.org/fhir/StructureDefinition/translation"}]},"type":"string","repeats":false},{"linkId":"patient-id","text":"Patient ID (SSIN)","_text":{"extension":[{"extension":[{"url":"lang","valueCode":"fr-BE"},{"url":"content","valueString":"."}],"url":"http://hl7.org/fhir/StructureDefinition/translation"},{"extension":[{"url":"lang","valueCode":"nl-BE"},{"url":"content","valueString":"."}],"url":"http://hl7.org/fhir/StructureDefinition/translation"}]},"type":"string","required":true,"repeats":false}]},{"linkId":"status","text":"AllergyStatus","type":"display","repeats":false,"item":[{"linkId":"clinical-status","text":"Clinical Status","_text":{"extension":[{"extension":[{"url":"lang","valueCode":"fr-BE"},{"url":"content","valueString":"."}],"url":"http://hl7.org/fhir/StructureDefinition/translation"},{"extension":[{"url":"lang","valueCode":"nl-BE"},{"url":"content","valueString":"."}],"url":"http://hl7.org/fhir/StructureDefinition/translation"}]},"type":"string","repeats":false,"answerOption":[{"valueCoding":{"code":"active","display":"Active","_display":{"extension":[{"extension":[{"url":"lang","valueCode":"fr-BE"},{"url":"content","valueString":"."}],"url":"http://hl7.org/fhir/StructureDefinition/translation"},{"extension":[{"url":"lang","valueCode":"nl-BE"},{"url":"content","valueString":"."}],"url":"http://hl7.org/fhir/StructureDefinition/translation"}]}}},{"valueCoding":{"code":"inactive","display":"Inactive","_display":{"extension":[{"extension":[{"url":"lang","valueCode":"fr-BE"},{"url":"content","valueString":"."}],"url":"http://hl7.org/fhir/StructureDefinition/translation"},{"extension":[{"url":"lang","valueCode":"nl-BE"},{"url":"content","valueString":"."}],"url":"http://hl7.org/fhir/StructureDefinition/translation"}]}}},{"valueCoding":{"code":"resolved","display":"Resolved","_display":{"extension":[{"extension":[{"url":"lang","valueCode":"fr-BE"},{"url":"content","valueString":"."}],"url":"http://hl7.org/fhir/StructureDefinition/translation"},{"extension":[{"url":"lang","valueCode":"nl-BE"},{"url":"content","valueString":"."}],"url":"http://hl7.org/fhir/StructureDefinition/translation"}]}}}]},{"linkId":"patient-id","text":"Verification Status","_text":{"extension":[{"extension":[{"url":"lang","valueCode":"fr-BE"},{"url":"content","valueString":"."}],"url":"http://hl7.org/fhir/StructureDefinition/translation"},{"extension":[{"url":"lang","valueCode":"nl-BE"},{"url":"content","valueString":"."}],"url":"http://hl7.org/fhir/StructureDefinition/translation"}]},"type":"string","repeats":false,"answerOption":[{"valueCoding":{"code":"unconfirmed","display":"Unconfirmed","_display":{"extension":[{"extension":[{"url":"lang","valueCode":"fr-BE"},{"url":"content","valueString":"."}],"url":"http://hl7.org/fhir/StructureDefinition/translation"},{"extension":[{"url":"lang","valueCode":"nl-BE"},{"url":"content","valueString":"."}],"url":"http://hl7.org/fhir/StructureDefinition/translation"}]}}},{"valueCoding":{"code":"confirmed","display":"Confirmed","_display":{"extension":[{"extension":[{"url":"lang","valueCode":"fr-BE"},{"url":"content","valueString":"."}],"url":"http://hl7.org/fhir/StructureDefinition/translation"},{"extension":[{"url":"lang","valueCode":"nl-BE"},{"url":"content","valueString":"."}],"url":"http://hl7.org/fhir/StructureDefinition/translation"}]}}},{"valueCoding":{"code":"refuted","display":"Refuted","_display":{"extension":[{"extension":[{"url":"lang","valueCode":"fr-BE"},{"url":"content","valueString":"."}],"url":"http://hl7.org/fhir/StructureDefinition/translation"},{"extension":[{"url":"lang","valueCode":"nl-BE"},{"url":"content","valueString":"."}],"url":"http://hl7.org/fhir/StructureDefinition/translation"}]}}},{"valueCoding":{"code":"entered-in-error","display":"entered-in-error","_display":{"extension":[{"extension":[{"url":"lang","valueCode":"fr-BE"},{"url":"content","valueString":"."}],"url":"http://hl7.org/fhir/StructureDefinition/translation"},{"extension":[{"url":"lang","valueCode":"nl-BE"},{"url":"content","valueString":"."}],"url":"http://hl7.org/fhir/StructureDefinition/translation"}]}}}]}]},{"extension":[{"url":"http://hl7.org/fhir/StructureDefinition/questionnaire-itemControl","valueCodeableConcept":{"coding":[{"system":"http://hl7.org/fhir/questionnaire-item-control","code":"radio-button"}]}}],"linkId":"allergyintolerance","text":"Allergy or Intolerance?","_text":{"extension":[{"extension":[{"url":"lang","valueCode":"fr-BE"},{"url":"content","valueString":"."}],"url":"http://hl7.org/fhir/StructureDefinition/translation"},{"extension":[{"url":"lang","valueCode":"nl-BE"},{"url":"content","valueString":"."}],"url":"http://hl7.org/fhir/StructureDefinition/translation"}]},"type":"choice","repeats":false,"answerOption":[{"valueCoding":{"code":"allergy","display":"Allergy","_display":{"extension":[{"extension":[{"url":"lang","valueCode":"fr-BE"},{"url":"content","valueString":"."}],"url":"http://hl7.org/fhir/StructureDefinition/translation"},{"extension":[{"url":"lang","valueCode":"nl-BE"},{"url":"content","valueString":"."}],"url":"http://hl7.org/fhir/StructureDefinition/translation"}]}}},{"valueCoding":{"code":"intolerance","display":"Intolerance","_display":{"extension":[{"extension":[{"url":"lang","valueCode":"fr-BE"},{"url":"content","valueString":"."}],"url":"http://hl7.org/fhir/StructureDefinition/translation"},{"extension":[{"url":"lang","valueCode":"nl-BE"},{"url":"content","valueString":"."}],"url":"http://hl7.org/fhir/StructureDefinition/translation"}]}}}]},{"linkId":"type","text":"Type (food, medication, environment, biologic)?","_text":{"extension":[{"extension":[{"url":"lang","valueCode":"fr-BE"},{"url":"content","valueString":"."}],"url":"http://hl7.org/fhir/StructureDefinition/translation"},{"extension":[{"url":"lang","valueCode":"nl-BE"},{"url":"content","valueString":"."}],"url":"http://hl7.org/fhir/StructureDefinition/translation"}]},"type":"choice","repeats":false,"answerOption":[{"valueCoding":{"code":"food","display":"Food allergy","_display":{"extension":[{"extension":[{"url":"lang","valueCode":"fr-BE"},{"url":"content","valueString":"."}],"url":"http://hl7.org/fhir/StructureDefinition/translation"},{"extension":[{"url":"lang","valueCode":"nl-BE"},{"url":"content","valueString":"."}],"url":"http://hl7.org/fhir/StructureDefinition/translation"}]}}},{"valueCoding":{"code":"medication","display":"Medication allergy or intolerance","_display":{"extension":[{"extension":[{"url":"lang","valueCode":"fr-BE"},{"url":"content","valueString":"."}],"url":"http://hl7.org/fhir/StructureDefinition/translation"},{"extension":[{"url":"lang","valueCode":"nl-BE"},{"url":"content","valueString":"."}],"url":"http://hl7.org/fhir/StructureDefinition/translation"}]}}},{"valueCoding":{"code":"environment","display":"Environmental allergy or intolerance","_display":{"extension":[{"extension":[{"url":"lang","valueCode":"fr-BE"},{"url":"content","valueString":"."}],"url":"http://hl7.org/fhir/StructureDefinition/translation"},{"extension":[{"url":"lang","valueCode":"nl-BE"},{"url":"content","valueString":"."}],"url":"http://hl7.org/fhir/StructureDefinition/translation"}]}}},{"valueCoding":{"code":"biologic","display":"Biologic allergy or intolerance","_display":{"extension":[{"extension":[{"url":"lang","valueCode":"fr-BE"},{"url":"content","valueString":"."}],"url":"http://hl7.org/fhir/StructureDefinition/translation"},{"extension":[{"url":"lang","valueCode":"nl-BE"},{"url":"content","valueString":"."}],"url":"http://hl7.org/fhir/StructureDefinition/translation"}]}}}]},{"linkId":"code","text":"Code of the allergen or substance?","type":"choice","repeats":false,"answerValueSet":"https://www.ehealth.fgov.be/standards/fhir/ValueSet/be-allergyintolerancecode"},{"linkId":"recorded","text":"Recorded","_text":{"extension":[{"extension":[{"url":"lang","valueCode":"fr-BE"},{"url":"content","valueString":"."}],"url":"http://hl7.org/fhir/StructureDefinition/translation"},{"extension":[{"url":"lang","valueCode":"nl-BE"},{"url":"content","valueString":"."}],"url":"http://hl7.org/fhir/StructureDefinition/translation"},{"extension":[{"url":"lang","valueCode":"fr-BE"},{"url":"content","valueString":"."}],"url":"http://hl7.org/fhir/StructureDefinition/translation"},{"extension":[{"url":"lang","valueCode":"nl-BE"},{"url":"content","valueString":"."}],"url":"http://hl7.org/fhir/StructureDefinition/translation"},{"extension":[{"url":"lang","valueCode":"fr-BE"},{"url":"content","valueString":"."}],"url":"http://hl7.org/fhir/StructureDefinition/translation"},{"extension":[{"url":"lang","valueCode":"nl-BE"},{"url":"content","valueString":"."}],"url":"http://hl7.org/fhir/StructureDefinition/translation"},{"extension":[{"url":"lang","valueCode":"fr-BE"},{"url":"content","valueString":"."}],"url":"http://hl7.org/fhir/StructureDefinition/translation"},{"extension":[{"url":"lang","valueCode":"nl-BE"},{"url":"content","valueString":"."}],"url":"http://hl7.org/fhir/StructureDefinition/translation"}]},"type":"group","required":true,"repeats":false,"item":[{"linkId":"recorded-date","text":"Date of Record","type":"date","repeats":false},{"linkId":"recorder","text":"Recorder","type":"string","repeats":false},{"linkId":"asserter","text":"Asserter","type":"string","repeats":false}]},{"linkId":"note","text":"Note","_text":{"extension":[{"extension":[{"url":"lang","valueCode":"fr-BE"},{"url":"content","valueString":"."}],"url":"http://hl7.org/fhir/StructureDefinition/translation"},{"extension":[{"url":"lang","valueCode":"nl-BE"},{"url":"content","valueString":"."}],"url":"http://hl7.org/fhir/StructureDefinition/translation"}]},"type":"text","repeats":true},{"linkId":"reactions","text":"Reaction","_text":{"extension":[{"extension":[{"url":"lang","valueCode":"fr-BE"},{"url":"content","valueString":"."}],"url":"http://hl7.org/fhir/StructureDefinition/translation"},{"extension":[{"url":"lang","valueCode":"nl-BE"},{"url":"content","valueString":"."}],"url":"http://hl7.org/fhir/StructureDefinition/translation"},{"extension":[{"url":"lang","valueCode":"fr-BE"},{"url":"content","valueString":"."}],"url":"http://hl7.org/fhir/StructureDefinition/translation"},{"extension":[{"url":"lang","valueCode":"nl-BE"},{"url":"content","valueString":"."}],"url":"http://hl7.org/fhir/StructureDefinition/translation"}]},"type":"group","repeats":true,"item":[{"linkId":"manifestation","text":"Manifestation","_text":{"extension":[{"extension":[{"url":"lang","valueCode":"fr-BE"},{"url":"content","valueString":"."}],"url":"http://hl7.org/fhir/StructureDefinition/translation"},{"extension":[{"url":"lang","valueCode":"nl-BE"},{"url":"content","valueString":"."}],"url":"http://hl7.org/fhir/StructureDefinition/translation"}]},"type":"choice","repeats":false,"answerValueSet":"https://www.ehealth.fgov.be/standards/fhir/ValueSet/be-riskmanifestation"},{"linkId":"exposure-route","text":"Exposure Route","_text":{"extension":[{"extension":[{"url":"lang","valueCode":"fr-BE"},{"url":"content","valueString":"."}],"url":"http://hl7.org/fhir/StructureDefinition/translation"},{"extension":[{"url":"lang","valueCode":"nl-BE"},{"url":"content","valueString":"."}],"url":"http://hl7.org/fhir/StructureDefinition/translation"}]},"type":"choice","repeats":false,"answerValueSet":"https://www.ehealth.fgov.be/standards/fhir/ValueSet/be-exposureroute"},{"linkId":"note","text":"Note","type":"choice","repeats":false}]}]}