{"resourceType":"StructureDefinition","id":"be-model-vaccination","text":{"status":"extensions","div":"<div xmlns=\"http://www.w3.org/1999/xhtml\"><table border=\"0\" cellpadding=\"0\" cellspacing=\"0\" style=\"border: 0px #F0F0F0 solid; font-size: 11px; font-family: verdana; vertical-align: top;\"><tr style=\"border: 1px #F0F0F0 solid; font-size: 11px; font-family: verdana; vertical-align: top\"><th style=\"vertical-align: top; text-align : left; background-color: white; border: 0px #F0F0F0 solid; padding:0px 4px 0px 4px\" class=\"hierarchy\"><a href=\"http://hl7.org/fhir/R4/formats.html#table\" title=\"The logical name of the element\">Name</a></th><th style=\"vertical-align: top; text-align : left; background-color: white; border: 0px #F0F0F0 solid; padding:0px 4px 0px 4px\" class=\"hierarchy\"><a href=\"http://hl7.org/fhir/R4/formats.html#table\" title=\"Information about the use of the element\">Flags</a></th><th style=\"vertical-align: top; text-align : left; background-color: white; border: 0px #F0F0F0 solid; padding:0px 4px 0px 4px\" class=\"hierarchy\"><a href=\"http://hl7.org/fhir/R4/formats.html#table\" title=\"Minimum and Maximum # of times the the element can appear in the instance\">Card.</a></th><th style=\"width: 100px\" class=\"hierarchy\"><a href=\"http://hl7.org/fhir/R4/formats.html#table\" title=\"Reference to the type of the element\">Type</a></th><th style=\"vertical-align: top; text-align : left; background-color: white; border: 0px #F0F0F0 solid; padding:0px 4px 0px 4px\" class=\"hierarchy\"><a href=\"http://hl7.org/fhir/R4/formats.html#table\" title=\"Additional information about the element\">Description &amp; Constraints</a><span style=\"float: right\"><a href=\"http://hl7.org/fhir/R4/formats.html#table\" title=\"Legend for this format\"><img src=\"http://hl7.org/fhir/R4/help16.png\" alt=\"doco\" style=\"background-color: inherit\"/></a></span></th></tr><tr style=\"border: 0px #F0F0F0 solid; padding:0px; vertical-align: top; background-color: white\"><td style=\"vertical-align: top; text-align : left; background-color: white; border: 0px #F0F0F0 solid; padding:0px 4px 0px 4px; white-space: nowrap; background-image: url(tbl_bck1.png)\" class=\"hierarchy\"><img src=\"tbl_spacer.png\" alt=\".\" style=\"background-color: inherit\" class=\"hierarchy\"/><img src=\"icon_element.gif\" alt=\".\" style=\"background-color: white; background-color: inherit\" title=\"Element\" class=\"hierarchy\"/> <a href=\"StructureDefinition-be-model-vaccination-definitions.html#BEVaccination\" title=\"A record of an immunization or vaccination\">BEVaccination</a><a name=\"BEVaccination\"> </a></td><td style=\"vertical-align: top; text-align : left; background-color: white; border: 0px #F0F0F0 solid; padding:0px 4px 0px 4px\" class=\"hierarchy\"/><td style=\"vertical-align: top; text-align : left; background-color: white; border: 0px #F0F0F0 solid; padding:0px 4px 0px 4px\" class=\"hierarchy\">0..*</td><td style=\"vertical-align: top; text-align : left; background-color: white; border: 0px #F0F0F0 solid; padding:0px 4px 0px 4px\" class=\"hierarchy\"><a href=\"http://hl7.org/fhir/R4/resource.html\">Resource</a></td><td style=\"vertical-align: top; text-align : left; background-color: white; border: 0px #F0F0F0 solid; padding:0px 4px 0px 4px\" class=\"hierarchy\">A record of an immunization or vaccination<br/></td></tr>\r\n<tr style=\"border: 0px #F0F0F0 solid; padding:0px; vertical-align: top; background-color: #F7F7F7\"><td style=\"vertical-align: top; text-align : left; background-color: #F7F7F7; border: 0px #F0F0F0 solid; padding:0px 4px 0px 4px; white-space: nowrap; background-image: url(tbl_bck10.png)\" class=\"hierarchy\"><img src=\"tbl_spacer.png\" alt=\".\" style=\"background-color: inherit\" class=\"hierarchy\"/><img src=\"tbl_vjoin.png\" alt=\".\" style=\"background-color: inherit\" class=\"hierarchy\"/><img src=\"icon_datatype.gif\" alt=\".\" style=\"background-color: #F7F7F7; background-color: inherit\" title=\"Data Type\" class=\"hierarchy\"/> <a href=\"StructureDefinition-be-model-vaccination-definitions.html#BEVaccination.identifier\" title=\"The business identifier(s) for the vaccination entry - This is an optional attribute, used for example to track an entry throughout its lifecycle, or across vaults.\">identifier</a><a name=\"BEVaccination.identifier\"> </a></td><td style=\"vertical-align: top; text-align : left; background-color: #F7F7F7; border: 0px #F0F0F0 solid; padding:0px 4px 0px 4px\" class=\"hierarchy\"/><td style=\"vertical-align: top; text-align : left; background-color: #F7F7F7; border: 0px #F0F0F0 solid; padding:0px 4px 0px 4px\" class=\"hierarchy\">0..1</td><td style=\"vertical-align: top; text-align : left; background-color: #F7F7F7; border: 0px #F0F0F0 solid; padding:0px 4px 0px 4px\" class=\"hierarchy\"><a href=\"http://hl7.org/fhir/R4/datatypes.html#Identifier\">Identifier</a></td><td style=\"vertical-align: top; text-align : left; background-color: #F7F7F7; border: 0px #F0F0F0 solid; padding:0px 4px 0px 4px\" class=\"hierarchy\">The business identifier(s) for the vaccination entry</td></tr>\r\n<tr style=\"border: 0px #F0F0F0 solid; padding:0px; vertical-align: top; background-color: white\"><td style=\"vertical-align: top; text-align : left; background-color: white; border: 0px #F0F0F0 solid; padding:0px 4px 0px 4px; white-space: nowrap; background-image: url(tbl_bck10.png)\" class=\"hierarchy\"><img src=\"tbl_spacer.png\" alt=\".\" style=\"background-color: inherit\" class=\"hierarchy\"/><img src=\"tbl_vjoin.png\" alt=\".\" style=\"background-color: inherit\" class=\"hierarchy\"/><img src=\"icon_primitive.png\" alt=\".\" style=\"background-color: white; background-color: inherit\" title=\"Primitive Data Type\" class=\"hierarchy\"/> <a href=\"StructureDefinition-be-model-vaccination-definitions.html#BEVaccination.status\" title=\"The status of the vaccination record entry - whether it is active, entered in error, etc.\">status</a><a name=\"BEVaccination.status\"> </a></td><td style=\"vertical-align: top; text-align : left; background-color: white; border: 0px #F0F0F0 solid; padding:0px 4px 0px 4px\" class=\"hierarchy\"/><td style=\"vertical-align: top; text-align : left; background-color: white; border: 0px #F0F0F0 solid; padding:0px 4px 0px 4px\" class=\"hierarchy\">1..1</td><td style=\"vertical-align: top; text-align : left; background-color: white; border: 0px #F0F0F0 solid; padding:0px 4px 0px 4px\" class=\"hierarchy\"><a href=\"http://hl7.org/fhir/R4/datatypes.html#code\" title=\"code\">code</a></td><td style=\"vertical-align: top; text-align : left; background-color: white; border: 0px #F0F0F0 solid; padding:0px 4px 0px 4px\" class=\"hierarchy\">The status of this vaccination record entry</td></tr>\r\n<tr style=\"border: 0px #F0F0F0 solid; padding:0px; vertical-align: top; background-color: #F7F7F7\"><td style=\"vertical-align: top; text-align : left; background-color: #F7F7F7; border: 0px #F0F0F0 solid; padding:0px 4px 0px 4px; white-space: nowrap; background-image: url(tbl_bck10.png)\" class=\"hierarchy\"><img src=\"tbl_spacer.png\" alt=\".\" style=\"background-color: inherit\" class=\"hierarchy\"/><img src=\"tbl_vjoin.png\" alt=\".\" style=\"background-color: inherit\" class=\"hierarchy\"/><img src=\"icon_datatype.gif\" alt=\".\" style=\"background-color: #F7F7F7; background-color: inherit\" title=\"Data Type\" class=\"hierarchy\"/> <a href=\"StructureDefinition-be-model-vaccination-definitions.html#BEVaccination.statusReason\" title=\"Supporting reason for status information.\">statusReason</a><a name=\"BEVaccination.statusReason\"> </a></td><td style=\"vertical-align: top; text-align : left; background-color: #F7F7F7; border: 0px #F0F0F0 solid; padding:0px 4px 0px 4px\" class=\"hierarchy\"/><td style=\"vertical-align: top; text-align : left; background-color: #F7F7F7; border: 0px #F0F0F0 solid; padding:0px 4px 0px 4px\" class=\"hierarchy\">0..1</td><td style=\"vertical-align: top; text-align : left; background-color: #F7F7F7; border: 0px #F0F0F0 solid; padding:0px 4px 0px 4px\" class=\"hierarchy\"><a href=\"http://hl7.org/fhir/R4/datatypes.html#CodeableConcept\" title=\"CodeableConcept\">CodeableConcept</a></td><td style=\"vertical-align: top; text-align : left; background-color: #F7F7F7; border: 0px #F0F0F0 solid; padding:0px 4px 0px 4px\" class=\"hierarchy\">The reason for the status e.g. 'not completed because...'<br/><span style=\"font-weight:bold\">Binding: </span><a href=\"ValueSet-be-vs-vaccination-status-reason.html\">Vaccination status reason Value Set</a> (<a href=\"http://hl7.org/fhir/R4/terminologies.html#required\" title=\"To be conformant, the concept in this element SHALL be from the specified value set.\">required</a>): Belgium codes to describe reasons considered for status of vaccination actions, e.g. reasons for not administering vaccine<br/><br/></td></tr>\r\n<tr style=\"border: 0px #F0F0F0 solid; padding:0px; vertical-align: top; background-color: white\"><td style=\"vertical-align: top; text-align : left; background-color: white; border: 0px #F0F0F0 solid; padding:0px 4px 0px 4px; white-space: nowrap; background-image: url(tbl_bck10.png)\" class=\"hierarchy\"><img src=\"tbl_spacer.png\" alt=\".\" style=\"background-color: inherit\" class=\"hierarchy\"/><img src=\"tbl_vjoin.png\" alt=\".\" style=\"background-color: inherit\" class=\"hierarchy\"/><img src=\"icon_reference.png\" alt=\".\" style=\"background-color: white; background-color: inherit\" title=\"Reference to another Resource\" class=\"hierarchy\"/> <a href=\"StructureDefinition-be-model-vaccination-definitions.html#BEVaccination.patient\" title=\"The patient that has received the vaccination.\">patient</a><a name=\"BEVaccination.patient\"> </a></td><td style=\"vertical-align: top; text-align : left; background-color: white; border: 0px #F0F0F0 solid; padding:0px 4px 0px 4px\" class=\"hierarchy\"/><td style=\"vertical-align: top; text-align : left; background-color: white; border: 0px #F0F0F0 solid; padding:0px 4px 0px 4px\" class=\"hierarchy\">1..1</td><td style=\"vertical-align: top; text-align : left; background-color: white; border: 0px #F0F0F0 solid; padding:0px 4px 0px 4px\" class=\"hierarchy\"><a href=\"http://hl7.org/fhir/R4/references.html\">Reference</a>(<a href=\"StructureDefinition-be-patient.html\">BePatient</a>)</td><td style=\"vertical-align: top; text-align : left; background-color: white; border: 0px #F0F0F0 solid; padding:0px 4px 0px 4px\" class=\"hierarchy\">The patient that received vaccination.</td></tr>\r\n<tr style=\"border: 0px #F0F0F0 solid; padding:0px; vertical-align: top; background-color: #F7F7F7\"><td style=\"vertical-align: top; text-align : left; background-color: #F7F7F7; border: 0px #F0F0F0 solid; padding:0px 4px 0px 4px; white-space: nowrap; background-image: url(tbl_bck10.png)\" class=\"hierarchy\"><img src=\"tbl_spacer.png\" alt=\".\" style=\"background-color: inherit\" class=\"hierarchy\"/><img src=\"tbl_vjoin.png\" alt=\".\" style=\"background-color: inherit\" class=\"hierarchy\"/><img src=\"icon_datatype.gif\" alt=\".\" style=\"background-color: #F7F7F7; background-color: inherit\" title=\"Data Type\" class=\"hierarchy\"/> <a href=\"StructureDefinition-be-model-vaccination-definitions.html#BEVaccination.vaccineCode\" title=\"The vaccine code - a type of vaccine, typically identified by the disease(s) it covers. For example MMR, HPV, Tetanus, DTPa. This should be a coded value.\">vaccineCode</a><a name=\"BEVaccination.vaccineCode\"> </a></td><td style=\"vertical-align: top; text-align : left; background-color: #F7F7F7; border: 0px #F0F0F0 solid; padding:0px 4px 0px 4px\" class=\"hierarchy\"/><td style=\"vertical-align: top; text-align : left; background-color: #F7F7F7; border: 0px #F0F0F0 solid; padding:0px 4px 0px 4px\" class=\"hierarchy\">1..1</td><td style=\"vertical-align: top; text-align : left; background-color: #F7F7F7; border: 0px #F0F0F0 solid; padding:0px 4px 0px 4px\" class=\"hierarchy\"><a href=\"http://hl7.org/fhir/R4/datatypes.html#CodeableConcept\">CodeableConcept</a></td><td style=\"vertical-align: top; text-align : left; background-color: #F7F7F7; border: 0px #F0F0F0 solid; padding:0px 4px 0px 4px\" class=\"hierarchy\">The vaccine code, typically identified by the diseas(s) it covers. For example MMR, HPV, Tetanus, DTPa</td></tr>\r\n<tr style=\"border: 0px #F0F0F0 solid; padding:0px; vertical-align: top; background-color: white\"><td style=\"vertical-align: top; text-align : left; background-color: white; border: 0px #F0F0F0 solid; padding:0px 4px 0px 4px; white-space: nowrap; background-image: url(tbl_bck11.png)\" class=\"hierarchy\"><img src=\"tbl_spacer.png\" alt=\".\" style=\"background-color: inherit\" class=\"hierarchy\"/><img src=\"tbl_vjoin.png\" alt=\".\" style=\"background-color: inherit\" class=\"hierarchy\"/><img src=\"icon_choice.gif\" alt=\".\" style=\"background-color: white; background-color: inherit\" title=\"Choice of Types\" class=\"hierarchy\"/> <a href=\"StructureDefinition-be-model-vaccination-definitions.html#BEVaccination.vaccinationDate[x]\" title=\"The date and/or time when the vaccine administration has been administered or presumed to be administered\">vaccinationDate[x]</a><a name=\"BEVaccination.vaccinationDate_x_\"> </a></td><td style=\"vertical-align: top; text-align : left; background-color: white; border: 0px #F0F0F0 solid; padding:0px 4px 0px 4px\" class=\"hierarchy\"/><td style=\"vertical-align: top; text-align : left; background-color: white; border: 0px #F0F0F0 solid; padding:0px 4px 0px 4px\" class=\"hierarchy\">0..1</td><td style=\"vertical-align: top; text-align : left; background-color: white; border: 0px #F0F0F0 solid; padding:0px 4px 0px 4px\" class=\"hierarchy\"/><td style=\"vertical-align: top; text-align : left; background-color: white; border: 0px #F0F0F0 solid; padding:0px 4px 0px 4px\" class=\"hierarchy\">The date and time when the vaccination has been administered</td></tr>\r\n<tr style=\"border: 0px #F0F0F0 solid; padding:0px; vertical-align: top; background-color: #F7F7F7\"><td style=\"vertical-align: top; text-align : left; background-color: #F7F7F7; border: 0px #F0F0F0 solid; padding:0px 4px 0px 4px; white-space: nowrap; background-image: url(tbl_bck110.png)\" class=\"hierarchy\"><img src=\"tbl_spacer.png\" alt=\".\" style=\"background-color: inherit\" class=\"hierarchy\"/><img src=\"tbl_vline.png\" alt=\".\" style=\"background-color: inherit\" class=\"hierarchy\"/><img src=\"tbl_vjoin.png\" alt=\".\" style=\"background-color: inherit\" class=\"hierarchy\"/><img src=\"icon_primitive.png\" alt=\".\" style=\"background-color: #F7F7F7; background-color: inherit\" title=\"Primitive Data Type\" class=\"hierarchy\"/> <span title=\"Base StructureDefinition for dateTime Type: A date, date-time or partial date (e.g. just year or year + month).  If hours and minutes are specified, a time zone SHALL be populated. The format is a union of the schema types gYear, gYearMonth, date and dateTime. Seconds must be provided due to schema type constraints but may be zero-filled and may be ignored.                 Dates SHALL be valid dates.\">vaccinationDateDateTime</span></td><td style=\"vertical-align: top; text-align : left; background-color: #F7F7F7; border: 0px #F0F0F0 solid; padding:0px 4px 0px 4px\" class=\"hierarchy\"/><td style=\"vertical-align: top; text-align : left; background-color: #F7F7F7; border: 0px #F0F0F0 solid; padding:0px 4px 0px 4px\" class=\"hierarchy\"></td><td style=\"vertical-align: top; text-align : left; background-color: #F7F7F7; border: 0px #F0F0F0 solid; padding:0px 4px 0px 4px\" class=\"hierarchy\"><a href=\"http://hl7.org/fhir/R4/datatypes.html#dateTime\">dateTime</a></td><td style=\"vertical-align: top; text-align : left; background-color: #F7F7F7; border: 0px #F0F0F0 solid; padding:0px 4px 0px 4px\" class=\"hierarchy\"/></tr>\r\n<tr style=\"border: 0px #F0F0F0 solid; padding:0px; vertical-align: top; background-color: white\"><td style=\"vertical-align: top; text-align : left; background-color: white; border: 0px #F0F0F0 solid; padding:0px 4px 0px 4px; white-space: nowrap; background-image: url(tbl_bck100.png)\" class=\"hierarchy\"><img src=\"tbl_spacer.png\" alt=\".\" style=\"background-color: inherit\" class=\"hierarchy\"/><img src=\"tbl_vline.png\" alt=\".\" style=\"background-color: inherit\" class=\"hierarchy\"/><img src=\"tbl_vjoin_end.png\" alt=\".\" style=\"background-color: inherit\" class=\"hierarchy\"/><img src=\"icon_primitive.png\" alt=\".\" style=\"background-color: white; background-color: inherit\" title=\"Primitive Data Type\" class=\"hierarchy\"/> <span title=\"Base StructureDefinition for string Type: A sequence of Unicode characters\">vaccinationDateString</span></td><td style=\"vertical-align: top; text-align : left; background-color: white; border: 0px #F0F0F0 solid; padding:0px 4px 0px 4px\" class=\"hierarchy\"/><td style=\"vertical-align: top; text-align : left; background-color: white; border: 0px #F0F0F0 solid; padding:0px 4px 0px 4px\" class=\"hierarchy\"></td><td style=\"vertical-align: top; text-align : left; background-color: white; border: 0px #F0F0F0 solid; padding:0px 4px 0px 4px\" class=\"hierarchy\"><a href=\"http://hl7.org/fhir/R4/datatypes.html#string\">string</a></td><td style=\"vertical-align: top; text-align : left; background-color: white; border: 0px #F0F0F0 solid; padding:0px 4px 0px 4px\" class=\"hierarchy\"/></tr>\r\n<tr style=\"border: 0px #F0F0F0 solid; padding:0px; vertical-align: top; background-color: #F7F7F7\"><td style=\"vertical-align: top; text-align : left; background-color: #F7F7F7; border: 0px #F0F0F0 solid; padding:0px 4px 0px 4px; white-space: nowrap; background-image: url(tbl_bck10.png)\" class=\"hierarchy\"><img src=\"tbl_spacer.png\" alt=\".\" style=\"background-color: inherit\" class=\"hierarchy\"/><img src=\"tbl_vjoin.png\" alt=\".\" style=\"background-color: inherit\" class=\"hierarchy\"/><img src=\"icon_reference.png\" alt=\".\" style=\"background-color: #F7F7F7; background-color: inherit\" title=\"Reference to another Resource\" class=\"hierarchy\"/> <a href=\"StructureDefinition-be-model-vaccination-definitions.html#BEVaccination.vaccinationRequest\" title=\"The patient-specific order or recommendation for the vaccination, for example a prescription or a request for vaccination for a patient by a physician, for example for optional vaccines.\">vaccinationRequest</a><a name=\"BEVaccination.vaccinationRequest\"> </a></td><td style=\"vertical-align: top; text-align : left; background-color: #F7F7F7; border: 0px #F0F0F0 solid; padding:0px 4px 0px 4px\" class=\"hierarchy\"/><td style=\"vertical-align: top; text-align : left; background-color: #F7F7F7; border: 0px #F0F0F0 solid; padding:0px 4px 0px 4px\" class=\"hierarchy\">0..1</td><td style=\"vertical-align: top; text-align : left; background-color: #F7F7F7; border: 0px #F0F0F0 solid; padding:0px 4px 0px 4px\" class=\"hierarchy\"><a href=\"http://hl7.org/fhir/R4/references.html\">Reference</a>()</td><td style=\"vertical-align: top; text-align : left; background-color: #F7F7F7; border: 0px #F0F0F0 solid; padding:0px 4px 0px 4px\" class=\"hierarchy\">The patient-specific order or recommendation for the vaccination</td></tr>\r\n<tr style=\"border: 0px #F0F0F0 solid; padding:0px; vertical-align: top; background-color: white\"><td style=\"vertical-align: top; text-align : left; background-color: white; border: 0px #F0F0F0 solid; padding:0px 4px 0px 4px; white-space: nowrap; background-image: url(tbl_bck10.png)\" class=\"hierarchy\"><img src=\"tbl_spacer.png\" alt=\".\" style=\"background-color: inherit\" class=\"hierarchy\"/><img src=\"tbl_vjoin.png\" alt=\".\" style=\"background-color: inherit\" class=\"hierarchy\"/><img src=\"icon_reference.png\" alt=\".\" style=\"background-color: white; background-color: inherit\" title=\"Reference to another Resource\" class=\"hierarchy\"/> <a href=\"StructureDefinition-be-model-vaccination-definitions.html#BEVaccination.protocol\" title=\"The vaccination plan or protocol (not patient-specific) that this vaccination is fulfilling. For example 'Basisvaccinatieschema'\">protocol</a><a name=\"BEVaccination.protocol\"> </a></td><td style=\"vertical-align: top; text-align : left; background-color: white; border: 0px #F0F0F0 solid; padding:0px 4px 0px 4px\" class=\"hierarchy\"/><td style=\"vertical-align: top; text-align : left; background-color: white; border: 0px #F0F0F0 solid; padding:0px 4px 0px 4px\" class=\"hierarchy\">0..1</td><td style=\"vertical-align: top; text-align : left; background-color: white; border: 0px #F0F0F0 solid; padding:0px 4px 0px 4px\" class=\"hierarchy\"><a href=\"http://hl7.org/fhir/R4/references.html\">Reference</a>()</td><td style=\"vertical-align: top; text-align : left; background-color: white; border: 0px #F0F0F0 solid; padding:0px 4px 0px 4px\" class=\"hierarchy\">The vaccination plan or protocol (not patient-specific) that this vaccination is fulfilling</td></tr>\r\n<tr style=\"border: 0px #F0F0F0 solid; padding:0px; vertical-align: top; background-color: #F7F7F7\"><td style=\"vertical-align: top; text-align : left; background-color: #F7F7F7; border: 0px #F0F0F0 solid; padding:0px 4px 0px 4px; white-space: nowrap; background-image: url(tbl_bck10.png)\" class=\"hierarchy\"><img src=\"tbl_spacer.png\" alt=\".\" style=\"background-color: inherit\" class=\"hierarchy\"/><img src=\"tbl_vjoin.png\" alt=\".\" style=\"background-color: inherit\" class=\"hierarchy\"/><img src=\"icon_primitive.png\" alt=\".\" style=\"background-color: #F7F7F7; background-color: inherit\" title=\"Primitive Data Type\" class=\"hierarchy\"/> <a href=\"StructureDefinition-be-model-vaccination-definitions.html#BEVaccination.type\" title=\"The type of vaccination action - for example first dose or reinforcement.\">type</a><a name=\"BEVaccination.type\"> </a></td><td style=\"vertical-align: top; text-align : left; background-color: #F7F7F7; border: 0px #F0F0F0 solid; padding:0px 4px 0px 4px\" class=\"hierarchy\"/><td style=\"vertical-align: top; text-align : left; background-color: #F7F7F7; border: 0px #F0F0F0 solid; padding:0px 4px 0px 4px\" class=\"hierarchy\">1..1</td><td style=\"vertical-align: top; text-align : left; background-color: #F7F7F7; border: 0px #F0F0F0 solid; padding:0px 4px 0px 4px\" class=\"hierarchy\"><a href=\"http://hl7.org/fhir/R4/datatypes.html#code\">code</a></td><td style=\"vertical-align: top; text-align : left; background-color: #F7F7F7; border: 0px #F0F0F0 solid; padding:0px 4px 0px 4px\" class=\"hierarchy\">The type of vaccination action - for example first dose or reinforcement.</td></tr>\r\n<tr style=\"border: 0px #F0F0F0 solid; padding:0px; vertical-align: top; background-color: white\"><td style=\"vertical-align: top; text-align : left; background-color: white; border: 0px #F0F0F0 solid; padding:0px 4px 0px 4px; white-space: nowrap; background-image: url(tbl_bck10.png)\" class=\"hierarchy\"><img src=\"tbl_spacer.png\" alt=\".\" style=\"background-color: inherit\" class=\"hierarchy\"/><img src=\"tbl_vjoin.png\" alt=\".\" style=\"background-color: inherit\" class=\"hierarchy\"/><img src=\"icon_primitive.png\" alt=\".\" style=\"background-color: white; background-color: inherit\" title=\"Primitive Data Type\" class=\"hierarchy\"/> <a href=\"StructureDefinition-be-model-vaccination-definitions.html#BEVaccination.sequenceNumber\" title=\"The sequence number of an immunization when part of a protocol - if it is the first dose, or second dose...\">sequenceNumber</a><a name=\"BEVaccination.sequenceNumber\"> </a></td><td style=\"vertical-align: top; text-align : left; background-color: white; border: 0px #F0F0F0 solid; padding:0px 4px 0px 4px\" class=\"hierarchy\"/><td style=\"vertical-align: top; text-align : left; background-color: white; border: 0px #F0F0F0 solid; padding:0px 4px 0px 4px\" class=\"hierarchy\">0..1</td><td style=\"vertical-align: top; text-align : left; background-color: white; border: 0px #F0F0F0 solid; padding:0px 4px 0px 4px\" class=\"hierarchy\"><a href=\"http://hl7.org/fhir/R4/datatypes.html#string\">string</a></td><td style=\"vertical-align: top; text-align : left; background-color: white; border: 0px #F0F0F0 solid; padding:0px 4px 0px 4px\" class=\"hierarchy\">The sequence number of an immunization - whether it is the first dose, or second dose...</td></tr>\r\n<tr style=\"border: 0px #F0F0F0 solid; padding:0px; vertical-align: top; background-color: #F7F7F7\"><td style=\"vertical-align: top; text-align : left; background-color: #F7F7F7; border: 0px #F0F0F0 solid; padding:0px 4px 0px 4px; white-space: nowrap; background-image: url(tbl_bck10.png)\" class=\"hierarchy\"><img src=\"tbl_spacer.png\" alt=\".\" style=\"background-color: inherit\" class=\"hierarchy\"/><img src=\"tbl_vjoin.png\" alt=\".\" style=\"background-color: inherit\" class=\"hierarchy\"/><img src=\"icon_reference.png\" alt=\".\" style=\"background-color: #F7F7F7; background-color: inherit\" title=\"Reference to another Resource\" class=\"hierarchy\"/> <a href=\"StructureDefinition-be-model-vaccination-definitions.html#BEVaccination.reporter\" title=\"The professional that recorded the administration of the vaccine.\">reporter</a><a name=\"BEVaccination.reporter\"> </a></td><td style=\"vertical-align: top; text-align : left; background-color: #F7F7F7; border: 0px #F0F0F0 solid; padding:0px 4px 0px 4px\" class=\"hierarchy\"/><td style=\"vertical-align: top; text-align : left; background-color: #F7F7F7; border: 0px #F0F0F0 solid; padding:0px 4px 0px 4px\" class=\"hierarchy\">1..1</td><td style=\"vertical-align: top; text-align : left; background-color: #F7F7F7; border: 0px #F0F0F0 solid; padding:0px 4px 0px 4px\" class=\"hierarchy\"><a href=\"http://hl7.org/fhir/R4/references.html\">Reference</a>(<a href=\"StructureDefinition-be-practitioner.html\">BePractitioner</a>)</td><td style=\"vertical-align: top; text-align : left; background-color: #F7F7F7; border: 0px #F0F0F0 solid; padding:0px 4px 0px 4px\" class=\"hierarchy\">The professional that recorded the administration of the vaccine</td></tr>\r\n<tr style=\"border: 0px #F0F0F0 solid; padding:0px; vertical-align: top; background-color: white\"><td style=\"vertical-align: top; text-align : left; background-color: white; border: 0px #F0F0F0 solid; padding:0px 4px 0px 4px; white-space: nowrap; background-image: url(tbl_bck10.png)\" class=\"hierarchy\"><img src=\"tbl_spacer.png\" alt=\".\" style=\"background-color: inherit\" class=\"hierarchy\"/><img src=\"tbl_vjoin.png\" alt=\".\" style=\"background-color: inherit\" class=\"hierarchy\"/><img src=\"icon_primitive.png\" alt=\".\" style=\"background-color: white; background-color: inherit\" title=\"Primitive Data Type\" class=\"hierarchy\"/> <a href=\"StructureDefinition-be-model-vaccination-definitions.html#BEVaccination.recorded\" title=\"The date and time when the administration of the vaccine was recorded - typically used when the vaccine event is recorded a posteriori.\">recorded</a><a name=\"BEVaccination.recorded\"> </a></td><td style=\"vertical-align: top; text-align : left; background-color: white; border: 0px #F0F0F0 solid; padding:0px 4px 0px 4px\" class=\"hierarchy\"/><td style=\"vertical-align: top; text-align : left; background-color: white; border: 0px #F0F0F0 solid; padding:0px 4px 0px 4px\" class=\"hierarchy\">1..1</td><td style=\"vertical-align: top; text-align : left; background-color: white; border: 0px #F0F0F0 solid; padding:0px 4px 0px 4px\" class=\"hierarchy\"><a href=\"http://hl7.org/fhir/R4/datatypes.html#dateTime\">dateTime</a></td><td style=\"vertical-align: top; text-align : left; background-color: white; border: 0px #F0F0F0 solid; padding:0px 4px 0px 4px\" class=\"hierarchy\">The date and time when the administration of the vaccine was recorded</td></tr>\r\n<tr style=\"border: 0px #F0F0F0 solid; padding:0px; vertical-align: top; background-color: #F7F7F7\"><td style=\"vertical-align: top; text-align : left; background-color: #F7F7F7; border: 0px #F0F0F0 solid; padding:0px 4px 0px 4px; white-space: nowrap; background-image: url(tbl_bck10.png)\" class=\"hierarchy\"><img src=\"tbl_spacer.png\" alt=\".\" style=\"background-color: inherit\" class=\"hierarchy\"/><img src=\"tbl_vjoin.png\" alt=\".\" style=\"background-color: inherit\" class=\"hierarchy\"/><img src=\"icon_reference.png\" alt=\".\" style=\"background-color: #F7F7F7; background-color: inherit\" title=\"Reference to another Resource\" class=\"hierarchy\"/> <a href=\"StructureDefinition-be-model-vaccination-definitions.html#BEVaccination.performer\" title=\"The professional that administered the medication. Use code &quot;unknown&quot; if not known.\">performer</a><a name=\"BEVaccination.performer\"> </a></td><td style=\"vertical-align: top; text-align : left; background-color: #F7F7F7; border: 0px #F0F0F0 solid; padding:0px 4px 0px 4px\" class=\"hierarchy\"/><td style=\"vertical-align: top; text-align : left; background-color: #F7F7F7; border: 0px #F0F0F0 solid; padding:0px 4px 0px 4px\" class=\"hierarchy\">1..1</td><td style=\"vertical-align: top; text-align : left; background-color: #F7F7F7; border: 0px #F0F0F0 solid; padding:0px 4px 0px 4px\" class=\"hierarchy\"><a href=\"http://hl7.org/fhir/R4/references.html\">Reference</a>(<a href=\"StructureDefinition-be-practitioner.html\">BePractitioner</a>)</td><td style=\"vertical-align: top; text-align : left; background-color: #F7F7F7; border: 0px #F0F0F0 solid; padding:0px 4px 0px 4px\" class=\"hierarchy\">The professional that administered the medication</td></tr>\r\n<tr style=\"border: 0px #F0F0F0 solid; padding:0px; vertical-align: top; background-color: white\"><td style=\"vertical-align: top; text-align : left; background-color: white; border: 0px #F0F0F0 solid; padding:0px 4px 0px 4px; white-space: nowrap; background-image: url(tbl_bck10.png)\" class=\"hierarchy\"><img src=\"tbl_spacer.png\" alt=\".\" style=\"background-color: inherit\" class=\"hierarchy\"/><img src=\"tbl_vjoin.png\" alt=\".\" style=\"background-color: inherit\" class=\"hierarchy\"/><img src=\"icon_datatype.gif\" alt=\".\" style=\"background-color: white; background-color: inherit\" title=\"Data Type\" class=\"hierarchy\"/> <a href=\"StructureDefinition-be-model-vaccination-definitions.html#BEVaccination.route\" title=\"The route of administration for the vaccine. This can be free text (not desired) or a code\">route</a><a name=\"BEVaccination.route\"> </a></td><td style=\"vertical-align: top; text-align : left; background-color: white; border: 0px #F0F0F0 solid; padding:0px 4px 0px 4px\" class=\"hierarchy\"/><td style=\"vertical-align: top; text-align : left; background-color: white; border: 0px #F0F0F0 solid; padding:0px 4px 0px 4px\" class=\"hierarchy\">0..1</td><td style=\"vertical-align: top; text-align : left; background-color: white; border: 0px #F0F0F0 solid; padding:0px 4px 0px 4px\" class=\"hierarchy\"><a href=\"http://hl7.org/fhir/R4/datatypes.html#CodeableConcept\">CodeableConcept</a></td><td style=\"vertical-align: top; text-align : left; background-color: white; border: 0px #F0F0F0 solid; padding:0px 4px 0px 4px\" class=\"hierarchy\">The route of administration.</td></tr>\r\n<tr style=\"border: 0px #F0F0F0 solid; padding:0px; vertical-align: top; background-color: #F7F7F7\"><td style=\"vertical-align: top; text-align : left; background-color: #F7F7F7; border: 0px #F0F0F0 solid; padding:0px 4px 0px 4px; white-space: nowrap; background-image: url(tbl_bck11.png)\" class=\"hierarchy\"><img src=\"tbl_spacer.png\" alt=\".\" style=\"background-color: inherit\" class=\"hierarchy\"/><img src=\"tbl_vjoin.png\" alt=\".\" style=\"background-color: inherit\" class=\"hierarchy\"/><img src=\"icon_datatype.gif\" alt=\".\" style=\"background-color: #F7F7F7; background-color: inherit\" title=\"Data Type\" class=\"hierarchy\"/> <a href=\"StructureDefinition-be-model-vaccination-definitions.html#BEVaccination.administeredProduct\" title=\"The details of the product that was administered\">administeredProduct</a><a name=\"BEVaccination.administeredProduct\"> </a></td><td style=\"vertical-align: top; text-align : left; background-color: #F7F7F7; border: 0px #F0F0F0 solid; padding:0px 4px 0px 4px\" class=\"hierarchy\"/><td style=\"vertical-align: top; text-align : left; background-color: #F7F7F7; border: 0px #F0F0F0 solid; padding:0px 4px 0px 4px\" class=\"hierarchy\">0..1</td><td style=\"vertical-align: top; text-align : left; background-color: #F7F7F7; border: 0px #F0F0F0 solid; padding:0px 4px 0px 4px\" class=\"hierarchy\"><a href=\"http://hl7.org/fhir/R4/datatypes.html#BackboneElement\">BackboneElement</a></td><td style=\"vertical-align: top; text-align : left; background-color: #F7F7F7; border: 0px #F0F0F0 solid; padding:0px 4px 0px 4px\" class=\"hierarchy\">The details of the product that was administered.</td></tr>\r\n<tr style=\"border: 0px #F0F0F0 solid; padding:0px; vertical-align: top; background-color: white\"><td style=\"vertical-align: top; text-align : left; background-color: white; border: 0px #F0F0F0 solid; padding:0px 4px 0px 4px; white-space: nowrap; background-image: url(tbl_bck110.png)\" class=\"hierarchy\"><img src=\"tbl_spacer.png\" alt=\".\" style=\"background-color: inherit\" class=\"hierarchy\"/><img src=\"tbl_vline.png\" alt=\".\" style=\"background-color: inherit\" class=\"hierarchy\"/><img src=\"tbl_vjoin.png\" alt=\".\" style=\"background-color: inherit\" class=\"hierarchy\"/><img src=\"icon_reference.png\" alt=\".\" style=\"background-color: white; background-color: inherit\" title=\"Reference to another Resource\" class=\"hierarchy\"/> <a href=\"StructureDefinition-be-model-vaccination-definitions.html#BEVaccination.administeredProduct.product\" title=\"The actual product that was administered. This can be just text (not desired), or a code (e.g. 1696392 = Neisvac C Dos 0,5ml) or a reference to an actual Medication product (e.g. http://server/Medication/1696392)\">product</a><a name=\"BEVaccination.administeredProduct.product\"> </a></td><td style=\"vertical-align: top; text-align : left; background-color: white; border: 0px #F0F0F0 solid; padding:0px 4px 0px 4px\" class=\"hierarchy\"/><td style=\"vertical-align: top; text-align : left; background-color: white; border: 0px #F0F0F0 solid; padding:0px 4px 0px 4px\" class=\"hierarchy\">1..1</td><td style=\"vertical-align: top; text-align : left; background-color: white; border: 0px #F0F0F0 solid; padding:0px 4px 0px 4px\" class=\"hierarchy\"><a href=\"http://hl7.org/fhir/R4/references.html\">Reference</a>()</td><td style=\"vertical-align: top; text-align : left; background-color: white; border: 0px #F0F0F0 solid; padding:0px 4px 0px 4px\" class=\"hierarchy\">The actual product that was administered. This should be a produc code or a reference to an actual Medication resource</td></tr>\r\n<tr style=\"border: 0px #F0F0F0 solid; padding:0px; vertical-align: top; background-color: #F7F7F7\"><td style=\"vertical-align: top; text-align : left; background-color: #F7F7F7; border: 0px #F0F0F0 solid; padding:0px 4px 0px 4px; white-space: nowrap; background-image: url(tbl_bck110.png)\" class=\"hierarchy\"><img src=\"tbl_spacer.png\" alt=\".\" style=\"background-color: inherit\" class=\"hierarchy\"/><img src=\"tbl_vline.png\" alt=\".\" style=\"background-color: inherit\" class=\"hierarchy\"/><img src=\"tbl_vjoin.png\" alt=\".\" style=\"background-color: inherit\" class=\"hierarchy\"/><img src=\"icon_primitive.png\" alt=\".\" style=\"background-color: #F7F7F7; background-color: inherit\" title=\"Primitive Data Type\" class=\"hierarchy\"/> <a href=\"StructureDefinition-be-model-vaccination-definitions.html#BEVaccination.administeredProduct.lotNumber\" title=\"The lot number\">lotNumber</a><a name=\"BEVaccination.administeredProduct.lotNumber\"> </a></td><td style=\"vertical-align: top; text-align : left; background-color: #F7F7F7; border: 0px #F0F0F0 solid; padding:0px 4px 0px 4px\" class=\"hierarchy\"/><td style=\"vertical-align: top; text-align : left; background-color: #F7F7F7; border: 0px #F0F0F0 solid; padding:0px 4px 0px 4px\" class=\"hierarchy\">0..1</td><td style=\"vertical-align: top; text-align : left; background-color: #F7F7F7; border: 0px #F0F0F0 solid; padding:0px 4px 0px 4px\" class=\"hierarchy\"><a href=\"http://hl7.org/fhir/R4/datatypes.html#string\">string</a></td><td style=\"vertical-align: top; text-align : left; background-color: #F7F7F7; border: 0px #F0F0F0 solid; padding:0px 4px 0px 4px\" class=\"hierarchy\">The lot number</td></tr>\r\n<tr style=\"border: 0px #F0F0F0 solid; padding:0px; vertical-align: top; background-color: white\"><td style=\"vertical-align: top; text-align : left; background-color: white; border: 0px #F0F0F0 solid; padding:0px 4px 0px 4px; white-space: nowrap; background-image: url(tbl_bck100.png)\" class=\"hierarchy\"><img src=\"tbl_spacer.png\" alt=\".\" style=\"background-color: inherit\" class=\"hierarchy\"/><img src=\"tbl_vline.png\" alt=\".\" style=\"background-color: inherit\" class=\"hierarchy\"/><img src=\"tbl_vjoin_end.png\" alt=\".\" style=\"background-color: inherit\" class=\"hierarchy\"/><img src=\"icon_primitive.png\" alt=\".\" style=\"background-color: white; background-color: inherit\" title=\"Primitive Data Type\" class=\"hierarchy\"/> <a href=\"StructureDefinition-be-model-vaccination-definitions.html#BEVaccination.administeredProduct.expirationDate\" title=\"The expiration date of the product.\">expirationDate</a><a name=\"BEVaccination.administeredProduct.expirationDate\"> </a></td><td style=\"vertical-align: top; text-align : left; background-color: white; border: 0px #F0F0F0 solid; padding:0px 4px 0px 4px\" class=\"hierarchy\"/><td style=\"vertical-align: top; text-align : left; background-color: white; border: 0px #F0F0F0 solid; padding:0px 4px 0px 4px\" class=\"hierarchy\">0..1</td><td style=\"vertical-align: top; text-align : left; background-color: white; border: 0px #F0F0F0 solid; padding:0px 4px 0px 4px\" class=\"hierarchy\"><a href=\"http://hl7.org/fhir/R4/datatypes.html#date\">date</a></td><td style=\"vertical-align: top; text-align : left; background-color: white; border: 0px #F0F0F0 solid; padding:0px 4px 0px 4px\" class=\"hierarchy\">The expiration date of the product.</td></tr>\r\n<tr style=\"border: 0px #F0F0F0 solid; padding:0px; vertical-align: top; background-color: #F7F7F7\"><td style=\"vertical-align: top; text-align : left; background-color: #F7F7F7; border: 0px #F0F0F0 solid; padding:0px 4px 0px 4px; white-space: nowrap; background-image: url(tbl_bck10.png)\" class=\"hierarchy\"><img src=\"tbl_spacer.png\" alt=\".\" style=\"background-color: inherit\" class=\"hierarchy\"/><img src=\"tbl_vjoin.png\" alt=\".\" style=\"background-color: inherit\" class=\"hierarchy\"/><img src=\"icon_reference.png\" alt=\".\" style=\"background-color: #F7F7F7; background-color: inherit\" title=\"Reference to another Resource\" class=\"hierarchy\"/> <a href=\"StructureDefinition-be-model-vaccination-definitions.html#BEVaccination.location\" title=\"The location where the immunization administration was performed. This can be a text (e.g. 'at the physician's office' or a code e.g. '00078' meaning 'patient's home' or a resource (Location) if one exists e.g. 'Location/kind-en-gezin-092375' which could be defining 'Kind en Gezin Gent Koepoortkaai' \">location</a><a name=\"BEVaccination.location\"> </a></td><td style=\"vertical-align: top; text-align : left; background-color: #F7F7F7; border: 0px #F0F0F0 solid; padding:0px 4px 0px 4px\" class=\"hierarchy\"/><td style=\"vertical-align: top; text-align : left; background-color: #F7F7F7; border: 0px #F0F0F0 solid; padding:0px 4px 0px 4px\" class=\"hierarchy\">0..1</td><td style=\"vertical-align: top; text-align : left; background-color: #F7F7F7; border: 0px #F0F0F0 solid; padding:0px 4px 0px 4px\" class=\"hierarchy\"><a href=\"http://hl7.org/fhir/R4/references.html\">Reference</a>()</td><td style=\"vertical-align: top; text-align : left; background-color: #F7F7F7; border: 0px #F0F0F0 solid; padding:0px 4px 0px 4px\" class=\"hierarchy\">The location where the immunization is performed.</td></tr>\r\n<tr style=\"border: 0px #F0F0F0 solid; padding:0px; vertical-align: top; background-color: white\"><td style=\"vertical-align: top; text-align : left; background-color: white; border: 0px #F0F0F0 solid; padding:0px 4px 0px 4px; white-space: nowrap; background-image: url(tbl_bck00.png)\" class=\"hierarchy\"><img src=\"tbl_spacer.png\" alt=\".\" style=\"background-color: inherit\" class=\"hierarchy\"/><img src=\"tbl_vjoin_end.png\" alt=\".\" style=\"background-color: inherit\" class=\"hierarchy\"/><img src=\"icon_datatype.gif\" alt=\".\" style=\"background-color: white; background-color: inherit\" title=\"Data Type\" class=\"hierarchy\"/> <a href=\"StructureDefinition-be-model-vaccination-definitions.html#BEVaccination.note\" title=\"Additional notes for the vaccination\">note</a><a name=\"BEVaccination.note\"> </a></td><td style=\"vertical-align: top; text-align : left; background-color: white; border: 0px #F0F0F0 solid; padding:0px 4px 0px 4px\" class=\"hierarchy\"/><td style=\"vertical-align: top; text-align : left; background-color: white; border: 0px #F0F0F0 solid; padding:0px 4px 0px 4px\" class=\"hierarchy\">0..1</td><td style=\"vertical-align: top; text-align : left; background-color: white; border: 0px #F0F0F0 solid; padding:0px 4px 0px 4px\" class=\"hierarchy\"><a href=\"http://hl7.org/fhir/R4/datatypes.html#Attachment\" title=\"Attachment\">Attachment</a></td><td style=\"vertical-align: top; text-align : left; background-color: white; border: 0px #F0F0F0 solid; padding:0px 4px 0px 4px\" class=\"hierarchy\">Additional notes for the vaccination.</td></tr>\r\n<tr><td colspan=\"5\" class=\"hierarchy\"><br/><a href=\"http://hl7.org/fhir/R4/formats.html#table\" title=\"Legend for this format\"><img src=\"http://hl7.org/fhir/R4/help16.png\" alt=\"doco\" style=\"background-color: inherit\"/> Documentation for this format</a></td></tr></table></div>"},"url":"https://www.hl7belgium.org/fhir/StructureDefinition/be-model-vaccination","version":"0.1.0","name":"BEVaccination","status":"draft","date":"2021-07-13T23:17:19+00:00","publisher":"RIZIV-INAMI","contact":[{"telecom":[{"system":"url","value":"http://somewhere.org"}]}],"description":"This is the logical model of the patient's vaccination entries in an immunization or vaccination record. The patient vaccination record of several entries as modeled here.","jurisdiction":[{"coding":[{"system":"http://unstats.un.org/unsd/methods/m49/m49.htm","code":"056"},{"system":"urn:iso:std:iso:3166","code":"BE"}]}],"fhirVersion":"4.0.1","mapping":[{"identity":"rim","uri":"http://hl7.org/v3","name":"RIM Mapping"}],"kind":"logical","abstract":false,"type":"BEVaccination","baseDefinition":"http://hl7.org/fhir/StructureDefinition/Resource","derivation":"specialization","snapshot":{"element":[{"id":"BEVaccination","path":"BEVaccination","short":"A record of an immunization or vaccination","definition":"A record of an immunization or vaccination","min":0,"max":"*","base":{"path":"Resource","min":0,"max":"*"},"isModifier":false,"isSummary":false,"mapping":[{"identity":"rim","map":"Entity. Role, or Act"}]},{"id":"BEVaccination.id","path":"BEVaccination.id","short":"Logical id of this artifact","definition":"The logical id of the resource, as used in the URL for the resource. Once assigned, this value never changes.","comment":"The only time that a resource does not have an id is when it is being submitted to the server using a create operation.","min":0,"max":"1","base":{"path":"Resource.id","min":0,"max":"1"},"type":[{"extension":[{"url":"http://hl7.org/fhir/StructureDefinition/structuredefinition-fhir-type","valueUrl":"string"}],"code":"http://hl7.org/fhirpath/System.String"}],"isModifier":false,"isSummary":true},{"id":"BEVaccination.meta","path":"BEVaccination.meta","short":"Metadata about the resource","definition":"The metadata about the resource. This is content that is maintained by the infrastructure. Changes to the content might not always be associated with version changes to the resource.","min":0,"max":"1","base":{"path":"Resource.meta","min":0,"max":"1"},"type":[{"code":"Meta"}],"constraint":[{"key":"ele-1","severity":"error","human":"All FHIR elements must have a @value or children","expression":"hasValue() or (children().count() > id.count())","xpath":"@value|f:*|h:div","source":"http://hl7.org/fhir/StructureDefinition/Element"}],"isModifier":false,"isSummary":true},{"id":"BEVaccination.implicitRules","path":"BEVaccination.implicitRules","short":"A set of rules under which this content was created","definition":"A reference to a set of rules that were followed when the resource was constructed, and which must be understood when processing the content. Often, this is a reference to an implementation guide that defines the special rules along with other profiles etc.","comment":"Asserting this rule set restricts the content to be only understood by a limited set of trading partners. This inherently limits the usefulness of the data in the long term. However, the existing health eco-system is highly fractured, and not yet ready to define, collect, and exchange data in a generally computable sense. Wherever possible, implementers and/or specification writers should avoid using this element. Often, when used, the URL is a reference to an implementation guide that defines these special rules as part of it's narrative along with other profiles, value sets, etc.","min":0,"max":"1","base":{"path":"Resource.implicitRules","min":0,"max":"1"},"type":[{"code":"uri"}],"constraint":[{"key":"ele-1","severity":"error","human":"All FHIR elements must have a @value or children","expression":"hasValue() or (children().count() > id.count())","xpath":"@value|f:*|h:div","source":"http://hl7.org/fhir/StructureDefinition/Element"}],"isModifier":true,"isModifierReason":"This element is labeled as a modifier because the implicit rules may provide additional knowledge about the resource that modifies it's meaning or interpretation","isSummary":true},{"id":"BEVaccination.language","path":"BEVaccination.language","short":"Language of the resource content","definition":"The base language in which the resource is written.","comment":"Language is provided to support indexing and accessibility (typically, services such as text to speech use the language tag). The html language tag in the narrative applies  to the narrative. The language tag on the resource may be used to specify the language of other presentations generated from the data in the resource. Not all the content has to be in the base language. The Resource.language should not be assumed to apply to the narrative automatically. If a language is specified, it should it also be specified on the div element in the html (see rules in HTML5 for information about the relationship between xml:lang and the html lang attribute).","min":0,"max":"1","base":{"path":"Resource.language","min":0,"max":"1"},"type":[{"code":"code"}],"constraint":[{"key":"ele-1","severity":"error","human":"All FHIR elements must have a @value or children","expression":"hasValue() or (children().count() > id.count())","xpath":"@value|f:*|h:div","source":"http://hl7.org/fhir/StructureDefinition/Element"}],"isModifier":false,"isSummary":false,"binding":{"extension":[{"url":"http://hl7.org/fhir/StructureDefinition/elementdefinition-maxValueSet","valueCanonical":"http://hl7.org/fhir/ValueSet/all-languages"},{"url":"http://hl7.org/fhir/StructureDefinition/elementdefinition-bindingName","valueString":"Language"},{"url":"http://hl7.org/fhir/StructureDefinition/elementdefinition-isCommonBinding","valueBoolean":true}],"strength":"preferred","description":"A human language.","valueSet":"http://hl7.org/fhir/ValueSet/languages"}},{"id":"BEVaccination.identifier","path":"BEVaccination.identifier","short":"The business identifier(s) for the vaccination entry","definition":"The business identifier(s) for the vaccination entry - This is an optional attribute, used for example to track an entry throughout its lifecycle, or across vaults.","min":0,"max":"1","base":{"path":"BEVaccination.identifier","min":0,"max":"1"},"type":[{"code":"Identifier"}]},{"id":"BEVaccination.status","path":"BEVaccination.status","short":"The status of this vaccination record entry","definition":"The status of the vaccination record entry - whether it is active, entered in error, etc.","min":1,"max":"1","base":{"path":"BEVaccination.status","min":1,"max":"1"},"type":[{"code":"code","profile":["http://hl7.org/fhir/StructureDefinition/code"]}]},{"id":"BEVaccination.statusReason","path":"BEVaccination.statusReason","short":"The reason for the status e.g. 'not completed because...'","definition":"Supporting reason for status information.","min":0,"max":"1","base":{"path":"BEVaccination.statusReason","min":0,"max":"1"},"type":[{"code":"CodeableConcept","profile":["http://hl7.org/fhir/StructureDefinition/CodeableConcept"]}],"binding":{"strength":"required","description":"Belgium codes to describe reasons considered for status of vaccination actions, e.g. reasons for not administering vaccine","valueSet":"https://www.hl7belgium.org/fhir/ValueSet/be-vs-vaccination-status-reason"}},{"id":"BEVaccination.patient","path":"BEVaccination.patient","short":"The patient that received vaccination.","definition":"The patient that has received the vaccination.","min":1,"max":"1","base":{"path":"BEVaccination.patient","min":1,"max":"1"},"type":[{"code":"Reference","targetProfile":["https://www.ehealth.fgov.be/standards/fhir/StructureDefinition/be-patient"]}]},{"id":"BEVaccination.vaccineCode","path":"BEVaccination.vaccineCode","short":"The vaccine code, typically identified by the diseas(s) it covers. For example MMR, HPV, Tetanus, DTPa","definition":"The vaccine code - a type of vaccine, typically identified by the disease(s) it covers. For example MMR, HPV, Tetanus, DTPa. This should be a coded value.","min":1,"max":"1","base":{"path":"BEVaccination.vaccineCode","min":1,"max":"1"},"type":[{"code":"CodeableConcept"}]},{"id":"BEVaccination.vaccinationDate[x]","path":"BEVaccination.vaccinationDate[x]","short":"The date and time when the vaccination has been administered","definition":"The date and/or time when the vaccine administration has been administered or presumed to be administered","min":0,"max":"1","base":{"path":"BEVaccination.vaccinationDate[x]","min":0,"max":"1"},"type":[{"code":"dateTime"},{"code":"string"}]},{"id":"BEVaccination.vaccinationRequest","path":"BEVaccination.vaccinationRequest","short":"The patient-specific order or recommendation for the vaccination","definition":"The patient-specific order or recommendation for the vaccination, for example a prescription or a request for vaccination for a patient by a physician, for example for optional vaccines.","min":0,"max":"1","base":{"path":"BEVaccination.vaccinationRequest","min":0,"max":"1"},"type":[{"code":"Reference"}]},{"id":"BEVaccination.protocol","path":"BEVaccination.protocol","short":"The vaccination plan or protocol (not patient-specific) that this vaccination is fulfilling","definition":"The vaccination plan or protocol (not patient-specific) that this vaccination is fulfilling. For example 'Basisvaccinatieschema'","min":0,"max":"1","base":{"path":"BEVaccination.protocol","min":0,"max":"1"},"type":[{"code":"Reference"}]},{"id":"BEVaccination.type","path":"BEVaccination.type","short":"The type of vaccination action - for example first dose or reinforcement.","definition":"The type of vaccination action - for example first dose or reinforcement.","min":1,"max":"1","base":{"path":"BEVaccination.type","min":1,"max":"1"},"type":[{"code":"code"}]},{"id":"BEVaccination.sequenceNumber","path":"BEVaccination.sequenceNumber","short":"The sequence number of an immunization - whether it is the first dose, or second dose...","definition":"The sequence number of an immunization when part of a protocol - if it is the first dose, or second dose...","min":0,"max":"1","base":{"path":"BEVaccination.sequenceNumber","min":0,"max":"1"},"type":[{"code":"string"}]},{"id":"BEVaccination.reporter","path":"BEVaccination.reporter","short":"The professional that recorded the administration of the vaccine","definition":"The professional that recorded the administration of the vaccine.","min":1,"max":"1","base":{"path":"BEVaccination.reporter","min":1,"max":"1"},"type":[{"code":"Reference","targetProfile":["https://www.ehealth.fgov.be/standards/fhir/StructureDefinition/be-practitioner"]}]},{"id":"BEVaccination.recorded","path":"BEVaccination.recorded","short":"The date and time when the administration of the vaccine was recorded","definition":"The date and time when the administration of the vaccine was recorded - typically used when the vaccine event is recorded a posteriori.","min":1,"max":"1","base":{"path":"BEVaccination.recorded","min":1,"max":"1"},"type":[{"code":"dateTime"}]},{"id":"BEVaccination.performer","path":"BEVaccination.performer","short":"The professional that administered the medication","definition":"The professional that administered the medication. Use code \"unknown\" if not known.","min":1,"max":"1","base":{"path":"BEVaccination.performer","min":1,"max":"1"},"type":[{"code":"Reference","targetProfile":["https://www.ehealth.fgov.be/standards/fhir/StructureDefinition/be-practitioner"]}]},{"id":"BEVaccination.route","path":"BEVaccination.route","short":"The route of administration.","definition":"The route of administration for the vaccine. This can be free text (not desired) or a code","min":0,"max":"1","base":{"path":"BEVaccination.route","min":0,"max":"1"},"type":[{"code":"CodeableConcept"}]},{"id":"BEVaccination.administeredProduct","path":"BEVaccination.administeredProduct","short":"The details of the product that was administered.","definition":"The details of the product that was administered","min":0,"max":"1","base":{"path":"BEVaccination.administeredProduct","min":0,"max":"1"},"type":[{"code":"BackboneElement"}]},{"id":"BEVaccination.administeredProduct.product","path":"BEVaccination.administeredProduct.product","short":"The actual product that was administered. This should be a produc code or a reference to an actual Medication resource","definition":"The actual product that was administered. This can be just text (not desired), or a code (e.g. 1696392 = Neisvac C Dos 0,5ml) or a reference to an actual Medication product (e.g. http://server/Medication/1696392)","comment":"In the case where the product is not known, use code \"unknown\"","min":1,"max":"1","base":{"path":"BEVaccination.administeredProduct.product","min":1,"max":"1"},"type":[{"code":"Reference"}]},{"id":"BEVaccination.administeredProduct.lotNumber","path":"BEVaccination.administeredProduct.lotNumber","short":"The lot number","definition":"The lot number","min":0,"max":"1","base":{"path":"BEVaccination.administeredProduct.lotNumber","min":0,"max":"1"},"type":[{"code":"string"}]},{"id":"BEVaccination.administeredProduct.expirationDate","path":"BEVaccination.administeredProduct.expirationDate","short":"The expiration date of the product.","definition":"The expiration date of the product.","min":0,"max":"1","base":{"path":"BEVaccination.administeredProduct.expirationDate","min":0,"max":"1"},"type":[{"code":"date"}]},{"id":"BEVaccination.location","path":"BEVaccination.location","short":"The location where the immunization is performed.","definition":"The location where the immunization administration was performed. This can be a text (e.g. 'at the physician's office' or a code e.g. '00078' meaning 'patient's home' or a resource (Location) if one exists e.g. 'Location/kind-en-gezin-092375' which could be defining 'Kind en Gezin Gent Koepoortkaai' ","min":0,"max":"1","base":{"path":"BEVaccination.location","min":0,"max":"1"},"type":[{"code":"Reference"}]},{"id":"BEVaccination.note","path":"BEVaccination.note","short":"Additional notes for the vaccination.","definition":"Additional notes for the vaccination","min":0,"max":"1","base":{"path":"BEVaccination.note","min":0,"max":"1"},"type":[{"code":"Attachment","profile":["http://hl7.org/fhir/StructureDefinition/Attachment"]}]}]},"differential":{"element":[{"id":"BEVaccination","path":"BEVaccination","short":"A record of an immunization or vaccination","definition":"A record of an immunization or vaccination","min":0,"max":"*"},{"id":"BEVaccination.identifier","path":"BEVaccination.identifier","short":"The business identifier(s) for the vaccination entry","definition":"The business identifier(s) for the vaccination entry - This is an optional attribute, used for example to track an entry throughout its lifecycle, or across vaults.","min":0,"max":"1","type":[{"code":"Identifier"}]},{"id":"BEVaccination.status","path":"BEVaccination.status","short":"The status of this vaccination record entry","definition":"The status of the vaccination record entry - whether it is active, entered in error, etc.","min":1,"max":"1","type":[{"code":"code","profile":["http://hl7.org/fhir/StructureDefinition/code"]}]},{"id":"BEVaccination.statusReason","path":"BEVaccination.statusReason","short":"The reason for the status e.g. 'not completed because...'","definition":"Supporting reason for status information.","min":0,"max":"1","type":[{"code":"CodeableConcept","profile":["http://hl7.org/fhir/StructureDefinition/CodeableConcept"]}],"binding":{"strength":"required","description":"Belgium codes to describe reasons considered for status of vaccination actions, e.g. reasons for not administering vaccine","valueSet":"https://www.hl7belgium.org/fhir/ValueSet/be-vs-vaccination-status-reason"}},{"id":"BEVaccination.patient","path":"BEVaccination.patient","short":"The patient that received vaccination.","definition":"The patient that has received the vaccination.","min":1,"max":"1","type":[{"code":"Reference","targetProfile":["https://www.ehealth.fgov.be/standards/fhir/StructureDefinition/be-patient"]}]},{"id":"BEVaccination.vaccineCode","path":"BEVaccination.vaccineCode","short":"The vaccine code, typically identified by the diseas(s) it covers. For example MMR, HPV, Tetanus, DTPa","definition":"The vaccine code - a type of vaccine, typically identified by the disease(s) it covers. For example MMR, HPV, Tetanus, DTPa. This should be a coded value.","min":1,"max":"1","type":[{"code":"CodeableConcept"}]},{"id":"BEVaccination.vaccinationDate[x]","path":"BEVaccination.vaccinationDate[x]","short":"The date and time when the vaccination has been administered","definition":"The date and/or time when the vaccine administration has been administered or presumed to be administered","min":0,"max":"1","type":[{"code":"dateTime"},{"code":"string"}]},{"id":"BEVaccination.vaccinationRequest","path":"BEVaccination.vaccinationRequest","short":"The patient-specific order or recommendation for the vaccination","definition":"The patient-specific order or recommendation for the vaccination, for example a prescription or a request for vaccination for a patient by a physician, for example for optional vaccines.","min":0,"max":"1","type":[{"code":"Reference"}]},{"id":"BEVaccination.protocol","path":"BEVaccination.protocol","short":"The vaccination plan or protocol (not patient-specific) that this vaccination is fulfilling","definition":"The vaccination plan or protocol (not patient-specific) that this vaccination is fulfilling. For example 'Basisvaccinatieschema'","min":0,"max":"1","type":[{"code":"Reference"}]},{"id":"BEVaccination.type","path":"BEVaccination.type","short":"The type of vaccination action - for example first dose or reinforcement.","definition":"The type of vaccination action - for example first dose or reinforcement.","min":1,"max":"1","type":[{"code":"code"}]},{"id":"BEVaccination.sequenceNumber","path":"BEVaccination.sequenceNumber","short":"The sequence number of an immunization - whether it is the first dose, or second dose...","definition":"The sequence number of an immunization when part of a protocol - if it is the first dose, or second dose...","min":0,"max":"1","type":[{"code":"string"}]},{"id":"BEVaccination.reporter","path":"BEVaccination.reporter","short":"The professional that recorded the administration of the vaccine","definition":"The professional that recorded the administration of the vaccine.","min":1,"max":"1","type":[{"code":"Reference","targetProfile":["https://www.ehealth.fgov.be/standards/fhir/StructureDefinition/be-practitioner"]}]},{"id":"BEVaccination.recorded","path":"BEVaccination.recorded","short":"The date and time when the administration of the vaccine was recorded","definition":"The date and time when the administration of the vaccine was recorded - typically used when the vaccine event is recorded a posteriori.","min":1,"max":"1","type":[{"code":"dateTime"}]},{"id":"BEVaccination.performer","path":"BEVaccination.performer","short":"The professional that administered the medication","definition":"The professional that administered the medication. Use code \"unknown\" if not known.","min":1,"max":"1","type":[{"code":"Reference","targetProfile":["https://www.ehealth.fgov.be/standards/fhir/StructureDefinition/be-practitioner"]}]},{"id":"BEVaccination.route","path":"BEVaccination.route","short":"The route of administration.","definition":"The route of administration for the vaccine. This can be free text (not desired) or a code","min":0,"max":"1","type":[{"code":"CodeableConcept"}]},{"id":"BEVaccination.administeredProduct","path":"BEVaccination.administeredProduct","short":"The details of the product that was administered.","definition":"The details of the product that was administered","min":0,"max":"1","type":[{"code":"BackboneElement"}]},{"id":"BEVaccination.administeredProduct.product","path":"BEVaccination.administeredProduct.product","short":"The actual product that was administered. This should be a produc code or a reference to an actual Medication resource","definition":"The actual product that was administered. This can be just text (not desired), or a code (e.g. 1696392 = Neisvac C Dos 0,5ml) or a reference to an actual Medication product (e.g. http://server/Medication/1696392)","comment":"In the case where the product is not known, use code \"unknown\"","min":1,"max":"1","type":[{"code":"Reference"}]},{"id":"BEVaccination.administeredProduct.lotNumber","path":"BEVaccination.administeredProduct.lotNumber","short":"The lot number","definition":"The lot number","min":0,"max":"1","type":[{"code":"string"}]},{"id":"BEVaccination.administeredProduct.expirationDate","path":"BEVaccination.administeredProduct.expirationDate","short":"The expiration date of the product.","definition":"The expiration date of the product.","min":0,"max":"1","type":[{"code":"date"}]},{"id":"BEVaccination.location","path":"BEVaccination.location","short":"The location where the immunization is performed.","definition":"The location where the immunization administration was performed. This can be a text (e.g. 'at the physician's office' or a code e.g. '00078' meaning 'patient's home' or a resource (Location) if one exists e.g. 'Location/kind-en-gezin-092375' which could be defining 'Kind en Gezin Gent Koepoortkaai' ","min":0,"max":"1","type":[{"code":"Reference"}]},{"id":"BEVaccination.note","path":"BEVaccination.note","short":"Additional notes for the vaccination.","definition":"Additional notes for the vaccination","min":0,"max":"1","type":[{"code":"Attachment","profile":["http://hl7.org/fhir/StructureDefinition/Attachment"]}]}]}}