{"resourceType":"ValueSet","id":"be-vs-vaccination-confirmation-status","text":{"status":"generated","div":"<div xmlns=\"http://www.w3.org/1999/xhtml\"><ul><li>Include all codes defined in <a href=\"CodeSystem-be-cs-vaccination-confirmation-status.html\"><code>https://www.hl7belgium.org/fhir/CodeSystem/be-cs-vaccination-confirmation-status</code></a></li></ul></div>"},"url":"https://www.hl7belgium.org/fhir/ValueSet/be-vs-vaccination-confirmation-status","version":"0.1.0","name":"BeVSVaccinationConfirmationStatus","title":"Vaccination status Value Set","status":"draft","date":"2021-07-13T23:17:19+00:00","publisher":"RIZIV-INAMI","contact":[{"telecom":[{"system":"url","value":"http://somewhere.org"}]}],"description":"Vaccination status Value Set","jurisdiction":[{"coding":[{"system":"http://unstats.un.org/unsd/methods/m49/m49.htm","code":"056"},{"system":"urn:iso:std:iso:3166","code":"BE"}]}],"compose":{"include":[{"system":"https://www.hl7belgium.org/fhir/CodeSystem/be-cs-vaccination-confirmation-status"}]}}