{"resourceType":"ValueSet","id":"be-vs-care-location","text":{"status":"generated","div":"<div xmlns=\"http://www.w3.org/1999/xhtml\"><ul><li>Include all codes defined in <a href=\"CodeSystem-be-cs-care-location.html\"><code>https://www.hl7belgium.org/fhir/CodeSystem/be-cs-care-location</code></a></li></ul></div>"},"url":"https://www.hl7belgium.org/fhir/ValueSet/be-vs-care-location","version":"0.1.0","name":"BeVSCareLocation","title":"Care Location Value Set","status":"draft","date":"2021-07-13T22:58:11+00:00","publisher":"RIZIV-INAMI","contact":[{"telecom":[{"system":"url","value":"http://somewhere.org"}]}],"description":"Care Location Value Set","jurisdiction":[{"coding":[{"system":"http://unstats.un.org/unsd/methods/m49/m49.htm","code":"056"},{"system":"urn:iso:std:iso:3166","code":"BE"}]}],"compose":{"include":[{"system":"https://www.hl7belgium.org/fhir/CodeSystem/be-cs-care-location"}]}}