{
  "resourceType": "AllergyIntolerance",
  "id": "allergyintolerance2",
  "meta": {
    "profile": [
      "https://www.hl7belgium.org/fhir/StructureDefinition/be-allergyintolerance"
    ]
  },
  "text": {
    "status": "generated",
    "div": "<div xmlns=\"http://www.w3.org/1999/xhtml\"><p><b>Generated Narrative</b></p><p><b>clinicalStatus</b>: <span title=\"Codes: {http://terminology.hl7.org/CodeSystem/allergyintolerance-clinical active}\">Active</span></p><p><b>verificationStatus</b>: <span title=\"Codes: {http://terminology.hl7.org/CodeSystem/allergyintolerance-verification confirmed}\">Confirmed</span></p><p><b>type</b>: allergy</p><p><b>category</b>: environment</p><p><b>criticality</b>: high</p><p><b>code</b>: <span title=\"Codes: {http://snomed.info/sct 256259004}\">Allergic to pollen</span></p><p><b>patient</b>: <a href=\"Patient/patient1\">Patient/patient1</a></p><p><b>onset</b>: 2004</p><p><b>recordedDate</b>: Oct 9, 2014, 3:58:00 AM</p><p><b>recorder</b>: <a href=\"Practitioner/practitioner1\">Practitioner/practitioner1</a></p><p><b>asserter</b>: <a href=\"Patient/patient1\">Patient/patient1</a></p><p><b>lastOccurrence</b>: 2012-06</p><p><b>note</b>: Some extra information can be given here.</p><blockquote><p><b>reaction</b></p><p><b>substance</b>: <span title=\"Codes: {http://snomed.info/sct 256262001}\">Silver Birch pollen</span></p><p><b>manifestation</b>: <span title=\"Codes: {http://snomed.info/sct 49727002}\">Cough</span></p><p><b>onset</b>: 2012-06-12</p><p><b>severity</b>: severe</p></blockquote><blockquote><p><b>reaction</b></p><p><b>substance</b>: <span title=\"Codes: {http://snomed.info/sct 710732007}\">Douglas fir pollen</span></p><p><b>manifestation</b>: <span title=\"Codes: {http://snomed.info/sct 49727002}\">Cough</span></p><p><b>onset</b>: 2012-06-12</p><p><b>severity</b>: mild</p></blockquote></div>"
  },
  "clinicalStatus": {
    "coding": [
      {
        "system": "http://terminology.hl7.org/CodeSystem/allergyintolerance-clinical",
        "code": "active",
        "display": "Active"
      }
    ]
  },
  "verificationStatus": {
    "coding": [
      {
        "system": "http://terminology.hl7.org/CodeSystem/allergyintolerance-verification",
        "code": "confirmed"
      }
    ]
  },
  "type": "allergy",
  "category": [
    "environment"
  ],
  "criticality": "high",
  "code": {
    "coding": [
      {
        "system": "http://snomed.info/sct",
        "code": "256259004",
        "display": "Pollen"
      }
    ],
    "text": "Allergic to pollen"
  },
  "patient": {
    "reference": "Patient/patient1"
  },
  "onsetDateTime": "2004",
  "recordedDate": "2014-10-09T14:58:00+11:00",
  "recorder": {
    "reference": "Practitioner/practitioner1"
  },
  "asserter": {
    "reference": "Patient/patient1"
  },
  "lastOccurrence": "2012-06",
  "note": [
    {
      "text": "Some extra information can be given here."
    }
  ],
  "reaction": [
    {
      "substance": {
        "coding": [
          {
            "system": "http://snomed.info/sct",
            "code": "256262001",
            "display": "Silver Birch pollen"
          }
        ]
      },
      "manifestation": [
        {
          "coding": [
            {
              "system": "http://snomed.info/sct",
              "code": "49727002",
              "display": "Cough"
            }
          ]
        }
      ],
      "onset": "2012-06-12",
      "severity": "severe"
    },
    {
      "substance": {
        "coding": [
          {
            "system": "http://snomed.info/sct",
            "code": "710732007",
            "display": "Douglas fir pollen"
          }
        ]
      },
      "manifestation": [
        {
          "coding": [
            {
              "system": "http://snomed.info/sct",
              "code": "49727002",
              "display": "Cough"
            }
          ]
        }
      ],
      "onset": "2012-06-12",
      "severity": "mild"
    }
  ]
}