{
  "resourceType": "AllergyIntolerance",
  "id": "allergyintolerance-encounterReference-contained",
  "meta": {
    "profile": [
      "https://www.hl7belgium.org/fhir/StructureDefinition/be-allergyintolerance"
    ]
  },
  "text": {
    "status": "generated",
    "div": "<div xmlns=\"http://www.w3.org/1999/xhtml\"><p><b>Generated Narrative</b></p><p><b>clinicalStatus</b>: <span title=\"Codes: {http://hl7.org/fhir/CodeSystem/allergyintolerance-clinical active}\">active</span></p><p><b>verificationStatus</b>: <span title=\"Codes: {http://hl7.org/fhir/CodeSystem/allergyintolerance-verification confirmed}\">confirmed</span></p><p><b>type</b>: allergy</p><p><b>category</b>: food</p><p><b>criticality</b>: higher</p><p><b>code</b>: <span title=\"Codes: {http://snomed.info/sct 762952008}\">Peanut (substance)</span></p><p><b>patient</b>: <a href=\"Patient/patient1\">Patient/patient1</a></p><p><b>encounter</b>: <a name=\"example-encounter-uzgent-contained\"> </a></p><blockquote><p><b>status</b>: finished</p><p><b>class</b>: <span title=\"{http://terminology.hl7.org/CodeSystem/v3-ActCode OBSENC}\">observation encounter</span></p><p><b>period</b>: 2020-10-12 --&gt; 2020-10-15</p><h3>Locations</h3><table class=\"grid\"><tr><td>-</td><td><b>Location</b></td></tr><tr><td>*</td><td><a href=\"Location/uz-gent\">Location/uz-gent</a></td></tr></table></blockquote><p><b>onset</b>: 2004</p><p><b>recordedDate</b>: Oct 9, 2014, 3:58:00 AM</p><p><b>recorder</b>: <a href=\"Practitioner/practitioner1\">Practitioner/practitioner1</a></p><p><b>asserter</b>: <a href=\"Patient/patient1\">Patient/patient1</a></p><p><b>lastOccurrence</b>: 2012-06</p><p><b>note</b>: Some extra information can be given here.</p><h3>Reactions</h3><table class=\"grid\"><tr><td>-</td><td><b>Manifestation</b></td><td><b>Onset</b></td><td><b>Severity</b></td></tr><tr><td>*</td><td><span title=\"Codes: {http://snomed.info/sct 39579001}\">Anaphylaxis</span></td><td>2012-06-12</td><td>severe</td></tr></table></div>"
  },
  "contained": [
    {
      "resourceType": "Encounter",
      "id": "example-encounter-uzgent-contained",
      "status": "finished",
      "class": {
        "system": "http://terminology.hl7.org/CodeSystem/v3-ActCode",
        "code": "OBSENC"
      },
      "period": {
        "start": "2020-10-12",
        "end": "2020-10-15"
      },
      "location": [
        {
          "location": {
            "reference": "Location/uz-gent"
          }
        }
      ]
    }
  ],
  "clinicalStatus": {
    "coding": [
      {
        "system": "http://hl7.org/fhir/CodeSystem/allergyintolerance-clinical",
        "code": "active"
      }
    ]
  },
  "verificationStatus": {
    "coding": [
      {
        "system": "http://hl7.org/fhir/CodeSystem/allergyintolerance-verification",
        "code": "confirmed"
      }
    ]
  },
  "type": "allergy",
  "category": [
    "food"
  ],
  "criticality": "higher",
  "code": {
    "coding": [
      {
        "system": "http://snomed.info/sct",
        "code": "762952008"
      }
    ]
  },
  "patient": {
    "reference": "Patient/patient1"
  },
  "encounter": {
    "reference": "#example-encounter-uzgent-contained"
  },
  "onsetDateTime": "2004",
  "recordedDate": "2014-10-09T14:58:00+11:00",
  "recorder": {
    "reference": "Practitioner/practitioner1"
  },
  "asserter": {
    "reference": "Patient/patient1"
  },
  "lastOccurrence": "2012-06",
  "note": [
    {
      "text": "Some extra information can be given here."
    }
  ],
  "reaction": [
    {
      "manifestation": [
        {
          "coding": [
            {
              "system": "http://snomed.info/sct",
              "code": "39579001"
            }
          ]
        }
      ],
      "onset": "2012-06-12",
      "severity": "severe"
    }
  ]
}