{
  "resourceType": "CodeSystem",
  "id": "be-cs-problem-category",
  "text": {
    "status": "generated",
    "div": "<div xmlns=\"http://www.w3.org/1999/xhtml\"><p>This code system https://www.hl7belgium.org/fhir/CodeSystem/be-cs-problem-category defines the following codes:</p><table class=\"codes\"><tr><td style=\"white-space:nowrap\"><b>Code</b></td><td><b>Display</b></td><td><b>Definition</b></td></tr><tr><td style=\"white-space:nowrap\">diagnosis<a name=\"be-cs-problem-category-diagnosis\"> </a></td><td>Diagnosis</td><td>A disease identified from a clinical reasoning, based on pathological and physiological ascertainments</td></tr><tr><td style=\"white-space:nowrap\">problem<a name=\"be-cs-problem-category-problem\"> </a></td><td>Problem</td><td>Identification of problems that the healthcare provider considers harmful, potentially harmful, and which may be the subject of further investigation or treatment</td></tr><tr><td style=\"white-space:nowrap\">risk<a name=\"be-cs-problem-category-risk\"> </a></td><td>Risk</td><td>Identification of a health problem or situation that may require ongoing monitoring or management</td></tr><tr><td style=\"white-space:nowrap\">antecedent<a name=\"be-cs-problem-category-antecedent\"> </a></td><td>Antecedent</td><td>Information about a problem that has been resolved</td></tr><tr><td style=\"white-space:nowrap\">congenital<a name=\"be-cs-problem-category-congenital\"> </a></td><td>Congenital anomaly</td><td>Congenital anomaly</td></tr><tr><td style=\"white-space:nowrap\">conclusion<a name=\"be-cs-problem-category-conclusion\"> </a></td><td>Conclusion</td><td>Informations about a conclusion from anamnesis performed by a professional other than a physician</td></tr><tr><td style=\"white-space:nowrap\">other<a name=\"be-cs-problem-category-other\"> </a></td><td>Other</td><td>Other</td></tr></table><p><b>Additional Language Displays</b></p><table class=\"codes\"><tr><td><b>Code</b></td><td><b>French (Belgium) (fr)</b></td><td><b>Nederlands (België) (Dutch (Belgium), nl)</b></td></tr><tr><td>diagnosis</td><td>Diagnostic</td><td>diagnose</td></tr><tr><td>problem</td><td>Problème</td><td>Probleem</td></tr><tr><td>risk</td><td>Risque</td><td>Risico</td></tr><tr><td>antecedent</td><td>Antécédent</td><td>Antecedent</td></tr><tr><td>congenital</td><td>Maladie congénitale</td><td>Aangeboren afwijking</td></tr><tr><td>conclusion</td><td>Conclusion anamnèse</td><td>Anamnesis conclusie</td></tr><tr><td>other</td><td>Autre</td><td>andere</td></tr></table></div>"
  },
  "url": "https://www.hl7belgium.org/fhir/CodeSystem/be-cs-problem-category",
  "version": "0.1.0",
  "name": "BeCSProblemCategory",
  "title": "Problem Category",
  "status": "draft",
  "date": "2021-07-13T22:58:11+00:00",
  "publisher": "RIZIV-INAMI",
  "contact": [
    {
      "telecom": [
        {
          "system": "url",
          "value": "http://somewhere.org"
        }
      ]
    }
  ],
  "description": "Problem Category",
  "jurisdiction": [
    {
      "coding": [
        {
          "system": "http://unstats.un.org/unsd/methods/m49/m49.htm",
          "code": "056"
        },
        {
          "system": "urn:iso:std:iso:3166",
          "code": "BE"
        }
      ]
    }
  ],
  "content": "complete",
  "concept": [
    {
      "code": "diagnosis",
      "display": "Diagnosis",
      "definition": "A disease identified from a clinical reasoning, based on pathological and physiological ascertainments",
      "designation": [
        {
          "language": "fr-BE",
          "value": "Diagnostic"
        },
        {
          "language": "nl-BE",
          "value": "diagnose"
        }
      ]
    },
    {
      "code": "problem",
      "display": "Problem",
      "definition": "Identification of problems that the healthcare provider considers harmful, potentially harmful, and which may be the subject of further investigation or treatment",
      "designation": [
        {
          "language": "fr-BE",
          "value": "Problème"
        },
        {
          "language": "nl-BE",
          "value": "Probleem"
        }
      ]
    },
    {
      "code": "risk",
      "display": "Risk",
      "definition": "Identification of a health problem or situation that may require ongoing monitoring or management",
      "designation": [
        {
          "language": "fr-BE",
          "value": "Risque"
        },
        {
          "language": "nl-BE",
          "value": "Risico"
        }
      ]
    },
    {
      "code": "antecedent",
      "display": "Antecedent",
      "definition": "Information about a problem that has been resolved",
      "designation": [
        {
          "language": "fr-BE",
          "value": "Antécédent"
        },
        {
          "language": "nl-BE",
          "value": "Antecedent"
        }
      ]
    },
    {
      "code": "congenital",
      "display": "Congenital anomaly",
      "definition": "Congenital anomaly",
      "designation": [
        {
          "language": "fr-BE",
          "value": "Maladie congénitale"
        },
        {
          "language": "nl-BE",
          "value": "Aangeboren afwijking"
        }
      ]
    },
    {
      "code": "conclusion",
      "display": "Conclusion",
      "definition": "Informations about a conclusion from anamnesis performed by a professional other than a physician",
      "designation": [
        {
          "language": "fr-BE",
          "value": "Conclusion anamnèse"
        },
        {
          "language": "nl-BE",
          "value": "Anamnesis conclusie"
        }
      ]
    },
    {
      "code": "other",
      "display": "Other",
      "definition": "Other",
      "designation": [
        {
          "language": "fr-BE",
          "value": "Autre"
        },
        {
          "language": "nl-BE",
          "value": "andere"
        }
      ]
    }
  ]
}