{
  "resourceType": "Immunization",
  "id": "toto-hexa3",
  "meta": {
    "profile": [
      "https://www.hl7belgium.org/fhir/StructureDefinition/be-vaccination"
    ]
  },
  "text": {
    "status": "extensions",
    "div": "<div xmlns=\"http://www.w3.org/1999/xhtml\"><p><b>Generated Narrative</b></p><p><b>Location (reference, code or text) of the vaccination</b>: <a href=\"Organization-org-one-brussels.html\">Generated Summary: id: 457213512; active; name: ONE Brussels; https://www.one.be</a></p><p><b>How certain is the vaccination information - confirmed, not confirmed</b>: confirmed</p><p><b>identifier</b>: id: fb2e2bbb-6a25-4d02-b3d7-8ac0b3efb57b</p><p><b>status</b>: completed</p><p><b>vaccineCode</b>: <span title=\"Codes: {http://hl7.org/fhir/sid/cvx 146}\">DTaP,IPV,Hib,HepB</span></p><p><b>patient</b>: <span></span></p><p><b>occurrence</b>: 2016-09-01</p><p><b>recorded</b>: 2016-09-01</p><p><b>manufacturer</b>: <a href=\"Organization-org-sanofi.html\">Generated Summary: id: 111111111122; active; name: Sanofi France</a></p><p><b>lotNumber</b>: L00168</p><p><b>doseQuantity</b>: 1</p><blockquote><p><b>performer</b></p><p><b>actor</b>: <span></span></p></blockquote><blockquote><p><b>performer</b></p><p><b>actor</b>: <span></span></p></blockquote><h3>ProtocolApplieds</h3><table class=\"grid\"><tr><td>-</td><td><b>DoseNumber[x]</b></td><td><b>SeriesDoses[x]</b></td></tr><tr><td>*</td><td>3</td><td>4</td></tr></table></div>"
  },
  "extension": [
    {
      "url": "https://www.hl7belgium.org/fhir/StructureDefinition/be-ext-vaccination-location",
      "valueReference": {
        "reference": "Organization/org-one-brussels"
      }
    },
    {
      "url": "https://www.hl7belgium.org/fhir/StructureDefinition/be-ext-vaccination-confirmationStatus",
      "valueCode": "confirmed"
    }
  ],
  "identifier": [
    {
      "system": "https://www.one.be/vaccination/immunisation-register",
      "value": "fb2e2bbb-6a25-4d02-b3d7-8ac0b3efb57b"
    }
  ],
  "status": "completed",
  "vaccineCode": {
    "coding": [
      {
        "system": "http://hl7.org/fhir/sid/cvx",
        "code": "146"
      },
      {
        "code": "3050176"
      }
    ]
  },
  "patient": {
    "identifier": {
      "system": "https://www.ehealth.fgov.be/standards/fhir/NamingSystem/ssin",
      "value": "16032376921"
    }
  },
  "occurrenceDateTime": "2016-09-01",
  "recorded": "2016-09-01",
  "manufacturer": {
    "reference": "Organization/org-sanofi"
  },
  "lotNumber": "L00168",
  "doseQuantity": {
    "value": 1
  },
  "performer": [
    {
      "actor": {
        "identifier": {
          "system": "https://www.ehealth.fgov.be/standards/fhir/NamingSystem/nihdi-organization",
          "value": "NIHDI_ONE"
        }
      }
    },
    {
      "actor": {
        "identifier": {
          "value": "ONE Dr 1"
        }
      }
    }
  ],
  "protocolApplied": [
    {
      "doseNumberPositiveInt": 3,
      "seriesDosesPositiveInt": 4
    }
  ]
}