{
  "resourceType": "Immunization",
  "id": "juan-hexa3-skipped",
  "meta": {
    "profile": [
      "https://www.hl7belgium.org/fhir/StructureDefinition/be-vaccination"
    ]
  },
  "text": {
    "status": "extensions",
    "div": "<div xmlns=\"http://www.w3.org/1999/xhtml\"><p><b>Generated Narrative</b></p><p><b>How certain is the vaccination information - confirmed, not confirmed</b>: confirmed</p><p><b>identifier</b>: id: 0210448b-078e-43b4-8676-c582935ff565</p><p><b>status</b>: not-done</p><p><b>vaccineCode</b>: <span title=\"Codes: {http://hl7.org/fhir/sid/cvx 146}\">DTaP,IPV,Hib,HepB</span></p><p><b>patient</b>: <span></span></p><p><b>occurrence</b>: 2017-03-22</p><p><b>recorded</b>: 2017-03-22</p><p><b>manufacturer</b>: <a href=\"Organization-org-sanofi.html\">Generated Summary: id: 111111111122; active; name: Sanofi France</a></p><p><b>lotNumber</b>: NA</p><p><b>doseQuantity</b>: 1</p><blockquote><p><b>performer</b></p><p><b>actor</b>: <span></span></p></blockquote><blockquote><p><b>performer</b></p><p><b>actor</b>: <span></span></p></blockquote><h3>ProtocolApplieds</h3><table class=\"grid\"><tr><td>-</td><td><b>DoseNumber[x]</b></td><td><b>SeriesDoses[x]</b></td></tr><tr><td>*</td><td>3</td><td>3</td></tr></table></div>"
  },
  "extension": [
    {
      "url": "https://www.hl7belgium.org/fhir/StructureDefinition/be-ext-vaccination-confirmationStatus",
      "valueCode": "confirmed"
    }
  ],
  "identifier": [
    {
      "system": "https://www.one.be/vaccination/immunisation-register",
      "value": "0210448b-078e-43b4-8676-c582935ff565"
    }
  ],
  "status": "not-done",
  "vaccineCode": {
    "coding": [
      {
        "system": "http://hl7.org/fhir/sid/cvx",
        "code": "146"
      },
      {
        "code": "3050176"
      }
    ]
  },
  "patient": {
    "identifier": {
      "system": "https://www.ehealth.fgov.be/standards/fhir/NamingSystem/one-patientid",
      "value": "3564564568"
    }
  },
  "occurrenceDateTime": "2017-03-22",
  "recorded": "2017-03-22",
  "manufacturer": {
    "reference": "Organization/org-sanofi"
  },
  "lotNumber": "NA",
  "doseQuantity": {
    "value": 1
  },
  "performer": [
    {
      "actor": {
        "identifier": {
          "system": "https://www.ehealth.fgov.be/standards/fhir/NamingSystem/nihdi-organization",
          "value": "NIHDI_ONE"
        }
      }
    },
    {
      "actor": {
        "identifier": {
          "value": "ONE Dr 2"
        }
      }
    }
  ],
  "protocolApplied": [
    {
      "doseNumberPositiveInt": 3,
      "seriesDosesPositiveInt": 3
    }
  ]
}