{
  "resourceType": "Questionnaire",
  "id": "mna-questionnaire",
  "language": "en",
  "text": {
    "status": "generated",
    "div": "<div xmlns=\"http://www.w3.org/1999/xhtml\" xml:lang=\"en\" lang=\"en\"><table border=\"1\" cellpadding=\"0\" cellspacing=\"0\" style=\"border: 1px #F0F0F0 solid; font-size: 11px; font-family: verdana; vertical-align: top;\"><tr style=\"border: 2px #F0F0F0 solid; font-size: 11px; font-family: verdana; vertical-align: top\"><th style=\"vertical-align: top; text-align : left; background-color: white; border: 1px #F0F0F0 solid; padding:0px 4px 0px 4px\" class=\"hierarchy\"><a href=\"http://hl7.org/fhir/R4/formats.html#table\" title=\"The linkId for the item\">LinkId</a></th><th style=\"vertical-align: top; text-align : left; background-color: white; border: 1px #F0F0F0 solid; padding:0px 4px 0px 4px\" class=\"hierarchy\"><a href=\"http://hl7.org/fhir/R4/formats.html#table\" title=\"Text for the item\">Text</a></th><th style=\"vertical-align: top; text-align : left; background-color: white; border: 1px #F0F0F0 solid; padding:0px 4px 0px 4px\" class=\"hierarchy\"><a href=\"http://hl7.org/fhir/R4/formats.html#table\" title=\"Minimum and Maximum # of times the the itemcan appear in the instance\">Cardinality</a></th><th style=\"vertical-align: top; text-align : left; background-color: white; border: 1px #F0F0F0 solid; padding:0px 4px 0px 4px\" class=\"hierarchy\"><a href=\"http://hl7.org/fhir/R4/formats.html#table\" title=\"The type of the item\">Type</a></th><th style=\"vertical-align: top; text-align : left; background-color: white; border: 1px #F0F0F0 solid; padding:0px 4px 0px 4px\" class=\"hierarchy\"><a href=\"http://hl7.org/fhir/R4/formats.html#table\" title=\"Additional information about the item\">Description &amp; Constraints</a><span style=\"float: right\"><a href=\"http://hl7.org/fhir/R4/formats.html#table\" title=\"Legend for this format\"><img src=\"http://hl7.org/fhir/R4/help16.png\" alt=\"doco\" style=\"background-color: inherit\"/></a></span></th></tr><tr style=\"border: 1px #F0F0F0 solid; padding:0px; vertical-align: top; background-color: white\"><td style=\"vertical-align: top; text-align : left; background-color: white; border: 1px #F0F0F0 solid; padding:0px 4px 0px 4px; white-space: nowrap; background-image: url(tbl_bck1.png)\" class=\"hierarchy\"><img src=\"tbl_spacer.png\" alt=\".\" style=\"background-color: inherit\" class=\"hierarchy\"/><img src=\"icon_q_root.gif\" alt=\".\" style=\"background-color: white; background-color: inherit\" title=\"QuestionnaireRoot\" class=\"hierarchy\"/> MNAQuestionnaire</td><td style=\"vertical-align: top; text-align : left; background-color: white; border: 1px #F0F0F0 solid; padding:0px 4px 0px 4px\" class=\"hierarchy\"></td><td style=\"vertical-align: top; text-align : left; background-color: white; border: 1px #F0F0F0 solid; padding:0px 4px 0px 4px\" class=\"hierarchy\"></td><td style=\"vertical-align: top; text-align : left; background-color: white; border: 1px #F0F0F0 solid; padding:0px 4px 0px 4px\" class=\"hierarchy\">Questionnaire</td><td style=\"vertical-align: top; text-align : left; background-color: white; border: 1px #F0F0F0 solid; padding:0px 4px 0px 4px\" class=\"hierarchy\"/></tr>\r\n<tr style=\"border: 1px #F0F0F0 solid; padding:0px; vertical-align: top; background-color: #F7F7F7\"><td style=\"vertical-align: top; text-align : left; background-color: #F7F7F7; border: 1px #F0F0F0 solid; padding:0px 4px 0px 4px; white-space: nowrap; background-image: url(tbl_bck10.png)\" class=\"hierarchy\"><img src=\"tbl_spacer.png\" alt=\".\" style=\"background-color: inherit\" class=\"hierarchy\"/><img src=\"tbl_vjoin.png\" alt=\".\" style=\"background-color: inherit\" class=\"hierarchy\"/><img src=\"icon-q-coding.png\" alt=\".\" style=\"background-color: #F7F7F7; background-color: inherit\" title=\"Coding\" class=\"hierarchy\"/> food-intake</td><td style=\"vertical-align: top; text-align : left; background-color: #F7F7F7; border: 1px #F0F0F0 solid; padding:0px 4px 0px 4px\" class=\"hierarchy\">Le patient a-t-il moins mangé ces trois derniers mois en raison d'un perte d'appétit, de problèmes digestifs ou de difficultés de mastication ou de déglutition?</td><td style=\"vertical-align: top; text-align : left; background-color: #F7F7F7; border: 1px #F0F0F0 solid; padding:0px 4px 0px 4px\" class=\"hierarchy\">0..1</td><td style=\"vertical-align: top; text-align : left; background-color: #F7F7F7; border: 1px #F0F0F0 solid; padding:0px 4px 0px 4px\" class=\"hierarchy\"><a href=\"http://hl7.org/fhir/R4/codesystem-item-type.html#item-type-choice\">choice</a></td><td style=\"vertical-align: top; text-align : left; background-color: #F7F7F7; border: 1px #F0F0F0 solid; padding:0px 4px 0px 4px\" class=\"hierarchy\">Value Set: <a href=\"ValueSet-mna-questionnaire_vs-mna-food-intake.html\">MiniNutritionalAssessmentFoodIntake</a></td></tr>\r\n<tr style=\"border: 1px #F0F0F0 solid; padding:0px; vertical-align: top; background-color: white\"><td style=\"vertical-align: top; text-align : left; background-color: white; border: 1px #F0F0F0 solid; padding:0px 4px 0px 4px; white-space: nowrap; background-image: url(tbl_bck10.png)\" class=\"hierarchy\"><img src=\"tbl_spacer.png\" alt=\".\" style=\"background-color: inherit\" class=\"hierarchy\"/><img src=\"tbl_vjoin.png\" alt=\".\" style=\"background-color: inherit\" class=\"hierarchy\"/><img src=\"icon-q-coding.png\" alt=\".\" style=\"background-color: white; background-color: inherit\" title=\"Coding\" class=\"hierarchy\"/> weight-loss</td><td style=\"vertical-align: top; text-align : left; background-color: white; border: 1px #F0F0F0 solid; padding:0px 4px 0px 4px\" class=\"hierarchy\">Le patient a-t-il perdu du poids involontairement au cours des trois derniers mois?</td><td style=\"vertical-align: top; text-align : left; background-color: white; border: 1px #F0F0F0 solid; padding:0px 4px 0px 4px\" class=\"hierarchy\">0..1</td><td style=\"vertical-align: top; text-align : left; background-color: white; border: 1px #F0F0F0 solid; padding:0px 4px 0px 4px\" class=\"hierarchy\"><a href=\"http://hl7.org/fhir/R4/codesystem-item-type.html#item-type-choice\">choice</a></td><td style=\"vertical-align: top; text-align : left; background-color: white; border: 1px #F0F0F0 solid; padding:0px 4px 0px 4px\" class=\"hierarchy\">Value Set: <a href=\"ValueSet-mna-questionnaire_vs-mna-weight-loss.html\">MiniNutritionalAssessmentWeightLoss</a></td></tr>\r\n<tr style=\"border: 1px #F0F0F0 solid; padding:0px; vertical-align: top; background-color: #F7F7F7\"><td style=\"vertical-align: top; text-align : left; background-color: #F7F7F7; border: 1px #F0F0F0 solid; padding:0px 4px 0px 4px; white-space: nowrap; background-image: url(tbl_bck10.png)\" class=\"hierarchy\"><img src=\"tbl_spacer.png\" alt=\".\" style=\"background-color: inherit\" class=\"hierarchy\"/><img src=\"tbl_vjoin.png\" alt=\".\" style=\"background-color: inherit\" class=\"hierarchy\"/><img src=\"icon-q-coding.png\" alt=\".\" style=\"background-color: #F7F7F7; background-color: inherit\" title=\"Coding\" class=\"hierarchy\"/> mobility</td><td style=\"vertical-align: top; text-align : left; background-color: #F7F7F7; border: 1px #F0F0F0 solid; padding:0px 4px 0px 4px\" class=\"hierarchy\">Qu'en est-il de la mobilité du patient?</td><td style=\"vertical-align: top; text-align : left; background-color: #F7F7F7; border: 1px #F0F0F0 solid; padding:0px 4px 0px 4px\" class=\"hierarchy\">0..1</td><td style=\"vertical-align: top; text-align : left; background-color: #F7F7F7; border: 1px #F0F0F0 solid; padding:0px 4px 0px 4px\" class=\"hierarchy\"><a href=\"http://hl7.org/fhir/R4/codesystem-item-type.html#item-type-choice\">choice</a></td><td style=\"vertical-align: top; text-align : left; background-color: #F7F7F7; border: 1px #F0F0F0 solid; padding:0px 4px 0px 4px\" class=\"hierarchy\">Value Set: <a href=\"ValueSet-mna-questionnaire_vs-mna-mobility.html\">MiniNutritionalAssessmentMobility</a></td></tr>\r\n<tr style=\"border: 1px #F0F0F0 solid; padding:0px; vertical-align: top; background-color: white\"><td style=\"vertical-align: top; text-align : left; background-color: white; border: 1px #F0F0F0 solid; padding:0px 4px 0px 4px; white-space: nowrap; background-image: url(tbl_bck10.png)\" class=\"hierarchy\"><img src=\"tbl_spacer.png\" alt=\".\" style=\"background-color: inherit\" class=\"hierarchy\"/><img src=\"tbl_vjoin.png\" alt=\".\" style=\"background-color: inherit\" class=\"hierarchy\"/><img src=\"icon-q-coding.png\" alt=\".\" style=\"background-color: white; background-color: inherit\" title=\"Coding\" class=\"hierarchy\"/> stress</td><td style=\"vertical-align: top; text-align : left; background-color: white; border: 1px #F0F0F0 solid; padding:0px 4px 0px 4px\" class=\"hierarchy\">Le patient a-t-il souffert de stress psychologique ou d'une maladie aigüe au cours des trois derniers mois?</td><td style=\"vertical-align: top; text-align : left; background-color: white; border: 1px #F0F0F0 solid; padding:0px 4px 0px 4px\" class=\"hierarchy\">0..1</td><td style=\"vertical-align: top; text-align : left; background-color: white; border: 1px #F0F0F0 solid; padding:0px 4px 0px 4px\" class=\"hierarchy\"><a href=\"http://hl7.org/fhir/R4/codesystem-item-type.html#item-type-choice\">choice</a></td><td style=\"vertical-align: top; text-align : left; background-color: white; border: 1px #F0F0F0 solid; padding:0px 4px 0px 4px\" class=\"hierarchy\">Value Set: <a href=\"ValueSet-mna-questionnaire_vs-mna-stress.html\">MiniNutritionalAssessmentStress</a></td></tr>\r\n<tr style=\"border: 1px #F0F0F0 solid; padding:0px; vertical-align: top; background-color: #F7F7F7\"><td style=\"vertical-align: top; text-align : left; background-color: #F7F7F7; border: 1px #F0F0F0 solid; padding:0px 4px 0px 4px; white-space: nowrap; background-image: url(tbl_bck10.png)\" class=\"hierarchy\"><img src=\"tbl_spacer.png\" alt=\".\" style=\"background-color: inherit\" class=\"hierarchy\"/><img src=\"tbl_vjoin.png\" alt=\".\" style=\"background-color: inherit\" class=\"hierarchy\"/><img src=\"icon-q-coding.png\" alt=\".\" style=\"background-color: #F7F7F7; background-color: inherit\" title=\"Coding\" class=\"hierarchy\"/> neuropsych</td><td style=\"vertical-align: top; text-align : left; background-color: #F7F7F7; border: 1px #F0F0F0 solid; padding:0px 4px 0px 4px\" class=\"hierarchy\">Le patient présente-t-il des problèmes neuropsychologiques ?</td><td style=\"vertical-align: top; text-align : left; background-color: #F7F7F7; border: 1px #F0F0F0 solid; padding:0px 4px 0px 4px\" class=\"hierarchy\">0..1</td><td style=\"vertical-align: top; text-align : left; background-color: #F7F7F7; border: 1px #F0F0F0 solid; padding:0px 4px 0px 4px\" class=\"hierarchy\"><a href=\"http://hl7.org/fhir/R4/codesystem-item-type.html#item-type-choice\">choice</a></td><td style=\"vertical-align: top; text-align : left; background-color: #F7F7F7; border: 1px #F0F0F0 solid; padding:0px 4px 0px 4px\" class=\"hierarchy\">Value Set: <a href=\"ValueSet-mna-questionnaire_vs-mna-neuropsychological.html\">MiniNutritionalAssessmentNeuropsychological</a></td></tr>\r\n<tr style=\"border: 1px #F0F0F0 solid; padding:0px; vertical-align: top; background-color: white\"><td style=\"vertical-align: top; text-align : left; background-color: white; border: 1px #F0F0F0 solid; padding:0px 4px 0px 4px; white-space: nowrap; background-image: url(tbl_bck00.png)\" class=\"hierarchy\"><img src=\"tbl_spacer.png\" alt=\".\" style=\"background-color: inherit\" class=\"hierarchy\"/><img src=\"tbl_vjoin_end.png\" alt=\".\" style=\"background-color: inherit\" class=\"hierarchy\"/><img src=\"icon-q-coding.png\" alt=\".\" style=\"background-color: white; background-color: inherit\" title=\"Coding\" class=\"hierarchy\"/> imc</td><td style=\"vertical-align: top; text-align : left; background-color: white; border: 1px #F0F0F0 solid; padding:0px 4px 0px 4px\" class=\"hierarchy\">Quel est l'indice de masse corporelle (IMC) du patient?</td><td style=\"vertical-align: top; text-align : left; background-color: white; border: 1px #F0F0F0 solid; padding:0px 4px 0px 4px\" class=\"hierarchy\">0..1</td><td style=\"vertical-align: top; text-align : left; background-color: white; border: 1px #F0F0F0 solid; padding:0px 4px 0px 4px\" class=\"hierarchy\"><a href=\"http://hl7.org/fhir/R4/codesystem-item-type.html#item-type-choice\">choice</a></td><td style=\"vertical-align: top; text-align : left; background-color: white; border: 1px #F0F0F0 solid; padding:0px 4px 0px 4px\" class=\"hierarchy\">Value Set: <a href=\"ValueSet-mna-questionnaire_vs-mna-bmi.html\">MiniNutritionalAssessmentBMI</a></td></tr>\r\n<tr><td colspan=\"5\" class=\"hierarchy\"><br/><a href=\"http://hl7.org/fhir/R4/formats.html#table\" title=\"Legend for this format\"><img src=\"http://hl7.org/fhir/R4/help16.png\" alt=\"doco\" style=\"background-color: inherit\"/> Documentation for this format</a></td></tr></table></div>"
  },
  "contained": [
    {
      "resourceType": "ValueSet",
      "id": "vs-mna-food-intake",
      "name": "MiniNutritionalAssessmentFoodIntake",
      "status": "draft",
      "compose": {
        "include": [
          {
            "system": "http://example.org/cs-mna",
            "concept": [
              {
                "code": "food-intake-0",
                "display": "Baisse sévère des prises alimentaires"
              },
              {
                "code": "food-intake-1",
                "display": "Légère baisse des prises alimentaires"
              },
              {
                "code": "food-intake-2",
                "display": "Pas de baisse des prises alimentaires"
              }
            ]
          }
        ]
      }
    },
    {
      "resourceType": "ValueSet",
      "id": "vs-mna-weight-loss",
      "name": "MiniNutritionalAssessmentWeightLoss",
      "status": "draft",
      "compose": {
        "include": [
          {
            "system": "http://example.org/cs-mna",
            "concept": [
              {
                "code": "weight-loss-0",
                "display": "Perte de poids supérieure à 3 kg"
              },
              {
                "code": "weight-loss-1",
                "display": "Ne sait pas"
              },
              {
                "code": "weight-loss-2",
                "display": "Perte de poids entre 1 et 3 kg"
              },
              {
                "code": "weight-loss-3",
                "display": "Pas de perte de poids"
              }
            ]
          }
        ]
      }
    },
    {
      "resourceType": "ValueSet",
      "id": "vs-mna-mobility",
      "name": "MiniNutritionalAssessmentMobility",
      "status": "draft",
      "compose": {
        "include": [
          {
            "system": "http://example.org/cs-mna",
            "concept": [
              {
                "code": "mobility-0",
                "display": "Alité ou au fauteuil"
              },
              {
                "code": "mobility-1",
                "display": "Autonome à l'intérieur (peut sortir du lit ou de son fauteuil, mais ne sort pas de son domicile)"
              },
              {
                "code": "mobility-2",
                "display": "Sort du domicile"
              }
            ]
          }
        ]
      }
    },
    {
      "resourceType": "ValueSet",
      "id": "vs-mna-stress",
      "name": "MiniNutritionalAssessmentStress",
      "status": "draft",
      "compose": {
        "include": [
          {
            "system": "http://example.org/cs-mna",
            "concept": [
              {
                "code": "stress-no",
                "display": "Oui"
              },
              {
                "code": "stress-yes",
                "display": "Non"
              }
            ]
          }
        ]
      }
    },
    {
      "resourceType": "ValueSet",
      "id": "vs-mna-neuropsychological",
      "name": "MiniNutritionalAssessmentNeuropsychological",
      "status": "draft",
      "compose": {
        "include": [
          {
            "system": "http://example.org/cs-mna",
            "concept": [
              {
                "code": "neuropsych-0",
                "display": "Démence ou dépression sévère"
              },
              {
                "code": "neuropsych-1",
                "display": "Démence légère"
              },
              {
                "code": "neuropsych-2",
                "display": "Pas de problème psychologique"
              }
            ]
          }
        ]
      }
    },
    {
      "resourceType": "ValueSet",
      "id": "vs-mna-bmi",
      "name": "MiniNutritionalAssessmentBMI",
      "status": "draft",
      "compose": {
        "include": [
          {
            "system": "http://example.org/cs-mna",
            "concept": [
              {
                "code": "bmi-0",
                "display": "IMC < 19 = Score 0"
              },
              {
                "code": "bmi-1",
                "display": "19 <= IMC < 21 = Score 1"
              },
              {
                "code": "bmi-2",
                "display": "21 <= IMC < 23 = Score 2"
              },
              {
                "code": "bmi-3",
                "display": "IMC >= 23 = Score 3"
              }
            ]
          }
        ]
      }
    }
  ],
  "url": "https://www.hl7belgium.org/fhir/Questionnaire/mna-questionnaire",
  "version": "0.1.0",
  "name": "MNAQuestionnaire",
  "title": "Mini Nutritional Assessment Questionnaire",
  "status": "draft",
  "subjectType": [
    "Patient"
  ],
  "date": "2021-07-13T23:17:19+00:00",
  "publisher": "RIZIV-INAMI",
  "contact": [
    {
      "telecom": [
        {
          "system": "url",
          "value": "http://somewhere.org"
        }
      ]
    }
  ],
  "jurisdiction": [
    {
      "coding": [
        {
          "system": "http://unstats.un.org/unsd/methods/m49/m49.htm",
          "code": "056"
        },
        {
          "system": "urn:iso:std:iso:3166",
          "code": "BE"
        }
      ]
    }
  ],
  "item": [
    {
      "extension": [
        {
          "url": "http://hl7.org/fhir/StructureDefinition/questionnaire-itemControl",
          "valueCodeableConcept": {
            "coding": [
              {
                "system": "http://hl7.org/fhir/questionnaire-item-control",
                "code": "radio-button"
              }
            ]
          }
        }
      ],
      "linkId": "food-intake",
      "text": "Le patient a-t-il moins mangé ces trois derniers mois en raison d'un perte d'appétit, de problèmes digestifs ou de difficultés de mastication ou de déglutition?",
      "type": "choice",
      "repeats": false,
      "answerValueSet": "#vs-mna-food-intake"
    },
    {
      "extension": [
        {
          "url": "http://hl7.org/fhir/StructureDefinition/questionnaire-itemControl",
          "valueCodeableConcept": {
            "coding": [
              {
                "system": "http://hl7.org/fhir/questionnaire-item-control",
                "code": "radio-button"
              }
            ]
          }
        }
      ],
      "linkId": "weight-loss",
      "text": "Le patient a-t-il perdu du poids involontairement au cours des trois derniers mois?",
      "type": "choice",
      "repeats": false,
      "answerValueSet": "#vs-mna-weight-loss"
    },
    {
      "extension": [
        {
          "url": "http://hl7.org/fhir/StructureDefinition/questionnaire-itemControl",
          "valueCodeableConcept": {
            "coding": [
              {
                "system": "http://hl7.org/fhir/questionnaire-item-control",
                "code": "radio-button"
              }
            ]
          }
        }
      ],
      "linkId": "mobility",
      "text": "Qu'en est-il de la mobilité du patient?",
      "type": "choice",
      "repeats": false,
      "answerValueSet": "#vs-mna-mobility"
    },
    {
      "extension": [
        {
          "url": "http://hl7.org/fhir/StructureDefinition/questionnaire-itemControl",
          "valueCodeableConcept": {
            "coding": [
              {
                "system": "http://hl7.org/fhir/questionnaire-item-control",
                "code": "radio-button"
              }
            ]
          }
        }
      ],
      "linkId": "stress",
      "text": "Le patient a-t-il souffert de stress psychologique ou d'une maladie aigüe au cours des trois derniers mois?",
      "type": "choice",
      "repeats": false,
      "answerValueSet": "#vs-mna-stress"
    },
    {
      "extension": [
        {
          "url": "http://hl7.org/fhir/StructureDefinition/questionnaire-itemControl",
          "valueCodeableConcept": {
            "coding": [
              {
                "system": "http://hl7.org/fhir/questionnaire-item-control",
                "code": "radio-button"
              }
            ]
          }
        }
      ],
      "linkId": "neuropsych",
      "text": "Le patient présente-t-il des problèmes neuropsychologiques ?",
      "type": "choice",
      "repeats": false,
      "answerValueSet": "#vs-mna-neuropsychological"
    },
    {
      "extension": [
        {
          "url": "http://hl7.org/fhir/StructureDefinition/questionnaire-itemControl",
          "valueCodeableConcept": {
            "coding": [
              {
                "system": "http://hl7.org/fhir/questionnaire-item-control",
                "code": "radio-button"
              }
            ]
          }
        }
      ],
      "linkId": "imc",
      "text": "Quel est l'indice de masse corporelle (IMC) du patient?",
      "type": "choice",
      "repeats": false,
      "answerValueSet": "#vs-mna-bmi"
    }
  ]
}