{
  "resourceType": "StructureDefinition",
  "id": "be-model-scoreresult",
  "text": {
    "status": "extensions",
    "div": "<div xmlns=\"http://www.w3.org/1999/xhtml\"><table border=\"0\" cellpadding=\"0\" cellspacing=\"0\" style=\"border: 0px #F0F0F0 solid; font-size: 11px; font-family: verdana; vertical-align: top;\"><tr style=\"border: 1px #F0F0F0 solid; font-size: 11px; font-family: verdana; vertical-align: top\"><th style=\"vertical-align: top; text-align : left; background-color: white; border: 0px #F0F0F0 solid; padding:0px 4px 0px 4px\" class=\"hierarchy\"><a href=\"http://hl7.org/fhir/R4/formats.html#table\" title=\"The logical name of the element\">Name</a></th><th style=\"vertical-align: top; text-align : left; background-color: white; border: 0px #F0F0F0 solid; padding:0px 4px 0px 4px\" class=\"hierarchy\"><a href=\"http://hl7.org/fhir/R4/formats.html#table\" title=\"Information about the use of the element\">Flags</a></th><th style=\"vertical-align: top; text-align : left; background-color: white; border: 0px #F0F0F0 solid; padding:0px 4px 0px 4px\" class=\"hierarchy\"><a href=\"http://hl7.org/fhir/R4/formats.html#table\" title=\"Minimum and Maximum # of times the the element can appear in the instance\">Card.</a></th><th style=\"width: 100px\" class=\"hierarchy\"><a href=\"http://hl7.org/fhir/R4/formats.html#table\" title=\"Reference to the type of the element\">Type</a></th><th style=\"vertical-align: top; text-align : left; background-color: white; border: 0px #F0F0F0 solid; padding:0px 4px 0px 4px\" class=\"hierarchy\"><a href=\"http://hl7.org/fhir/R4/formats.html#table\" title=\"Additional information about the element\">Description &amp; Constraints</a><span style=\"float: right\"><a href=\"http://hl7.org/fhir/R4/formats.html#table\" title=\"Legend for this format\"><img src=\"http://hl7.org/fhir/R4/help16.png\" alt=\"doco\" style=\"background-color: inherit\"/></a></span></th></tr><tr style=\"border: 0px #F0F0F0 solid; padding:0px; vertical-align: top; background-color: white\"><td style=\"vertical-align: top; text-align : left; background-color: white; border: 0px #F0F0F0 solid; padding:0px 4px 0px 4px; white-space: nowrap; background-image: url(tbl_bck1.png)\" class=\"hierarchy\"><img src=\"tbl_spacer.png\" alt=\".\" style=\"background-color: inherit\" class=\"hierarchy\"/><img src=\"icon_element.gif\" alt=\".\" style=\"background-color: white; background-color: inherit\" title=\"Element\" class=\"hierarchy\"/> <a href=\"StructureDefinition-be-model-scoreresult-definitions.html#BeScoreResult\" title=\"A record of a calculated or determined score.\">BeScoreResult</a><a name=\"BeScoreResult\"> </a></td><td style=\"vertical-align: top; text-align : left; background-color: white; border: 0px #F0F0F0 solid; padding:0px 4px 0px 4px\" class=\"hierarchy\"/><td style=\"vertical-align: top; text-align : left; background-color: white; border: 0px #F0F0F0 solid; padding:0px 4px 0px 4px\" class=\"hierarchy\">0..*</td><td style=\"vertical-align: top; text-align : left; background-color: white; border: 0px #F0F0F0 solid; padding:0px 4px 0px 4px\" class=\"hierarchy\"><a href=\"http://hl7.org/fhir/R4/resource.html\">Resource</a></td><td style=\"vertical-align: top; text-align : left; background-color: white; border: 0px #F0F0F0 solid; padding:0px 4px 0px 4px\" class=\"hierarchy\">The score result<br/></td></tr>\r\n<tr style=\"border: 0px #F0F0F0 solid; padding:0px; vertical-align: top; background-color: #F7F7F7\"><td style=\"vertical-align: top; text-align : left; background-color: #F7F7F7; border: 0px #F0F0F0 solid; padding:0px 4px 0px 4px; white-space: nowrap; background-image: url(tbl_bck10.png)\" class=\"hierarchy\"><img src=\"tbl_spacer.png\" alt=\".\" style=\"background-color: inherit\" class=\"hierarchy\"/><img src=\"tbl_vjoin.png\" alt=\".\" style=\"background-color: inherit\" class=\"hierarchy\"/><img src=\"icon_datatype.gif\" alt=\".\" style=\"background-color: #F7F7F7; background-color: inherit\" title=\"Data Type\" class=\"hierarchy\"/> <a href=\"StructureDefinition-be-model-scoreresult-definitions.html#BeScoreResult.identifier\" title=\"The business identifier(s) for this score result - This is an optional attribute, used for example to track a score result throughout its lifecycle, or across vaults.\">identifier</a><a name=\"BeScoreResult.identifier\"> </a></td><td style=\"vertical-align: top; text-align : left; background-color: #F7F7F7; border: 0px #F0F0F0 solid; padding:0px 4px 0px 4px\" class=\"hierarchy\"/><td style=\"vertical-align: top; text-align : left; background-color: #F7F7F7; border: 0px #F0F0F0 solid; padding:0px 4px 0px 4px\" class=\"hierarchy\">0..*</td><td style=\"vertical-align: top; text-align : left; background-color: #F7F7F7; border: 0px #F0F0F0 solid; padding:0px 4px 0px 4px\" class=\"hierarchy\"><a href=\"http://hl7.org/fhir/R4/datatypes.html#Identifier\">Identifier</a></td><td style=\"vertical-align: top; text-align : left; background-color: #F7F7F7; border: 0px #F0F0F0 solid; padding:0px 4px 0px 4px\" class=\"hierarchy\">The business identifier(s) for this score result<br/></td></tr>\r\n<tr style=\"border: 0px #F0F0F0 solid; padding:0px; vertical-align: top; background-color: white\"><td style=\"vertical-align: top; text-align : left; background-color: white; border: 0px #F0F0F0 solid; padding:0px 4px 0px 4px; white-space: nowrap; background-image: url(tbl_bck10.png)\" class=\"hierarchy\"><img src=\"tbl_spacer.png\" alt=\".\" style=\"background-color: inherit\" class=\"hierarchy\"/><img src=\"tbl_vjoin.png\" alt=\".\" style=\"background-color: inherit\" class=\"hierarchy\"/><img src=\"icon_reference.png\" alt=\".\" style=\"background-color: white; background-color: inherit\" title=\"Reference to another Resource\" class=\"hierarchy\"/> <a href=\"StructureDefinition-be-model-scoreresult-definitions.html#BeScoreResult.subject\" title=\"The patient\">subject</a><a name=\"BeScoreResult.subject\"> </a></td><td style=\"vertical-align: top; text-align : left; background-color: white; border: 0px #F0F0F0 solid; padding:0px 4px 0px 4px\" class=\"hierarchy\"/><td style=\"vertical-align: top; text-align : left; background-color: white; border: 0px #F0F0F0 solid; padding:0px 4px 0px 4px\" class=\"hierarchy\">1..1</td><td style=\"vertical-align: top; text-align : left; background-color: white; border: 0px #F0F0F0 solid; padding:0px 4px 0px 4px\" class=\"hierarchy\"><a href=\"http://hl7.org/fhir/R4/references.html\">Reference</a>(<a href=\"StructureDefinition-be-patient.html\">BePatient</a>)</td><td style=\"vertical-align: top; text-align : left; background-color: white; border: 0px #F0F0F0 solid; padding:0px 4px 0px 4px\" class=\"hierarchy\">The person for which the score has been assessed</td></tr>\r\n<tr style=\"border: 0px #F0F0F0 solid; padding:0px; vertical-align: top; background-color: #F7F7F7\"><td style=\"vertical-align: top; text-align : left; background-color: #F7F7F7; border: 0px #F0F0F0 solid; padding:0px 4px 0px 4px; white-space: nowrap; background-image: url(tbl_bck10.png)\" class=\"hierarchy\"><img src=\"tbl_spacer.png\" alt=\".\" style=\"background-color: inherit\" class=\"hierarchy\"/><img src=\"tbl_vjoin.png\" alt=\".\" style=\"background-color: inherit\" class=\"hierarchy\"/><img src=\"icon_datatype.gif\" alt=\".\" style=\"background-color: #F7F7F7; background-color: inherit\" title=\"Data Type\" class=\"hierarchy\"/> <a href=\"StructureDefinition-be-model-scoreresult-definitions.html#BeScoreResult.category\" title=\"Here the grouping of score categories - for example 'Pain' or 'Risk'. The actual score code is in the attribute 'code'. This is a grouping or categorization.\">category</a><a name=\"BeScoreResult.category\"> </a></td><td style=\"vertical-align: top; text-align : left; background-color: #F7F7F7; border: 0px #F0F0F0 solid; padding:0px 4px 0px 4px\" class=\"hierarchy\"/><td style=\"vertical-align: top; text-align : left; background-color: #F7F7F7; border: 0px #F0F0F0 solid; padding:0px 4px 0px 4px\" class=\"hierarchy\">0..1</td><td style=\"vertical-align: top; text-align : left; background-color: #F7F7F7; border: 0px #F0F0F0 solid; padding:0px 4px 0px 4px\" class=\"hierarchy\"><a href=\"http://hl7.org/fhir/R4/datatypes.html#CodeableConcept\" title=\"CodeableConcept\">CodeableConcept</a></td><td style=\"vertical-align: top; text-align : left; background-color: #F7F7F7; border: 0px #F0F0F0 solid; padding:0px 4px 0px 4px\" class=\"hierarchy\">The score category</td></tr>\r\n<tr style=\"border: 0px #F0F0F0 solid; padding:0px; vertical-align: top; background-color: white\"><td style=\"vertical-align: top; text-align : left; background-color: white; border: 0px #F0F0F0 solid; padding:0px 4px 0px 4px; white-space: nowrap; background-image: url(tbl_bck10.png)\" class=\"hierarchy\"><img src=\"tbl_spacer.png\" alt=\".\" style=\"background-color: inherit\" class=\"hierarchy\"/><img src=\"tbl_vjoin.png\" alt=\".\" style=\"background-color: inherit\" class=\"hierarchy\"/><img src=\"icon_datatype.gif\" alt=\".\" style=\"background-color: white; background-color: inherit\" title=\"Data Type\" class=\"hierarchy\"/> <a href=\"StructureDefinition-be-model-scoreresult-definitions.html#BeScoreResult.bodySite\" title=\"The body site that the score refers to. Includes laterality.\">bodySite</a><a name=\"BeScoreResult.bodySite\"> </a></td><td style=\"vertical-align: top; text-align : left; background-color: white; border: 0px #F0F0F0 solid; padding:0px 4px 0px 4px\" class=\"hierarchy\"/><td style=\"vertical-align: top; text-align : left; background-color: white; border: 0px #F0F0F0 solid; padding:0px 4px 0px 4px\" class=\"hierarchy\">0..1</td><td style=\"vertical-align: top; text-align : left; background-color: white; border: 0px #F0F0F0 solid; padding:0px 4px 0px 4px\" class=\"hierarchy\"><a href=\"http://hl7.org/fhir/R4/datatypes.html#CodeableConcept\" title=\"CodeableConcept\">CodeableConcept</a></td><td style=\"vertical-align: top; text-align : left; background-color: white; border: 0px #F0F0F0 solid; padding:0px 4px 0px 4px\" class=\"hierarchy\">The body site that the score refers to. Includes laterality</td></tr>\r\n<tr style=\"border: 0px #F0F0F0 solid; padding:0px; vertical-align: top; background-color: #F7F7F7\"><td style=\"vertical-align: top; text-align : left; background-color: #F7F7F7; border: 0px #F0F0F0 solid; padding:0px 4px 0px 4px; white-space: nowrap; background-image: url(tbl_bck10.png)\" class=\"hierarchy\"><img src=\"tbl_spacer.png\" alt=\".\" style=\"background-color: inherit\" class=\"hierarchy\"/><img src=\"tbl_vjoin.png\" alt=\".\" style=\"background-color: inherit\" class=\"hierarchy\"/><img src=\"icon_datatype.gif\" alt=\".\" style=\"background-color: #F7F7F7; background-color: inherit\" title=\"Data Type\" class=\"hierarchy\"/> <a href=\"StructureDefinition-be-model-scoreresult-definitions.html#BeScoreResult.code\" title=\"This is code for the score (e.g. DOLOPLUS, FINDRISC, APGAR)\">code</a><a name=\"BeScoreResult.code\"> </a></td><td style=\"vertical-align: top; text-align : left; background-color: #F7F7F7; border: 0px #F0F0F0 solid; padding:0px 4px 0px 4px\" class=\"hierarchy\"/><td style=\"vertical-align: top; text-align : left; background-color: #F7F7F7; border: 0px #F0F0F0 solid; padding:0px 4px 0px 4px\" class=\"hierarchy\">1..1</td><td style=\"vertical-align: top; text-align : left; background-color: #F7F7F7; border: 0px #F0F0F0 solid; padding:0px 4px 0px 4px\" class=\"hierarchy\"><a href=\"http://hl7.org/fhir/R4/datatypes.html#CodeableConcept\" title=\"CodeableConcept\">CodeableConcept</a></td><td style=\"vertical-align: top; text-align : left; background-color: #F7F7F7; border: 0px #F0F0F0 solid; padding:0px 4px 0px 4px\" class=\"hierarchy\">The score that has been calculated<br/><span style=\"font-weight:bold\">Binding: </span><a href=\"ValueSet-be-vs-score.html\">Score Value Set</a> (<a href=\"http://hl7.org/fhir/R4/terminologies.html#required\" title=\"To be conformant, the concept in this element SHALL be from the specified value set.\">required</a>)</td></tr>\r\n<tr style=\"border: 0px #F0F0F0 solid; padding:0px; vertical-align: top; background-color: white\"><td style=\"vertical-align: top; text-align : left; background-color: white; border: 0px #F0F0F0 solid; padding:0px 4px 0px 4px; white-space: nowrap; background-image: url(tbl_bck10.png)\" class=\"hierarchy\"><img src=\"tbl_spacer.png\" alt=\".\" style=\"background-color: inherit\" class=\"hierarchy\"/><img src=\"tbl_vjoin.png\" alt=\".\" style=\"background-color: inherit\" class=\"hierarchy\"/><img src=\"icon_datatype.gif\" alt=\".\" style=\"background-color: white; background-color: inherit\" title=\"Data Type\" class=\"hierarchy\"/> <a href=\"StructureDefinition-be-model-scoreresult-definitions.html#BeScoreResult.period\" title=\"The date or time interval that the score refers to.\">period</a><a name=\"BeScoreResult.period\"> </a></td><td style=\"vertical-align: top; text-align : left; background-color: white; border: 0px #F0F0F0 solid; padding:0px 4px 0px 4px\" class=\"hierarchy\"/><td style=\"vertical-align: top; text-align : left; background-color: white; border: 0px #F0F0F0 solid; padding:0px 4px 0px 4px\" class=\"hierarchy\">1..1</td><td style=\"vertical-align: top; text-align : left; background-color: white; border: 0px #F0F0F0 solid; padding:0px 4px 0px 4px\" class=\"hierarchy\"><a href=\"http://hl7.org/fhir/R4/datatypes.html#Period\">Period</a></td><td style=\"vertical-align: top; text-align : left; background-color: white; border: 0px #F0F0F0 solid; padding:0px 4px 0px 4px\" class=\"hierarchy\">The date or time interval that the score refers to.</td></tr>\r\n<tr style=\"border: 0px #F0F0F0 solid; padding:0px; vertical-align: top; background-color: #F7F7F7\"><td style=\"vertical-align: top; text-align : left; background-color: #F7F7F7; border: 0px #F0F0F0 solid; padding:0px 4px 0px 4px; white-space: nowrap; background-image: url(tbl_bck10.png)\" class=\"hierarchy\"><img src=\"tbl_spacer.png\" alt=\".\" style=\"background-color: inherit\" class=\"hierarchy\"/><img src=\"tbl_vjoin.png\" alt=\".\" style=\"background-color: inherit\" class=\"hierarchy\"/><img src=\"icon_primitive.png\" alt=\".\" style=\"background-color: #F7F7F7; background-color: inherit\" title=\"Primitive Data Type\" class=\"hierarchy\"/> <a href=\"StructureDefinition-be-model-scoreresult-definitions.html#BeScoreResult.recordedDate\" title=\"The date when the score is being recorded or updated\">recordedDate</a><a name=\"BeScoreResult.recordedDate\"> </a></td><td style=\"vertical-align: top; text-align : left; background-color: #F7F7F7; border: 0px #F0F0F0 solid; padding:0px 4px 0px 4px\" class=\"hierarchy\"/><td style=\"vertical-align: top; text-align : left; background-color: #F7F7F7; border: 0px #F0F0F0 solid; padding:0px 4px 0px 4px\" class=\"hierarchy\">1..1</td><td style=\"vertical-align: top; text-align : left; background-color: #F7F7F7; border: 0px #F0F0F0 solid; padding:0px 4px 0px 4px\" class=\"hierarchy\"><a href=\"http://hl7.org/fhir/R4/datatypes.html#dateTime\">dateTime</a></td><td style=\"vertical-align: top; text-align : left; background-color: #F7F7F7; border: 0px #F0F0F0 solid; padding:0px 4px 0px 4px\" class=\"hierarchy\">The date when the score is being recorded or updated</td></tr>\r\n<tr style=\"border: 0px #F0F0F0 solid; padding:0px; vertical-align: top; background-color: white\"><td style=\"vertical-align: top; text-align : left; background-color: white; border: 0px #F0F0F0 solid; padding:0px 4px 0px 4px; white-space: nowrap; background-image: url(tbl_bck11.png)\" class=\"hierarchy\"><img src=\"tbl_spacer.png\" alt=\".\" style=\"background-color: inherit\" class=\"hierarchy\"/><img src=\"tbl_vjoin.png\" alt=\".\" style=\"background-color: inherit\" class=\"hierarchy\"/><img src=\"icon_choice.gif\" alt=\".\" style=\"background-color: white; background-color: inherit\" title=\"Choice of Types\" class=\"hierarchy\"/> <a href=\"StructureDefinition-be-model-scoreresult-definitions.html#BeScoreResult.value[x]\" title=\"The result of the score - the actual score of the patient , e.g. '10' or 'high risk'\">value[x]</a><a name=\"BeScoreResult.value_x_\"> </a></td><td style=\"vertical-align: top; text-align : left; background-color: white; border: 0px #F0F0F0 solid; padding:0px 4px 0px 4px\" class=\"hierarchy\"/><td style=\"vertical-align: top; text-align : left; background-color: white; border: 0px #F0F0F0 solid; padding:0px 4px 0px 4px\" class=\"hierarchy\">1..1</td><td style=\"vertical-align: top; text-align : left; background-color: white; border: 0px #F0F0F0 solid; padding:0px 4px 0px 4px\" class=\"hierarchy\"/><td style=\"vertical-align: top; text-align : left; background-color: white; border: 0px #F0F0F0 solid; padding:0px 4px 0px 4px\" class=\"hierarchy\">The result of the score - the actual score of the patient</td></tr>\r\n<tr style=\"border: 0px #F0F0F0 solid; padding:0px; vertical-align: top; background-color: #F7F7F7\"><td style=\"vertical-align: top; text-align : left; background-color: #F7F7F7; border: 0px #F0F0F0 solid; padding:0px 4px 0px 4px; white-space: nowrap; background-image: url(tbl_bck110.png)\" class=\"hierarchy\"><img src=\"tbl_spacer.png\" alt=\".\" style=\"background-color: inherit\" class=\"hierarchy\"/><img src=\"tbl_vline.png\" alt=\".\" style=\"background-color: inherit\" class=\"hierarchy\"/><img src=\"tbl_vjoin.png\" alt=\".\" style=\"background-color: inherit\" class=\"hierarchy\"/><img src=\"icon_datatype.gif\" alt=\".\" style=\"background-color: #F7F7F7; background-color: inherit\" title=\"Data Type\" class=\"hierarchy\"/> <span title=\"Base StructureDefinition for CodeableConcept Type: A concept that may be defined by a formal reference to a terminology or ontology or may be provided by text.\">valueCodeableConcept</span></td><td style=\"vertical-align: top; text-align : left; background-color: #F7F7F7; border: 0px #F0F0F0 solid; padding:0px 4px 0px 4px\" class=\"hierarchy\"/><td style=\"vertical-align: top; text-align : left; background-color: #F7F7F7; border: 0px #F0F0F0 solid; padding:0px 4px 0px 4px\" class=\"hierarchy\"></td><td style=\"vertical-align: top; text-align : left; background-color: #F7F7F7; border: 0px #F0F0F0 solid; padding:0px 4px 0px 4px\" class=\"hierarchy\"><a href=\"http://hl7.org/fhir/R4/datatypes.html#CodeableConcept\">CodeableConcept</a></td><td style=\"vertical-align: top; text-align : left; background-color: #F7F7F7; border: 0px #F0F0F0 solid; padding:0px 4px 0px 4px\" class=\"hierarchy\"/></tr>\r\n<tr style=\"border: 0px #F0F0F0 solid; padding:0px; vertical-align: top; background-color: white\"><td style=\"vertical-align: top; text-align : left; background-color: white; border: 0px #F0F0F0 solid; padding:0px 4px 0px 4px; white-space: nowrap; background-image: url(tbl_bck110.png)\" class=\"hierarchy\"><img src=\"tbl_spacer.png\" alt=\".\" style=\"background-color: inherit\" class=\"hierarchy\"/><img src=\"tbl_vline.png\" alt=\".\" style=\"background-color: inherit\" class=\"hierarchy\"/><img src=\"tbl_vjoin.png\" alt=\".\" style=\"background-color: inherit\" class=\"hierarchy\"/><img src=\"icon_datatype.gif\" alt=\".\" style=\"background-color: white; background-color: inherit\" title=\"Data Type\" class=\"hierarchy\"/> <span title=\"Base StructureDefinition for Quantity Type: A measured amount (or an amount that can potentially be measured). Note that measured amounts include amounts that are not precisely quantified, including amounts involving arbitrary units and floating currencies.\">valueQuantity</span></td><td style=\"vertical-align: top; text-align : left; background-color: white; border: 0px #F0F0F0 solid; padding:0px 4px 0px 4px\" class=\"hierarchy\"/><td style=\"vertical-align: top; text-align : left; background-color: white; border: 0px #F0F0F0 solid; padding:0px 4px 0px 4px\" class=\"hierarchy\"></td><td style=\"vertical-align: top; text-align : left; background-color: white; border: 0px #F0F0F0 solid; padding:0px 4px 0px 4px\" class=\"hierarchy\"><a href=\"http://hl7.org/fhir/R4/datatypes.html#Quantity\">Quantity</a></td><td style=\"vertical-align: top; text-align : left; background-color: white; border: 0px #F0F0F0 solid; padding:0px 4px 0px 4px\" class=\"hierarchy\"/></tr>\r\n<tr style=\"border: 0px #F0F0F0 solid; padding:0px; vertical-align: top; background-color: #F7F7F7\"><td style=\"vertical-align: top; text-align : left; background-color: #F7F7F7; border: 0px #F0F0F0 solid; padding:0px 4px 0px 4px; white-space: nowrap; background-image: url(tbl_bck110.png)\" class=\"hierarchy\"><img src=\"tbl_spacer.png\" alt=\".\" style=\"background-color: inherit\" class=\"hierarchy\"/><img src=\"tbl_vline.png\" alt=\".\" style=\"background-color: inherit\" class=\"hierarchy\"/><img src=\"tbl_vjoin.png\" alt=\".\" style=\"background-color: inherit\" class=\"hierarchy\"/><img src=\"icon_datatype.gif\" alt=\".\" style=\"background-color: #F7F7F7; background-color: inherit\" title=\"Data Type\" class=\"hierarchy\"/> <span title=\"Base StructureDefinition for Ratio Type: A relationship of two Quantity values - expressed as a numerator and a denominator.\">valueRatio</span></td><td style=\"vertical-align: top; text-align : left; background-color: #F7F7F7; border: 0px #F0F0F0 solid; padding:0px 4px 0px 4px\" class=\"hierarchy\"/><td style=\"vertical-align: top; text-align : left; background-color: #F7F7F7; border: 0px #F0F0F0 solid; padding:0px 4px 0px 4px\" class=\"hierarchy\"></td><td style=\"vertical-align: top; text-align : left; background-color: #F7F7F7; border: 0px #F0F0F0 solid; padding:0px 4px 0px 4px\" class=\"hierarchy\"><a href=\"http://hl7.org/fhir/R4/datatypes.html#Ratio\">Ratio</a></td><td style=\"vertical-align: top; text-align : left; background-color: #F7F7F7; border: 0px #F0F0F0 solid; padding:0px 4px 0px 4px\" class=\"hierarchy\"/></tr>\r\n<tr style=\"border: 0px #F0F0F0 solid; padding:0px; vertical-align: top; background-color: white\"><td style=\"vertical-align: top; text-align : left; background-color: white; border: 0px #F0F0F0 solid; padding:0px 4px 0px 4px; white-space: nowrap; background-image: url(tbl_bck110.png)\" class=\"hierarchy\"><img src=\"tbl_spacer.png\" alt=\".\" style=\"background-color: inherit\" class=\"hierarchy\"/><img src=\"tbl_vline.png\" alt=\".\" style=\"background-color: inherit\" class=\"hierarchy\"/><img src=\"tbl_vjoin.png\" alt=\".\" style=\"background-color: inherit\" class=\"hierarchy\"/><img src=\"icon_primitive.png\" alt=\".\" style=\"background-color: white; background-color: inherit\" title=\"Primitive Data Type\" class=\"hierarchy\"/> <span title=\"Base StructureDefinition for boolean Type: Value of &quot;true&quot; or &quot;false&quot;\">valueBoolean</span></td><td style=\"vertical-align: top; text-align : left; background-color: white; border: 0px #F0F0F0 solid; padding:0px 4px 0px 4px\" class=\"hierarchy\"/><td style=\"vertical-align: top; text-align : left; background-color: white; border: 0px #F0F0F0 solid; padding:0px 4px 0px 4px\" class=\"hierarchy\"></td><td style=\"vertical-align: top; text-align : left; background-color: white; border: 0px #F0F0F0 solid; padding:0px 4px 0px 4px\" class=\"hierarchy\"><a href=\"http://hl7.org/fhir/R4/datatypes.html#boolean\">boolean</a></td><td style=\"vertical-align: top; text-align : left; background-color: white; border: 0px #F0F0F0 solid; padding:0px 4px 0px 4px\" class=\"hierarchy\"/></tr>\r\n<tr style=\"border: 0px #F0F0F0 solid; padding:0px; vertical-align: top; background-color: #F7F7F7\"><td style=\"vertical-align: top; text-align : left; background-color: #F7F7F7; border: 0px #F0F0F0 solid; padding:0px 4px 0px 4px; white-space: nowrap; background-image: url(tbl_bck100.png)\" class=\"hierarchy\"><img src=\"tbl_spacer.png\" alt=\".\" style=\"background-color: inherit\" class=\"hierarchy\"/><img src=\"tbl_vline.png\" alt=\".\" style=\"background-color: inherit\" class=\"hierarchy\"/><img src=\"tbl_vjoin_end.png\" alt=\".\" style=\"background-color: inherit\" class=\"hierarchy\"/><img src=\"icon_primitive.png\" alt=\".\" style=\"background-color: #F7F7F7; background-color: inherit\" title=\"Primitive Data Type\" class=\"hierarchy\"/> <span title=\"Base StructureDefinition for string Type: A sequence of Unicode characters\">valueString</span></td><td style=\"vertical-align: top; text-align : left; background-color: #F7F7F7; border: 0px #F0F0F0 solid; padding:0px 4px 0px 4px\" class=\"hierarchy\"/><td style=\"vertical-align: top; text-align : left; background-color: #F7F7F7; border: 0px #F0F0F0 solid; padding:0px 4px 0px 4px\" class=\"hierarchy\"></td><td style=\"vertical-align: top; text-align : left; background-color: #F7F7F7; border: 0px #F0F0F0 solid; padding:0px 4px 0px 4px\" class=\"hierarchy\"><a href=\"http://hl7.org/fhir/R4/datatypes.html#string\">string</a></td><td style=\"vertical-align: top; text-align : left; background-color: #F7F7F7; border: 0px #F0F0F0 solid; padding:0px 4px 0px 4px\" class=\"hierarchy\"/></tr>\r\n<tr style=\"border: 0px #F0F0F0 solid; padding:0px; vertical-align: top; background-color: white\"><td style=\"vertical-align: top; text-align : left; background-color: white; border: 0px #F0F0F0 solid; padding:0px 4px 0px 4px; white-space: nowrap; background-image: url(tbl_bck10.png)\" class=\"hierarchy\"><img src=\"tbl_spacer.png\" alt=\".\" style=\"background-color: inherit\" class=\"hierarchy\"/><img src=\"tbl_vjoin.png\" alt=\".\" style=\"background-color: inherit\" class=\"hierarchy\"/><img src=\"icon_datatype.gif\" alt=\".\" style=\"background-color: white; background-color: inherit\" title=\"Data Type\" class=\"hierarchy\"/> <a href=\"StructureDefinition-be-model-scoreresult-definitions.html#BeScoreResult.interpretation\" title=\"What the score means or implies, e.g. 'high risk, must follow up'.\">interpretation</a><a name=\"BeScoreResult.interpretation\"> </a></td><td style=\"vertical-align: top; text-align : left; background-color: white; border: 0px #F0F0F0 solid; padding:0px 4px 0px 4px\" class=\"hierarchy\"/><td style=\"vertical-align: top; text-align : left; background-color: white; border: 0px #F0F0F0 solid; padding:0px 4px 0px 4px\" class=\"hierarchy\">0..1</td><td style=\"vertical-align: top; text-align : left; background-color: white; border: 0px #F0F0F0 solid; padding:0px 4px 0px 4px\" class=\"hierarchy\"><a href=\"http://hl7.org/fhir/R4/datatypes.html#CodeableConcept\">CodeableConcept</a></td><td style=\"vertical-align: top; text-align : left; background-color: white; border: 0px #F0F0F0 solid; padding:0px 4px 0px 4px\" class=\"hierarchy\">What the score means or implies, e.g. 'high risk, must follow up'.</td></tr>\r\n<tr style=\"border: 0px #F0F0F0 solid; padding:0px; vertical-align: top; background-color: #F7F7F7\"><td style=\"vertical-align: top; text-align : left; background-color: #F7F7F7; border: 0px #F0F0F0 solid; padding:0px 4px 0px 4px; white-space: nowrap; background-image: url(tbl_bck11.png)\" class=\"hierarchy\"><img src=\"tbl_spacer.png\" alt=\".\" style=\"background-color: inherit\" class=\"hierarchy\"/><img src=\"tbl_vjoin.png\" alt=\".\" style=\"background-color: inherit\" class=\"hierarchy\"/><img src=\"icon_datatype.gif\" alt=\".\" style=\"background-color: #F7F7F7; background-color: inherit\" title=\"Data Type\" class=\"hierarchy\"/> <a href=\"StructureDefinition-be-model-scoreresult-definitions.html#BeScoreResult.referenceRange\" title=\"The reference evaluation ranges for the score, e.g. '1 to 2 = low risk', etc.\">referenceRange</a><a name=\"BeScoreResult.referenceRange\"> </a></td><td style=\"vertical-align: top; text-align : left; background-color: #F7F7F7; border: 0px #F0F0F0 solid; padding:0px 4px 0px 4px\" class=\"hierarchy\"/><td style=\"vertical-align: top; text-align : left; background-color: #F7F7F7; border: 0px #F0F0F0 solid; padding:0px 4px 0px 4px\" class=\"hierarchy\">0..*</td><td style=\"vertical-align: top; text-align : left; background-color: #F7F7F7; border: 0px #F0F0F0 solid; padding:0px 4px 0px 4px\" class=\"hierarchy\"><a href=\"http://hl7.org/fhir/R4/datatypes.html#BackboneElement\">BackboneElement</a></td><td style=\"vertical-align: top; text-align : left; background-color: #F7F7F7; border: 0px #F0F0F0 solid; padding:0px 4px 0px 4px\" class=\"hierarchy\">The reference evaluation ranges for the score, e.g. '1 to 2 = low risk', etc.<br/></td></tr>\r\n<tr style=\"border: 0px #F0F0F0 solid; padding:0px; vertical-align: top; background-color: white\"><td style=\"vertical-align: top; text-align : left; background-color: white; border: 0px #F0F0F0 solid; padding:0px 4px 0px 4px; white-space: nowrap; background-image: url(tbl_bck110.png)\" class=\"hierarchy\"><img src=\"tbl_spacer.png\" alt=\".\" style=\"background-color: inherit\" class=\"hierarchy\"/><img src=\"tbl_vline.png\" alt=\".\" style=\"background-color: inherit\" class=\"hierarchy\"/><img src=\"tbl_vjoin.png\" alt=\".\" style=\"background-color: inherit\" class=\"hierarchy\"/><img src=\"icon_datatype.gif\" alt=\".\" style=\"background-color: white; background-color: inherit\" title=\"Data Type\" class=\"hierarchy\"/> <a href=\"StructureDefinition-be-model-scoreresult-definitions.html#BeScoreResult.referenceRange.range\" title=\"The range of values for the score\">range</a><a name=\"BeScoreResult.referenceRange.range\"> </a></td><td style=\"vertical-align: top; text-align : left; background-color: white; border: 0px #F0F0F0 solid; padding:0px 4px 0px 4px\" class=\"hierarchy\"/><td style=\"vertical-align: top; text-align : left; background-color: white; border: 0px #F0F0F0 solid; padding:0px 4px 0px 4px\" class=\"hierarchy\">0..1</td><td style=\"vertical-align: top; text-align : left; background-color: white; border: 0px #F0F0F0 solid; padding:0px 4px 0px 4px\" class=\"hierarchy\"><a href=\"http://hl7.org/fhir/R4/datatypes.html#Range\">Range</a></td><td style=\"vertical-align: top; text-align : left; background-color: white; border: 0px #F0F0F0 solid; padding:0px 4px 0px 4px\" class=\"hierarchy\">The range of values for the score</td></tr>\r\n<tr style=\"border: 0px #F0F0F0 solid; padding:0px; vertical-align: top; background-color: #F7F7F7\"><td style=\"vertical-align: top; text-align : left; background-color: #F7F7F7; border: 0px #F0F0F0 solid; padding:0px 4px 0px 4px; white-space: nowrap; background-image: url(tbl_bck100.png)\" class=\"hierarchy\"><img src=\"tbl_spacer.png\" alt=\".\" style=\"background-color: inherit\" class=\"hierarchy\"/><img src=\"tbl_vline.png\" alt=\".\" style=\"background-color: inherit\" class=\"hierarchy\"/><img src=\"tbl_vjoin_end.png\" alt=\".\" style=\"background-color: inherit\" class=\"hierarchy\"/><img src=\"icon_datatype.gif\" alt=\".\" style=\"background-color: #F7F7F7; background-color: inherit\" title=\"Data Type\" class=\"hierarchy\"/> <a href=\"StructureDefinition-be-model-scoreresult-definitions.html#BeScoreResult.referenceRange.meaning\" title=\"The reference meaning or interpretation for the range\">meaning</a><a name=\"BeScoreResult.referenceRange.meaning\"> </a></td><td style=\"vertical-align: top; text-align : left; background-color: #F7F7F7; border: 0px #F0F0F0 solid; padding:0px 4px 0px 4px\" class=\"hierarchy\"/><td style=\"vertical-align: top; text-align : left; background-color: #F7F7F7; border: 0px #F0F0F0 solid; padding:0px 4px 0px 4px\" class=\"hierarchy\">0..1</td><td style=\"vertical-align: top; text-align : left; background-color: #F7F7F7; border: 0px #F0F0F0 solid; padding:0px 4px 0px 4px\" class=\"hierarchy\"><a href=\"http://hl7.org/fhir/R4/datatypes.html#CodeableConcept\">CodeableConcept</a></td><td style=\"vertical-align: top; text-align : left; background-color: #F7F7F7; border: 0px #F0F0F0 solid; padding:0px 4px 0px 4px\" class=\"hierarchy\">The reference meaning or interpretation for the range</td></tr>\r\n<tr style=\"border: 0px #F0F0F0 solid; padding:0px; vertical-align: top; background-color: white\"><td style=\"vertical-align: top; text-align : left; background-color: white; border: 0px #F0F0F0 solid; padding:0px 4px 0px 4px; white-space: nowrap; background-image: url(tbl_bck00.png)\" class=\"hierarchy\"><img src=\"tbl_spacer.png\" alt=\".\" style=\"background-color: inherit\" class=\"hierarchy\"/><img src=\"tbl_vjoin_end.png\" alt=\".\" style=\"background-color: inherit\" class=\"hierarchy\"/><img src=\"icon_reference.png\" alt=\".\" style=\"background-color: white; background-color: inherit\" title=\"Reference to another Resource\" class=\"hierarchy\"/> <a href=\"StructureDefinition-be-model-scoreresult-definitions.html#BeScoreResult.derivedFrom\" title=\"The data source that this result derives from, e.g. a response to a questionnaire, or a clinical document.. '.\">derivedFrom</a><a name=\"BeScoreResult.derivedFrom\"> </a></td><td style=\"vertical-align: top; text-align : left; background-color: white; border: 0px #F0F0F0 solid; padding:0px 4px 0px 4px\" class=\"hierarchy\"/><td style=\"vertical-align: top; text-align : left; background-color: white; border: 0px #F0F0F0 solid; padding:0px 4px 0px 4px\" class=\"hierarchy\">0..*</td><td style=\"vertical-align: top; text-align : left; background-color: white; border: 0px #F0F0F0 solid; padding:0px 4px 0px 4px\" class=\"hierarchy\"><a href=\"http://hl7.org/fhir/R4/references.html\">Reference</a>()</td><td style=\"vertical-align: top; text-align : left; background-color: white; border: 0px #F0F0F0 solid; padding:0px 4px 0px 4px\" class=\"hierarchy\">The data source that this result derives from, e.g. a response to a questionnaire, or a clinical document.. '.<br/></td></tr>\r\n<tr><td colspan=\"5\" class=\"hierarchy\"><br/><a href=\"http://hl7.org/fhir/R4/formats.html#table\" title=\"Legend for this format\"><img src=\"http://hl7.org/fhir/R4/help16.png\" alt=\"doco\" style=\"background-color: inherit\"/> Documentation for this format</a></td></tr></table></div>"
  },
  "url": "https://www.hl7belgium.org/fhir/StructureDefinition/be-model-scoreresult",
  "version": "0.1.0",
  "name": "BeScoreResult",
  "status": "draft",
  "date": "2021-07-13T22:58:11+00:00",
  "publisher": "RIZIV-INAMI",
  "contact": [
    {
      "telecom": [
        {
          "system": "url",
          "value": "http://somewhere.org"
        }
      ]
    }
  ],
  "description": "This is the logical model of a Score Result, the result of a scoring assessment by a person or a system. Examples are risk scores, or pain score...",
  "jurisdiction": [
    {
      "coding": [
        {
          "system": "http://unstats.un.org/unsd/methods/m49/m49.htm",
          "code": "056"
        },
        {
          "system": "urn:iso:std:iso:3166",
          "code": "BE"
        }
      ]
    }
  ],
  "fhirVersion": "4.0.1",
  "mapping": [
    {
      "identity": "rim",
      "uri": "http://hl7.org/v3",
      "name": "RIM Mapping"
    }
  ],
  "kind": "logical",
  "abstract": false,
  "type": "BeScoreResult",
  "baseDefinition": "http://hl7.org/fhir/StructureDefinition/Resource",
  "derivation": "specialization",
  "snapshot": {
    "element": [
      {
        "id": "BeScoreResult",
        "path": "BeScoreResult",
        "short": "The score result",
        "definition": "A record of a calculated or determined score.",
        "min": 0,
        "max": "*",
        "base": {
          "path": "Resource",
          "min": 0,
          "max": "*"
        },
        "isModifier": false,
        "isSummary": false,
        "mapping": [
          {
            "identity": "rim",
            "map": "Entity. Role, or Act"
          }
        ]
      },
      {
        "id": "BeScoreResult.id",
        "path": "BeScoreResult.id",
        "short": "Logical id of this artifact",
        "definition": "The logical id of the resource, as used in the URL for the resource. Once assigned, this value never changes.",
        "comment": "The only time that a resource does not have an id is when it is being submitted to the server using a create operation.",
        "min": 0,
        "max": "1",
        "base": {
          "path": "Resource.id",
          "min": 0,
          "max": "1"
        },
        "type": [
          {
            "extension": [
              {
                "url": "http://hl7.org/fhir/StructureDefinition/structuredefinition-fhir-type",
                "valueUrl": "string"
              }
            ],
            "code": "http://hl7.org/fhirpath/System.String"
          }
        ],
        "isModifier": false,
        "isSummary": true
      },
      {
        "id": "BeScoreResult.meta",
        "path": "BeScoreResult.meta",
        "short": "Metadata about the resource",
        "definition": "The metadata about the resource. This is content that is maintained by the infrastructure. Changes to the content might not always be associated with version changes to the resource.",
        "min": 0,
        "max": "1",
        "base": {
          "path": "Resource.meta",
          "min": 0,
          "max": "1"
        },
        "type": [
          {
            "code": "Meta"
          }
        ],
        "constraint": [
          {
            "key": "ele-1",
            "severity": "error",
            "human": "All FHIR elements must have a @value or children",
            "expression": "hasValue() or (children().count() > id.count())",
            "xpath": "@value|f:*|h:div",
            "source": "http://hl7.org/fhir/StructureDefinition/Element"
          }
        ],
        "isModifier": false,
        "isSummary": true
      },
      {
        "id": "BeScoreResult.implicitRules",
        "path": "BeScoreResult.implicitRules",
        "short": "A set of rules under which this content was created",
        "definition": "A reference to a set of rules that were followed when the resource was constructed, and which must be understood when processing the content. Often, this is a reference to an implementation guide that defines the special rules along with other profiles etc.",
        "comment": "Asserting this rule set restricts the content to be only understood by a limited set of trading partners. This inherently limits the usefulness of the data in the long term. However, the existing health eco-system is highly fractured, and not yet ready to define, collect, and exchange data in a generally computable sense. Wherever possible, implementers and/or specification writers should avoid using this element. Often, when used, the URL is a reference to an implementation guide that defines these special rules as part of it's narrative along with other profiles, value sets, etc.",
        "min": 0,
        "max": "1",
        "base": {
          "path": "Resource.implicitRules",
          "min": 0,
          "max": "1"
        },
        "type": [
          {
            "code": "uri"
          }
        ],
        "constraint": [
          {
            "key": "ele-1",
            "severity": "error",
            "human": "All FHIR elements must have a @value or children",
            "expression": "hasValue() or (children().count() > id.count())",
            "xpath": "@value|f:*|h:div",
            "source": "http://hl7.org/fhir/StructureDefinition/Element"
          }
        ],
        "isModifier": true,
        "isModifierReason": "This element is labeled as a modifier because the implicit rules may provide additional knowledge about the resource that modifies it's meaning or interpretation",
        "isSummary": true
      },
      {
        "id": "BeScoreResult.language",
        "path": "BeScoreResult.language",
        "short": "Language of the resource content",
        "definition": "The base language in which the resource is written.",
        "comment": "Language is provided to support indexing and accessibility (typically, services such as text to speech use the language tag). The html language tag in the narrative applies  to the narrative. The language tag on the resource may be used to specify the language of other presentations generated from the data in the resource. Not all the content has to be in the base language. The Resource.language should not be assumed to apply to the narrative automatically. If a language is specified, it should it also be specified on the div element in the html (see rules in HTML5 for information about the relationship between xml:lang and the html lang attribute).",
        "min": 0,
        "max": "1",
        "base": {
          "path": "Resource.language",
          "min": 0,
          "max": "1"
        },
        "type": [
          {
            "code": "code"
          }
        ],
        "constraint": [
          {
            "key": "ele-1",
            "severity": "error",
            "human": "All FHIR elements must have a @value or children",
            "expression": "hasValue() or (children().count() > id.count())",
            "xpath": "@value|f:*|h:div",
            "source": "http://hl7.org/fhir/StructureDefinition/Element"
          }
        ],
        "isModifier": false,
        "isSummary": false,
        "binding": {
          "extension": [
            {
              "url": "http://hl7.org/fhir/StructureDefinition/elementdefinition-maxValueSet",
              "valueCanonical": "http://hl7.org/fhir/ValueSet/all-languages"
            },
            {
              "url": "http://hl7.org/fhir/StructureDefinition/elementdefinition-bindingName",
              "valueString": "Language"
            },
            {
              "url": "http://hl7.org/fhir/StructureDefinition/elementdefinition-isCommonBinding",
              "valueBoolean": true
            }
          ],
          "strength": "preferred",
          "description": "A human language.",
          "valueSet": "http://hl7.org/fhir/ValueSet/languages"
        }
      },
      {
        "id": "BeScoreResult.identifier",
        "path": "BeScoreResult.identifier",
        "short": "The business identifier(s) for this score result",
        "definition": "The business identifier(s) for this score result - This is an optional attribute, used for example to track a score result throughout its lifecycle, or across vaults.",
        "min": 0,
        "max": "*",
        "base": {
          "path": "BeScoreResult.identifier",
          "min": 0,
          "max": "*"
        },
        "type": [
          {
            "code": "Identifier"
          }
        ]
      },
      {
        "id": "BeScoreResult.subject",
        "path": "BeScoreResult.subject",
        "short": "The person for which the score has been assessed",
        "definition": "The patient",
        "min": 1,
        "max": "1",
        "base": {
          "path": "BeScoreResult.subject",
          "min": 1,
          "max": "1"
        },
        "type": [
          {
            "code": "Reference",
            "targetProfile": [
              "https://www.ehealth.fgov.be/standards/fhir/StructureDefinition/be-patient"
            ]
          }
        ]
      },
      {
        "id": "BeScoreResult.category",
        "path": "BeScoreResult.category",
        "short": "The score category",
        "definition": "Here the grouping of score categories - for example 'Pain' or 'Risk'. The actual score code is in the attribute 'code'. This is a grouping or categorization.",
        "min": 0,
        "max": "1",
        "base": {
          "path": "BeScoreResult.category",
          "min": 0,
          "max": "1"
        },
        "type": [
          {
            "code": "CodeableConcept",
            "profile": [
              "http://hl7.org/fhir/StructureDefinition/CodeableConcept"
            ]
          }
        ]
      },
      {
        "id": "BeScoreResult.bodySite",
        "path": "BeScoreResult.bodySite",
        "short": "The body site that the score refers to. Includes laterality",
        "definition": "The body site that the score refers to. Includes laterality.",
        "min": 0,
        "max": "1",
        "base": {
          "path": "BeScoreResult.bodySite",
          "min": 0,
          "max": "1"
        },
        "type": [
          {
            "code": "CodeableConcept",
            "profile": [
              "http://hl7.org/fhir/StructureDefinition/CodeableConcept"
            ]
          }
        ]
      },
      {
        "id": "BeScoreResult.code",
        "path": "BeScoreResult.code",
        "short": "The score that has been calculated",
        "definition": "This is code for the score (e.g. DOLOPLUS, FINDRISC, APGAR)",
        "min": 1,
        "max": "1",
        "base": {
          "path": "BeScoreResult.code",
          "min": 1,
          "max": "1"
        },
        "type": [
          {
            "code": "CodeableConcept",
            "profile": [
              "http://hl7.org/fhir/StructureDefinition/CodeableConcept"
            ]
          }
        ],
        "binding": {
          "strength": "required",
          "valueSet": "https://www.hl7belgium.org/fhir/ValueSet/be-vs-score"
        }
      },
      {
        "id": "BeScoreResult.period",
        "path": "BeScoreResult.period",
        "short": "The date or time interval that the score refers to.",
        "definition": "The date or time interval that the score refers to.",
        "min": 1,
        "max": "1",
        "base": {
          "path": "BeScoreResult.period",
          "min": 1,
          "max": "1"
        },
        "type": [
          {
            "code": "Period"
          }
        ]
      },
      {
        "id": "BeScoreResult.recordedDate",
        "path": "BeScoreResult.recordedDate",
        "short": "The date when the score is being recorded or updated",
        "definition": "The date when the score is being recorded or updated",
        "min": 1,
        "max": "1",
        "base": {
          "path": "BeScoreResult.recordedDate",
          "min": 1,
          "max": "1"
        },
        "type": [
          {
            "code": "dateTime"
          }
        ]
      },
      {
        "id": "BeScoreResult.value[x]",
        "path": "BeScoreResult.value[x]",
        "short": "The result of the score - the actual score of the patient",
        "definition": "The result of the score - the actual score of the patient , e.g. '10' or 'high risk'",
        "min": 1,
        "max": "1",
        "base": {
          "path": "BeScoreResult.value[x]",
          "min": 1,
          "max": "1"
        },
        "type": [
          {
            "code": "CodeableConcept"
          },
          {
            "code": "Quantity"
          },
          {
            "code": "Ratio"
          },
          {
            "code": "boolean"
          },
          {
            "code": "string"
          }
        ]
      },
      {
        "id": "BeScoreResult.interpretation",
        "path": "BeScoreResult.interpretation",
        "short": "What the score means or implies, e.g. 'high risk, must follow up'.",
        "definition": "What the score means or implies, e.g. 'high risk, must follow up'.",
        "min": 0,
        "max": "1",
        "base": {
          "path": "BeScoreResult.interpretation",
          "min": 0,
          "max": "1"
        },
        "type": [
          {
            "code": "CodeableConcept"
          }
        ]
      },
      {
        "id": "BeScoreResult.referenceRange",
        "path": "BeScoreResult.referenceRange",
        "short": "The reference evaluation ranges for the score, e.g. '1 to 2 = low risk', etc.",
        "definition": "The reference evaluation ranges for the score, e.g. '1 to 2 = low risk', etc.",
        "min": 0,
        "max": "*",
        "base": {
          "path": "BeScoreResult.referenceRange",
          "min": 0,
          "max": "*"
        },
        "type": [
          {
            "code": "BackboneElement"
          }
        ]
      },
      {
        "id": "BeScoreResult.referenceRange.range",
        "path": "BeScoreResult.referenceRange.range",
        "short": "The range of values for the score",
        "definition": "The range of values for the score",
        "min": 0,
        "max": "1",
        "base": {
          "path": "BeScoreResult.referenceRange.range",
          "min": 0,
          "max": "1"
        },
        "type": [
          {
            "code": "Range"
          }
        ]
      },
      {
        "id": "BeScoreResult.referenceRange.meaning",
        "path": "BeScoreResult.referenceRange.meaning",
        "short": "The reference meaning or interpretation for the range",
        "definition": "The reference meaning or interpretation for the range",
        "min": 0,
        "max": "1",
        "base": {
          "path": "BeScoreResult.referenceRange.meaning",
          "min": 0,
          "max": "1"
        },
        "type": [
          {
            "code": "CodeableConcept"
          }
        ]
      },
      {
        "id": "BeScoreResult.derivedFrom",
        "path": "BeScoreResult.derivedFrom",
        "short": "The data source that this result derives from, e.g. a response to a questionnaire, or a clinical document.. '.",
        "definition": "The data source that this result derives from, e.g. a response to a questionnaire, or a clinical document.. '.",
        "min": 0,
        "max": "*",
        "base": {
          "path": "BeScoreResult.derivedFrom",
          "min": 0,
          "max": "*"
        },
        "type": [
          {
            "code": "Reference"
          }
        ]
      }
    ]
  },
  "differential": {
    "element": [
      {
        "id": "BeScoreResult",
        "path": "BeScoreResult",
        "short": "The score result",
        "definition": "A record of a calculated or determined score.",
        "min": 0,
        "max": "*"
      },
      {
        "id": "BeScoreResult.identifier",
        "path": "BeScoreResult.identifier",
        "short": "The business identifier(s) for this score result",
        "definition": "The business identifier(s) for this score result - This is an optional attribute, used for example to track a score result throughout its lifecycle, or across vaults.",
        "min": 0,
        "max": "*",
        "type": [
          {
            "code": "Identifier"
          }
        ]
      },
      {
        "id": "BeScoreResult.subject",
        "path": "BeScoreResult.subject",
        "short": "The person for which the score has been assessed",
        "definition": "The patient",
        "min": 1,
        "max": "1",
        "type": [
          {
            "code": "Reference",
            "targetProfile": [
              "https://www.ehealth.fgov.be/standards/fhir/StructureDefinition/be-patient"
            ]
          }
        ]
      },
      {
        "id": "BeScoreResult.category",
        "path": "BeScoreResult.category",
        "short": "The score category",
        "definition": "Here the grouping of score categories - for example 'Pain' or 'Risk'. The actual score code is in the attribute 'code'. This is a grouping or categorization.",
        "min": 0,
        "max": "1",
        "type": [
          {
            "code": "CodeableConcept",
            "profile": [
              "http://hl7.org/fhir/StructureDefinition/CodeableConcept"
            ]
          }
        ]
      },
      {
        "id": "BeScoreResult.bodySite",
        "path": "BeScoreResult.bodySite",
        "short": "The body site that the score refers to. Includes laterality",
        "definition": "The body site that the score refers to. Includes laterality.",
        "min": 0,
        "max": "1",
        "type": [
          {
            "code": "CodeableConcept",
            "profile": [
              "http://hl7.org/fhir/StructureDefinition/CodeableConcept"
            ]
          }
        ]
      },
      {
        "id": "BeScoreResult.code",
        "path": "BeScoreResult.code",
        "short": "The score that has been calculated",
        "definition": "This is code for the score (e.g. DOLOPLUS, FINDRISC, APGAR)",
        "min": 1,
        "max": "1",
        "type": [
          {
            "code": "CodeableConcept",
            "profile": [
              "http://hl7.org/fhir/StructureDefinition/CodeableConcept"
            ]
          }
        ],
        "binding": {
          "strength": "required",
          "valueSet": "https://www.hl7belgium.org/fhir/ValueSet/be-vs-score"
        }
      },
      {
        "id": "BeScoreResult.period",
        "path": "BeScoreResult.period",
        "short": "The date or time interval that the score refers to.",
        "definition": "The date or time interval that the score refers to.",
        "min": 1,
        "max": "1",
        "type": [
          {
            "code": "Period"
          }
        ]
      },
      {
        "id": "BeScoreResult.recordedDate",
        "path": "BeScoreResult.recordedDate",
        "short": "The date when the score is being recorded or updated",
        "definition": "The date when the score is being recorded or updated",
        "min": 1,
        "max": "1",
        "type": [
          {
            "code": "dateTime"
          }
        ]
      },
      {
        "id": "BeScoreResult.value[x]",
        "path": "BeScoreResult.value[x]",
        "short": "The result of the score - the actual score of the patient",
        "definition": "The result of the score - the actual score of the patient , e.g. '10' or 'high risk'",
        "min": 1,
        "max": "1",
        "type": [
          {
            "code": "CodeableConcept"
          },
          {
            "code": "Quantity"
          },
          {
            "code": "Ratio"
          },
          {
            "code": "boolean"
          },
          {
            "code": "string"
          }
        ]
      },
      {
        "id": "BeScoreResult.interpretation",
        "path": "BeScoreResult.interpretation",
        "short": "What the score means or implies, e.g. 'high risk, must follow up'.",
        "definition": "What the score means or implies, e.g. 'high risk, must follow up'.",
        "min": 0,
        "max": "1",
        "type": [
          {
            "code": "CodeableConcept"
          }
        ]
      },
      {
        "id": "BeScoreResult.referenceRange",
        "path": "BeScoreResult.referenceRange",
        "short": "The reference evaluation ranges for the score, e.g. '1 to 2 = low risk', etc.",
        "definition": "The reference evaluation ranges for the score, e.g. '1 to 2 = low risk', etc.",
        "min": 0,
        "max": "*",
        "type": [
          {
            "code": "BackboneElement"
          }
        ]
      },
      {
        "id": "BeScoreResult.referenceRange.range",
        "path": "BeScoreResult.referenceRange.range",
        "short": "The range of values for the score",
        "definition": "The range of values for the score",
        "min": 0,
        "max": "1",
        "type": [
          {
            "code": "Range"
          }
        ]
      },
      {
        "id": "BeScoreResult.referenceRange.meaning",
        "path": "BeScoreResult.referenceRange.meaning",
        "short": "The reference meaning or interpretation for the range",
        "definition": "The reference meaning or interpretation for the range",
        "min": 0,
        "max": "1",
        "type": [
          {
            "code": "CodeableConcept"
          }
        ]
      },
      {
        "id": "BeScoreResult.derivedFrom",
        "path": "BeScoreResult.derivedFrom",
        "short": "The data source that this result derives from, e.g. a response to a questionnaire, or a clinical document.. '.",
        "definition": "The data source that this result derives from, e.g. a response to a questionnaire, or a clinical document.. '.",
        "min": 0,
        "max": "*",
        "type": [
          {
            "code": "Reference"
          }
        ]
      }
    ]
  }
}