{
  "resourceType": "StructureDefinition",
  "id": "be-model-referralprescription",
  "text": {
    "status": "generated",
    "div": "<div xmlns=\"http://www.w3.org/1999/xhtml\">\n      <table border=\"0\" cellpadding=\"0\" cellspacing=\"0\" style=\"border: 0px #F0F0F0 solid; font-size: 11px; font-family: verdana; vertical-align: top;\">\n        <tr style=\"border: 1px #F0F0F0 solid; font-size: 11px; font-family: verdana; vertical-align: top;\">\n          <th style=\"vertical-align: top; text-align : left; background-color: white; border: 0px #F0F0F0 solid; padding:0px 4px 0px 4px\" class=\"hierarchy\">\n            <a href=\"http://hl7.org/fhir/R4/formats.html#table\" title=\"The logical name of the element\">Name</a>\n          </th>\n          <th style=\"vertical-align: top; text-align : left; background-color: white; border: 0px #F0F0F0 solid; padding:0px 4px 0px 4px\" class=\"hierarchy\">\n            <a href=\"http://hl7.org/fhir/R4/formats.html#table\" title=\"Information about the use of the element\">Flags</a>\n          </th>\n          <th style=\"vertical-align: top; text-align : left; background-color: white; border: 0px #F0F0F0 solid; padding:0px 4px 0px 4px\" class=\"hierarchy\">\n            <a href=\"http://hl7.org/fhir/R4/formats.html#table\" title=\"Minimum and Maximum # of times the the element can appear in the instance\">Card.</a>\n          </th>\n          <th style=\"width: 100px\" class=\"hierarchy\">\n            <a href=\"http://hl7.org/fhir/R4/formats.html#table\" title=\"Reference to the type of the element\">Type</a>\n          </th>\n          <th style=\"vertical-align: top; text-align : left; background-color: white; border: 0px #F0F0F0 solid; padding:0px 4px 0px 4px\" class=\"hierarchy\">\n            <a href=\"http://hl7.org/fhir/R4/formats.html#table\" title=\"Additional information about the element\">Description &amp; Constraints</a>\n            <span style=\"float: right\">\n              <a href=\"http://hl7.org/fhir/R4/formats.html#table\" title=\"Legend for this format\">\n                <img src=\"http://hl7.org/fhir/R4/help16.png\" alt=\"doco\" style=\"background-color: inherit\"/>\n              </a>\n            </span>\n          </th>\n        </tr>\n        <tr style=\"border: 0px #F0F0F0 solid; padding:0px; vertical-align: top; background-color: white;\">\n          <td style=\"vertical-align: top; text-align : left; background-color: white; border: 0px #F0F0F0 solid; padding:0px 4px 0px 4px; white-space: nowrap; background-image: url(tbl_bck1.png)\" class=\"hierarchy\">\n            <img src=\"tbl_spacer.png\" alt=\".\" style=\"background-color: inherit\" class=\"hierarchy\"/>\n            <img src=\"icon_element.gif\" alt=\".\" style=\"background-color: white; background-color: inherit\" title=\"Element\" class=\"hierarchy\"/>\n            <a href=\"StructureDefinition-be-model-referralprescription-definitions.html#BeReferralPrescription\">BeReferralPrescription</a>\n            <a name=\"BeReferralPrescription\"/>\n          </td>\n          <td style=\"vertical-align: top; text-align : left; background-color: white; border: 0px #F0F0F0 solid; padding:0px 4px 0px 4px\" class=\"hierarchy\"/>\n          <td style=\"vertical-align: top; text-align : left; background-color: white; border: 0px #F0F0F0 solid; padding:0px 4px 0px 4px\" class=\"hierarchy\">0..*</td>\n          <td style=\"vertical-align: top; text-align : left; background-color: white; border: 0px #F0F0F0 solid; padding:0px 4px 0px 4px\" class=\"hierarchy\"/>\n          <td style=\"vertical-align: top; text-align : left; background-color: white; border: 0px #F0F0F0 solid; padding:0px 4px 0px 4px\" class=\"hierarchy\"/>\n        </tr>\n        <tr style=\"border: 0px #F0F0F0 solid; padding:0px; vertical-align: top; background-color: #F7F7F7;\">\n          <td style=\"vertical-align: top; text-align : left; background-color: #F7F7F7; border: 0px #F0F0F0 solid; padding:0px 4px 0px 4px; white-space: nowrap; background-image: url(tbl_bck10.png)\" class=\"hierarchy\">\n            <img src=\"tbl_spacer.png\" alt=\".\" style=\"background-color: inherit\" class=\"hierarchy\"/>\n            <img src=\"tbl_vjoin.png\" alt=\".\" style=\"background-color: inherit\" class=\"hierarchy\"/>\n            <img src=\"icon_reference.png\" alt=\".\" style=\"background-color: #F7F7F7; background-color: inherit\" title=\"Reference to another Resource\" class=\"hierarchy\"/>\n            <a href=\"StructureDefinition-be-model-referralprescription-definitions.html#BeReferralPrescription.prescriber\">prescriber</a>\n            <a name=\"BeReferralPrescription.prescriber\"/>\n          </td>\n          <td style=\"vertical-align: top; text-align : left; background-color: #F7F7F7; border: 0px #F0F0F0 solid; padding:0px 4px 0px 4px\" class=\"hierarchy\"/>\n          <td style=\"vertical-align: top; text-align : left; background-color: #F7F7F7; border: 0px #F0F0F0 solid; padding:0px 4px 0px 4px\" class=\"hierarchy\">1..1</td>\n          <td style=\"vertical-align: top; text-align : left; background-color: #F7F7F7; border: 0px #F0F0F0 solid; padding:0px 4px 0px 4px\" class=\"hierarchy\">\n            <a href=\"http://hl7.org/fhir/R4/references.html\">Reference</a>(https://www.ehealth.fgov.be/standards/fhir/StructureDefinition/be-practitioner)</td>\n          <td style=\"vertical-align: top; text-align : left; background-color: #F7F7F7; border: 0px #F0F0F0 solid; padding:0px 4px 0px 4px\" class=\"hierarchy\"/>\n        </tr>\n        <tr style=\"border: 0px #F0F0F0 solid; padding:0px; vertical-align: top; background-color: white;\">\n          <td style=\"vertical-align: top; text-align : left; background-color: white; border: 0px #F0F0F0 solid; padding:0px 4px 0px 4px; white-space: nowrap; background-image: url(tbl_bck10.png)\" class=\"hierarchy\">\n            <img src=\"tbl_spacer.png\" alt=\".\" style=\"background-color: inherit\" class=\"hierarchy\"/>\n            <img src=\"tbl_vjoin.png\" alt=\".\" style=\"background-color: inherit\" class=\"hierarchy\"/>\n            <img src=\"icon_reference.png\" alt=\".\" style=\"background-color: white; background-color: inherit\" title=\"Reference to another Resource\" class=\"hierarchy\"/>\n            <a href=\"StructureDefinition-be-model-referralprescription-definitions.html#BeReferralPrescription.signer\">signer</a>\n            <a name=\"BeReferralPrescription.signer\"/>\n          </td>\n          <td style=\"vertical-align: top; text-align : left; background-color: white; border: 0px #F0F0F0 solid; padding:0px 4px 0px 4px\" class=\"hierarchy\"/>\n          <td style=\"vertical-align: top; text-align : left; background-color: white; border: 0px #F0F0F0 solid; padding:0px 4px 0px 4px\" class=\"hierarchy\">0..*</td>\n          <td style=\"vertical-align: top; text-align : left; background-color: white; border: 0px #F0F0F0 solid; padding:0px 4px 0px 4px\" class=\"hierarchy\">\n            <a href=\"http://hl7.org/fhir/R4/references.html\">Reference</a>(https://www.ehealth.fgov.be/standards/fhir/StructureDefinition/be-practitioner)</td>\n          <td style=\"vertical-align: top; text-align : left; background-color: white; border: 0px #F0F0F0 solid; padding:0px 4px 0px 4px\" class=\"hierarchy\"/>\n        </tr>\n        <tr style=\"border: 0px #F0F0F0 solid; padding:0px; vertical-align: top; background-color: #F7F7F7;\">\n          <td style=\"vertical-align: top; text-align : left; background-color: #F7F7F7; border: 0px #F0F0F0 solid; padding:0px 4px 0px 4px; white-space: nowrap; background-image: url(tbl_bck10.png)\" class=\"hierarchy\">\n            <img src=\"tbl_spacer.png\" alt=\".\" style=\"background-color: inherit\" class=\"hierarchy\"/>\n            <img src=\"tbl_vjoin.png\" alt=\".\" style=\"background-color: inherit\" class=\"hierarchy\"/>\n            <img src=\"icon_reference.png\" alt=\".\" style=\"background-color: #F7F7F7; background-color: inherit\" title=\"Reference to another Resource\" class=\"hierarchy\"/>\n            <a href=\"StructureDefinition-be-model-referralprescription-definitions.html#BeReferralPrescription.patient\">patient</a>\n            <a name=\"BeReferralPrescription.patient\"/>\n          </td>\n          <td style=\"vertical-align: top; text-align : left; background-color: #F7F7F7; border: 0px #F0F0F0 solid; padding:0px 4px 0px 4px\" class=\"hierarchy\"/>\n          <td style=\"vertical-align: top; text-align : left; background-color: #F7F7F7; border: 0px #F0F0F0 solid; padding:0px 4px 0px 4px\" class=\"hierarchy\">1..1</td>\n          <td style=\"vertical-align: top; text-align : left; background-color: #F7F7F7; border: 0px #F0F0F0 solid; padding:0px 4px 0px 4px\" class=\"hierarchy\">\n            <a href=\"http://hl7.org/fhir/R4/references.html\">Reference</a>(https://www.ehealth.fgov.be/standards/fhir/StructureDefinition/be-patient)</td>\n          <td style=\"vertical-align: top; text-align : left; background-color: #F7F7F7; border: 0px #F0F0F0 solid; padding:0px 4px 0px 4px\" class=\"hierarchy\"/>\n        </tr>\n        <tr style=\"border: 0px #F0F0F0 solid; padding:0px; vertical-align: top; background-color: white;\">\n          <td style=\"vertical-align: top; text-align : left; background-color: white; border: 0px #F0F0F0 solid; padding:0px 4px 0px 4px; white-space: nowrap; background-image: url(tbl_bck00.png)\" class=\"hierarchy\">\n            <img src=\"tbl_spacer.png\" alt=\".\" style=\"background-color: inherit\" class=\"hierarchy\"/>\n            <img src=\"tbl_vjoin_end.png\" alt=\".\" style=\"background-color: inherit\" class=\"hierarchy\"/>\n            <img src=\"icon_reference.png\" alt=\".\" style=\"background-color: white; background-color: inherit\" title=\"Reference to another Resource\" class=\"hierarchy\"/>\n            <a href=\"StructureDefinition-be-model-referralprescription-definitions.html#BeReferralPrescription.service\">service</a>\n            <a name=\"BeReferralPrescription.service\"/>\n          </td>\n          <td style=\"vertical-align: top; text-align : left; background-color: white; border: 0px #F0F0F0 solid; padding:0px 4px 0px 4px\" class=\"hierarchy\"/>\n          <td style=\"vertical-align: top; text-align : left; background-color: white; border: 0px #F0F0F0 solid; padding:0px 4px 0px 4px\" class=\"hierarchy\">1..1</td>\n          <td style=\"vertical-align: top; text-align : left; background-color: white; border: 0px #F0F0F0 solid; padding:0px 4px 0px 4px\" class=\"hierarchy\">\n            <a href=\"http://hl7.org/fhir/R4/references.html\">Reference</a>(<a href=\"http://hl7.org/fhir/R4/servicerequest.html\">ServiceRequest</a>)</td>\n          <td style=\"vertical-align: top; text-align : left; background-color: white; border: 0px #F0F0F0 solid; padding:0px 4px 0px 4px\" class=\"hierarchy\"/>\n        </tr>\n        <tr>\n          <td colspan=\"5\" class=\"hierarchy\">\n            <br/>\n            <a href=\"http://hl7.org/fhir/R4/formats.html#table\" title=\"Legend for this format\">\n              <img src=\"http://hl7.org/fhir/R4/help16.png\" alt=\"doco\" style=\"background-color: inherit\"/> Documentation for this format</a>\n          </td>\n        </tr>\n      </table>\n    </div>"
  },
  "url": "https://www.ehealth.fgov.be/standards/fhir/StructureDefinition/be-model-referralprescription",
  "version": "0.1.0",
  "name": "BeReferralPrescription",
  "status": "draft",
  "date": "2020-05-12T13:07:15+00:00",
  "publisher": "RIZIV-INAMI",
  "contact": [
    {
      "telecom": [
        {
          "system": "url",
          "value": "http://somewhere.org"
        }
      ]
    }
  ],
  "description": "Logical model describing the model for the prescription referral. This draft is used in the HL7 Belgian workgroup for referral.",
  "jurisdiction": [
    {
      "coding": [
        {
          "system": "http://unstats.un.org/unsd/methods/m49/m49.htm",
          "code": "056"
        },
        {
          "system": "urn:iso:std:iso:3166",
          "code": "BE"
        }
      ]
    }
  ],
  "fhirVersion": "4.0.1",
  "kind": "logical",
  "abstract": false,
  "type": "BeReferralPrescription",
  "baseDefinition": "http://hl7.org/fhir/StructureDefinition/Base",
  "derivation": "specialization",
  "snapshot": {
    "element": [
      {
        "id": "BeReferralPrescription",
        "path": "BeReferralPrescription",
        "min": 0,
        "max": "*",
        "base": {
          "path": "Base",
          "min": 0,
          "max": "*"
        },
        "isModifier": false
      },
      {
        "id": "BeReferralPrescription.prescriber",
        "path": "BeReferralPrescription.prescriber",
        "short": "The NIHDI of the prescribing healthcare party",
        "min": 1,
        "max": "1",
        "base": {
          "path": "BeReferralPrescription.prescriber",
          "min": 1,
          "max": "1"
        },
        "type": [
          {
            "code": "Reference"
          }
        ]
      },
      {
        "id": "BeReferralPrescription.co-prescriber",
        "path": "BeReferralPrescription.co-prescriber",
        "short": "Information about co prescribers",
        "min": 0,
        "max": "*",
        "base": {
          "path": "BeReferralPrescription.co-prescriber",
          "min": 0,
          "max": "*"
        },
        "type": [
          {
            "code": "BackboneElement"
          }
        ]
      },
      {
        "id": "BeReferralPrescription.co-prescriber.co-prescriber",
        "path": "BeReferralPrescription.co-prescriber.co-prescriber",
        "short": "NIHDI of co prescriber party",
        "min": 1,
        "max": "1",
        "base": {
          "path": "BeReferralPrescription.co-prescriber.co-prescriber",
          "min": 1,
          "max": "1"
        },
        "type": [
          {
            "code": "Reference"
          }
        ]
      },
      {
        "id": "BeReferralPrescription.co-prescriber.co-prescriberSubstitute",
        "path": "BeReferralPrescription.co-prescriber.co-prescriberSubstitute",
        "short": "NIHDI of co prescriber substitute party",
        "min": 0,
        "max": "1",
        "base": {
          "path": "BeReferralPrescription.co-prescriber.co-prescriberSubstitute",
          "min": 0,
          "max": "1"
        },
        "type": [
          {
            "code": "Reference"
          }
        ]
      },
      {
        "id": "BeReferralPrescription.co-prescriber.status",
        "path": "BeReferralPrescription.co-prescriber.status",
        "short": "Status of co prescribing status (to sign, signed or refused)",
        "min": 1,
        "max": "1",
        "base": {
          "path": "BeReferralPrescription.co-prescriber.status",
          "min": 1,
          "max": "1"
        },
        "type": [
          {
            "code": "code",
            "profile": [
              "http://hl7.org/fhir/StructureDefinition/code"
            ]
          }
        ]
      },
      {
        "id": "BeReferralPrescription.patient",
        "path": "BeReferralPrescription.patient",
        "short": "The SSIN of the person for which the referral is prescribed.",
        "min": 1,
        "max": "1",
        "base": {
          "path": "BeReferralPrescription.patient",
          "min": 1,
          "max": "1"
        },
        "type": [
          {
            "code": "Reference"
          }
        ]
      },
      {
        "id": "BeReferralPrescription.provider",
        "path": "BeReferralPrescription.provider",
        "short": "A reference to the provider party (e.g. a NIHDI number for a healthcare professional, a SSIN or only a displaystring for a non professional caregiver,...)",
        "min": 0,
        "max": "*",
        "base": {
          "path": "BeReferralPrescription.provider",
          "min": 0,
          "max": "*"
        },
        "type": [
          {
            "code": "Reference"
          }
        ]
      },
      {
        "id": "BeReferralPrescription.disciplineProvider",
        "path": "BeReferralPrescription.disciplineProvider",
        "short": "Required discipline of the provider party",
        "min": 1,
        "max": "1",
        "base": {
          "path": "BeReferralPrescription.disciplineProvider",
          "min": 1,
          "max": "1"
        },
        "type": [
          {
            "code": "CodeableConcept",
            "profile": [
              "http://hl7.org/fhir/StructureDefinition/CodeableConcept"
            ]
          }
        ]
      },
      {
        "id": "BeReferralPrescription.timestampCreation",
        "path": "BeReferralPrescription.timestampCreation",
        "short": "When this prescription was created",
        "min": 1,
        "max": "1",
        "base": {
          "path": "BeReferralPrescription.timestampCreation",
          "min": 1,
          "max": "1"
        },
        "type": [
          {
            "code": "dateTime",
            "profile": [
              "http://hl7.org/fhir/StructureDefinition/dateTime"
            ]
          }
        ]
      },
      {
        "id": "BeReferralPrescription.status",
        "path": "BeReferralPrescription.status",
        "short": "Current status",
        "min": 1,
        "max": "1",
        "base": {
          "path": "BeReferralPrescription.status",
          "min": 1,
          "max": "1"
        },
        "type": [
          {
            "code": "code",
            "profile": [
              "http://hl7.org/fhir/StructureDefinition/code"
            ]
          }
        ],
        "binding": {
          "strength": "required",
          "valueSet": "http://hl7.org/fhir/ValueSet/request-status"
        }
      },
      {
        "id": "BeReferralPrescription.reasonCurrentStatus",
        "path": "BeReferralPrescription.reasonCurrentStatus",
        "min": 1,
        "max": "1",
        "base": {
          "path": "BeReferralPrescription.reasonCurrentStatus",
          "min": 1,
          "max": "1"
        },
        "type": [
          {
            "code": "CodeableConcept",
            "profile": [
              "http://hl7.org/fhir/StructureDefinition/CodeableConcept"
            ]
          }
        ]
      },
      {
        "id": "BeReferralPrescription.uhmepIdentifier",
        "path": "BeReferralPrescription.uhmepIdentifier",
        "short": "Reference ID of the UHMEP once available there",
        "min": 0,
        "max": "1",
        "base": {
          "path": "BeReferralPrescription.uhmepIdentifier",
          "min": 0,
          "max": "1"
        },
        "type": [
          {
            "code": "Identifier",
            "profile": [
              "http://hl7.org/fhir/StructureDefinition/Identifier"
            ]
          }
        ]
      },
      {
        "id": "BeReferralPrescription.validityPeriod",
        "path": "BeReferralPrescription.validityPeriod",
        "short": "Period of validity of prescription",
        "min": 1,
        "max": "1",
        "base": {
          "path": "BeReferralPrescription.validityPeriod",
          "min": 1,
          "max": "1"
        },
        "type": [
          {
            "code": "Period",
            "profile": [
              "http://hl7.org/fhir/StructureDefinition/Period"
            ]
          }
        ]
      },
      {
        "id": "BeReferralPrescription.executionPeriod",
        "path": "BeReferralPrescription.executionPeriod",
        "short": "When this prescription is executed, available after start of execution",
        "min": 0,
        "max": "1",
        "base": {
          "path": "BeReferralPrescription.executionPeriod",
          "min": 0,
          "max": "1"
        },
        "type": [
          {
            "code": "Period",
            "profile": [
              "http://hl7.org/fhir/StructureDefinition/Period"
            ]
          }
        ]
      },
      {
        "id": "BeReferralPrescription.prescribedService",
        "path": "BeReferralPrescription.prescribedService",
        "short": "What is prescribed",
        "min": 1,
        "max": "1",
        "base": {
          "path": "BeReferralPrescription.prescribedService",
          "min": 1,
          "max": "1"
        },
        "type": [
          {
            "code": "CodeableConcept",
            "profile": [
              "http://hl7.org/fhir/StructureDefinition/CodeableConcept"
            ]
          }
        ]
      },
      {
        "id": "BeReferralPrescription.resultReceiver",
        "path": "BeReferralPrescription.resultReceiver",
        "short": "Parties that shall be informed of the results of the prescription other then the prescriber.",
        "min": 0,
        "max": "*",
        "base": {
          "path": "BeReferralPrescription.resultReceiver",
          "min": 0,
          "max": "*"
        },
        "type": [
          {
            "code": "Reference"
          }
        ]
      }
    ]
  },
  "differential": {
    "element": [
      {
        "id": "BeReferralPrescription",
        "path": "BeReferralPrescription",
        "min": 0,
        "max": "*"
      },
      {
        "id": "BeReferralPrescription.prescriber",
        "path": "BeReferralPrescription.prescriber",
        "short": "The NIHDI of the prescribing healthcare party",
        "min": 1,
        "max": "1",
        "type": [
          {
            "code": "Reference"
          }
        ]
      },
      {
        "id": "BeReferralPrescription.co-prescriber",
        "path": "BeReferralPrescription.co-prescriber",
        "short": "Information about co prescribers",
        "min": 0,
        "max": "*",
        "type": [
          {
            "code": "BackboneElement"
          }
        ]
      },
      {
        "id": "BeReferralPrescription.co-prescriber.co-prescriber",
        "path": "BeReferralPrescription.co-prescriber.co-prescriber",
        "short": "NIHDI of co prescriber party",
        "min": 1,
        "max": "1",
        "type": [
          {
            "code": "Reference"
          }
        ]
      },
      {
        "id": "BeReferralPrescription.co-prescriber.co-prescriberSubstitute",
        "path": "BeReferralPrescription.co-prescriber.co-prescriberSubstitute",
        "short": "NIHDI of co prescriber substitute party",
        "min": 0,
        "max": "1",
        "type": [
          {
            "code": "Reference"
          }
        ]
      },
      {
        "id": "BeReferralPrescription.co-prescriber.status",
        "path": "BeReferralPrescription.co-prescriber.status",
        "short": "Status of co prescribing status (to sign, signed or refused)",
        "min": 1,
        "max": "1",
        "type": [
          {
            "code": "code",
            "profile": [
              "http://hl7.org/fhir/StructureDefinition/code"
            ]
          }
        ]
      },
      {
        "id": "BeReferralPrescription.patient",
        "path": "BeReferralPrescription.patient",
        "short": "The SSIN of the person for which the referral is prescribed.",
        "min": 1,
        "max": "1",
        "type": [
          {
            "code": "Reference"
          }
        ]
      },
      {
        "id": "BeReferralPrescription.provider",
        "path": "BeReferralPrescription.provider",
        "short": "A reference to the provider party (e.g. a NIHDI number for a healthcare professional, a SSIN or only a displaystring for a non professional caregiver,...)",
        "min": 0,
        "max": "*",
        "type": [
          {
            "code": "Reference"
          }
        ]
      },
      {
        "id": "BeReferralPrescription.disciplineProvider",
        "path": "BeReferralPrescription.disciplineProvider",
        "short": "Required discipline of the provider party",
        "min": 1,
        "max": "1",
        "type": [
          {
            "code": "CodeableConcept",
            "profile": [
              "http://hl7.org/fhir/StructureDefinition/CodeableConcept"
            ]
          }
        ]
      },
      {
        "id": "BeReferralPrescription.timestampCreation",
        "path": "BeReferralPrescription.timestampCreation",
        "short": "When this prescription was created",
        "min": 1,
        "max": "1",
        "type": [
          {
            "code": "dateTime",
            "profile": [
              "http://hl7.org/fhir/StructureDefinition/dateTime"
            ]
          }
        ]
      },
      {
        "id": "BeReferralPrescription.status",
        "path": "BeReferralPrescription.status",
        "short": "Current status",
        "min": 1,
        "max": "1",
        "type": [
          {
            "code": "code",
            "profile": [
              "http://hl7.org/fhir/StructureDefinition/code"
            ]
          }
        ],
        "binding": {
          "strength": "required",
          "valueSet": "http://hl7.org/fhir/ValueSet/request-status"
        }
      },
      {
        "id": "BeReferralPrescription.reasonCurrentStatus",
        "path": "BeReferralPrescription.reasonCurrentStatus",
        "min": 1,
        "max": "1",
        "type": [
          {
            "code": "CodeableConcept",
            "profile": [
              "http://hl7.org/fhir/StructureDefinition/CodeableConcept"
            ]
          }
        ]
      },
      {
        "id": "BeReferralPrescription.uhmepIdentifier",
        "path": "BeReferralPrescription.uhmepIdentifier",
        "short": "Reference ID of the UHMEP once available there",
        "min": 0,
        "max": "1",
        "type": [
          {
            "code": "Identifier",
            "profile": [
              "http://hl7.org/fhir/StructureDefinition/Identifier"
            ]
          }
        ]
      },
      {
        "id": "BeReferralPrescription.validityPeriod",
        "path": "BeReferralPrescription.validityPeriod",
        "short": "Period of validity of prescription",
        "min": 1,
        "max": "1",
        "type": [
          {
            "code": "Period",
            "profile": [
              "http://hl7.org/fhir/StructureDefinition/Period"
            ]
          }
        ]
      },
      {
        "id": "BeReferralPrescription.executionPeriod",
        "path": "BeReferralPrescription.executionPeriod",
        "short": "When this prescription is executed, available after start of execution",
        "min": 0,
        "max": "1",
        "type": [
          {
            "code": "Period",
            "profile": [
              "http://hl7.org/fhir/StructureDefinition/Period"
            ]
          }
        ]
      },
      {
        "id": "BeReferralPrescription.prescribedService",
        "path": "BeReferralPrescription.prescribedService",
        "short": "What is prescribed",
        "min": 1,
        "max": "1",
        "type": [
          {
            "code": "CodeableConcept",
            "profile": [
              "http://hl7.org/fhir/StructureDefinition/CodeableConcept"
            ]
          }
        ]
      },
      {
        "id": "BeReferralPrescription.resultReceiver",
        "path": "BeReferralPrescription.resultReceiver",
        "short": "Parties that shall be informed of the results of the prescription other then the prescriber.",
        "min": 0,
        "max": "*",
        "type": [
          {
            "code": "Reference"
          }
        ]
      }
    ]
  }
}